

Microchip MPLAB XC8 Assembler V3.00 build 20241204225717 
                                                                                               Sun Mar 29 14:47:20 2026

Microchip MPLAB XC8 C Compiler v3.00 (Free license) build 20241204225717 Og1 
     1                           	processor	16F18855
     2                           	pagewidth 120
     3                           	opt	flic
     4                           	psect	idataBANK0,global,class=CODE,space=0,delta=2,noexec
     5                           	psect	idataBANK1,global,class=CODE,space=0,delta=2,noexec
     6                           	psect	stringtext1,global,class=STRCODE,space=0,delta=2,noexec
     7                           	psect	stringtext2,global,class=STRCODE,space=0,delta=2,noexec
     8                           	psect	cinit,global,class=CODE,space=0,merge=1,delta=2
     9                           	psect	bssCOMMON,global,class=COMMON,space=1,delta=1,noexec
    10                           	psect	bssBANK0,global,class=BANK0,space=1,delta=1,noexec
    11                           	psect	dataBANK0,global,class=BANK0,space=1,delta=1,noexec
    12                           	psect	dataBANK1,global,class=BANK1,space=1,delta=1,noexec
    13                           	psect	inittext,global,class=CODE,space=0,delta=2
    14                           	psect	clrtext,global,class=CODE,space=0,delta=2
    15                           	psect	cstackBANK2,global,class=BANK2,space=1,delta=1,noexec
    16                           	psect	cstackCOMMON,global,class=COMMON,space=1,delta=1,noexec
    17                           	psect	cstackBANK0,global,class=BANK0,space=1,delta=1,noexec
    18                           	psect	maintext,global,class=CODE,space=0,merge=1,split=1,delta=2
    19                           	psect	text1,local,class=CODE,space=0,merge=1,delta=2
    20                           	psect	text2,local,class=CODE,space=0,merge=1,delta=2,group=1
    21                           	psect	text3,local,class=CODE,space=0,merge=1,delta=2
    22                           	psect	text4,local,class=CODE,space=0,merge=1,delta=2
    23                           	psect	text5,local,class=CODE,space=0,merge=1,delta=2
    24                           	psect	text6,local,class=CODE,space=0,merge=1,delta=2
    25                           	psect	text7,local,class=CODE,space=0,merge=1,delta=2
    26                           	psect	text8,local,class=CODE,space=0,merge=1,delta=2
    27                           	psect	text9,local,class=CODE,space=0,merge=1,delta=2
    28                           	psect	text10,local,class=CODE,space=0,merge=1,delta=2
    29                           	psect	text11,local,class=CODE,space=0,merge=1,delta=2
    30                           	psect	text12,local,class=CODE,space=0,merge=1,delta=2
    31                           	psect	text13,local,class=CODE,space=0,merge=1,delta=2
    32                           	psect	text14,local,class=CODE,space=0,merge=1,delta=2
    33                           	psect	intentry,global,class=CODE,space=0,delta=2
    34                           	psect	config,global,abs,ovrld,class=CONFIG,space=4,delta=2,noexec
    35                           	dabs	1,0x7E,2
    36     0000                     
    37                           ; Generated 21/06/2023 GMT
    38                           ; 
    39                           ; Copyright © 2023, Microchip Technology Inc. and its subsidiaries ("Microchip")
    40                           ; All rights reserved.
    41                           ; 
    42                           ; This software is developed by Microchip Technology Inc. and its subsidiaries ("Microch
      +                          ip").
    43                           ; 
    44                           ; Redistribution and use in source and binary forms, with or without modification, are
    45                           ; permitted provided that the following conditions are met:
    46                           ; 
    47                           ;     1. Redistributions of source code must retain the above copyright notice, this lis
      +                          t of
    48                           ;        conditions and the following disclaimer.
    49                           ; 
    50                           ;     2. Redistributions in binary form must reproduce the above copyright notice, this 
      +                          list
    51                           ;        of conditions and the following disclaimer in the documentation and/or other
    52                           ;        materials provided with the distribution. Publication is not required when
    53                           ;        this file is used in an embedded application.
    54                           ; 
    55                           ;     3. Microchip's name may not be used to endorse or promote products derived from th
      +                          is
    56                           ;        software without specific prior written permission.
    57                           ; 
    58                           ; THIS SOFTWARE IS PROVIDED BY MICROCHIP "AS IS" AND ANY EXPRESS OR IMPLIED WARRANTIES,
    59                           ; INCLUDING, BUT NOT LIMITED TO, THE IMPLIED WARRANTIES OF MERCHANTABILITY AND FITNESS F
      +                          OR
    60                           ; PURPOSE ARE DISCLAIMED.  IN NO EVENT SHALL MICROCHIP BE LIABLE FOR ANY DIRECT, INDIREC
      +                          T,
    61                           ; INCIDENTAL, SPECIAL, EXEMPLARY, OR CONSEQUENTIAL DAMAGES (INCLUDING BUT NOT LIMITED TO
    62                           ; PROCUREMENT OF SUBSTITUTE GOODS OR SERVICES; LOSS OF USE, DATA OR PROFITS; OR BUSINESS
    63                           ; INTERRUPTION) HOWSOEVER CAUSED AND ON ANY THEORY OF LIABILITY, WHETHER IN CONTRACT, ST
      +                          RICT
    64                           ; LIABILITY, OR TORT (INCLUDING NEGLIGENCE OR OTHERWISE) ARISING IN ANY WAY OUT OF THE U
      +                          SE OF
    65                           ; THIS SOFTWARE, EVEN IF ADVISED OF THE POSSIBILITY OF SUCH DAMAGE.
    66                           ; 
    67                           ; 
    68                           ; Code-generator required, PIC16F18855 Definitions
    69                           ; 
    70                           ; SFR Addresses
    71     0008                     bsr             equ	8
    72     0005                     fsr0h           equ	5
    73     0004                     fsr0l           equ	4
    74     0007                     fsr1h           equ	7
    75     0006                     fsr1l           equ	6
    76     0000                     indf            equ	0
    77     0000                     indf0           equ	0
    78     0001                     indf1           equ	1
    79     000B                     intcon          equ	11
    80     0002                     pc              equ	2
    81     0002                     pcl             equ	2
    82     000A                     pclath          equ	10
    83     0003                     status          equ	3
    84     0009                     wreg            equ	9
    85     0000                     INDF0           equ	0	;# 
    86     0001                     INDF1           equ	1	;# 
    87     0002                     PCL             equ	2	;# 
    88     0003                     STATUS          equ	3	;# 
    89     0004                     FSR0L           equ	4	;# 
    90     0005                     FSR0H           equ	5	;# 
    91     0006                     FSR1L           equ	6	;# 
    92     0007                     FSR1H           equ	7	;# 
    93     0008                     BSR             equ	8	;# 
    94     0009                     WREG            equ	9	;# 
    95     000A                     PCLATH          equ	10	;# 
    96     000B                     INTCON          equ	11	;# 
    97     000C                     PORTA           equ	12	;# 
    98     000D                     PORTB           equ	13	;# 
    99     000E                     PORTC           equ	14	;# 
   100     0010                     PORTE           equ	16	;# 
   101     0011                     TRISA           equ	17	;# 
   102     0012                     TRISB           equ	18	;# 
   103     0013                     TRISC           equ	19	;# 
   104     0016                     LATA            equ	22	;# 
   105     0017                     LATB            equ	23	;# 
   106     0018                     LATC            equ	24	;# 
   107     001C                     TMR0L           equ	28	;# 
   108     001C                     TMR0            equ	28	;# 
   109     001D                     TMR0H           equ	29	;# 
   110     001D                     PR0             equ	29	;# 
   111     001E                     T0CON0          equ	30	;# 
   112     001F                     T0CON1          equ	31	;# 
   113     008C                     ADRES           equ	140	;# 
   114     008C                     ADRESL          equ	140	;# 
   115     008D                     ADRESH          equ	141	;# 
   116     008E                     ADPREV          equ	142	;# 
   117     008E                     ADPREVL         equ	142	;# 
   118     008F                     ADPREVH         equ	143	;# 
   119     0090                     ADACC           equ	144	;# 
   120     0090                     ADACCL          equ	144	;# 
   121     0091                     ADACCH          equ	145	;# 
   122     0093                     ADCON0          equ	147	;# 
   123     0094                     ADCON1          equ	148	;# 
   124     0095                     ADCON2          equ	149	;# 
   125     0096                     ADCON3          equ	150	;# 
   126     0097                     ADSTAT          equ	151	;# 
   127     0098                     ADCLK           equ	152	;# 
   128     0099                     ADACT           equ	153	;# 
   129     009A                     ADREF           equ	154	;# 
   130     009B                     ADCAP           equ	155	;# 
   131     009C                     ADPRE           equ	156	;# 
   132     009D                     ADACQ           equ	157	;# 
   133     009E                     ADPCH           equ	158	;# 
   134     010C                     ADCNT           equ	268	;# 
   135     010D                     ADRPT           equ	269	;# 
   136     010E                     ADLTH           equ	270	;# 
   137     010E                     ADLTHL          equ	270	;# 
   138     010F                     ADLTHH          equ	271	;# 
   139     0110                     ADUTH           equ	272	;# 
   140     0110                     ADUTHL          equ	272	;# 
   141     0111                     ADUTHH          equ	273	;# 
   142     0112                     ADSTPT          equ	274	;# 
   143     0112                     ADSTPTL         equ	274	;# 
   144     0113                     ADSTPTH         equ	275	;# 
   145     0114                     ADFLTR          equ	276	;# 
   146     0114                     ADFLTRL         equ	276	;# 
   147     0115                     ADFLTRH         equ	277	;# 
   148     0116                     ADERR           equ	278	;# 
   149     0116                     ADERRL          equ	278	;# 
   150     0117                     ADERRH          equ	279	;# 
   151     0119                     RC1REG          equ	281	;# 
   152     0119                     RCREG           equ	281	;# 
   153     0119                     RCREG1          equ	281	;# 
   154     011A                     TX1REG          equ	282	;# 
   155     011A                     TXREG1          equ	282	;# 
   156     011A                     TXREG           equ	282	;# 
   157     011B                     SP1BRG          equ	283	;# 
   158     011B                     SP1BRGL         equ	283	;# 
   159     011B                     SPBRG           equ	283	;# 
   160     011B                     SPBRG1          equ	283	;# 
   161     011B                     SPBRGL          equ	283	;# 
   162     011C                     SP1BRGH         equ	284	;# 
   163     011C                     SPBRGH          equ	284	;# 
   164     011C                     SPBRGH1         equ	284	;# 
   165     011D                     RC1STA          equ	285	;# 
   166     011D                     RCSTA1          equ	285	;# 
   167     011D                     RCSTA           equ	285	;# 
   168     011E                     TX1STA          equ	286	;# 
   169     011E                     TXSTA1          equ	286	;# 
   170     011E                     TXSTA           equ	286	;# 
   171     011F                     BAUD1CON        equ	287	;# 
   172     011F                     BAUDCON1        equ	287	;# 
   173     011F                     BAUDCTL1        equ	287	;# 
   174     011F                     BAUDCON         equ	287	;# 
   175     011F                     BAUDCTL         equ	287	;# 
   176     018C                     SSP1BUF         equ	396	;# 
   177     018D                     SSP1ADD         equ	397	;# 
   178     018E                     SSP1MSK         equ	398	;# 
   179     018F                     SSP1STAT        equ	399	;# 
   180     0190                     SSP1CON1        equ	400	;# 
   181     0191                     SSP1CON2        equ	401	;# 
   182     0192                     SSP1CON3        equ	402	;# 
   183     0196                     SSP2BUF         equ	406	;# 
   184     0197                     SSP2ADD         equ	407	;# 
   185     0198                     SSP2MSK         equ	408	;# 
   186     0199                     SSP2STAT        equ	409	;# 
   187     019A                     SSP2CON1        equ	410	;# 
   188     019B                     SSP2CON2        equ	411	;# 
   189     019C                     SSP2CON3        equ	412	;# 
   190     020C                     TMR1            equ	524	;# 
   191     020C                     TMR1L           equ	524	;# 
   192     020D                     TMR1H           equ	525	;# 
   193     020E                     T1CON           equ	526	;# 
   194     020F                     T1GCON          equ	527	;# 
   195     020F                     PR1             equ	527	;# 
   196     0210                     T1GATE          equ	528	;# 
   197     0210                     TMR1GATE        equ	528	;# 
   198     0211                     T1CLK           equ	529	;# 
   199     0211                     TMR1CLK         equ	529	;# 
   200     0212                     TMR3            equ	530	;# 
   201     0212                     TMR3L           equ	530	;# 
   202     0213                     TMR3H           equ	531	;# 
   203     0214                     T3CON           equ	532	;# 
   204     0215                     T3GCON          equ	533	;# 
   205     0215                     PR3             equ	533	;# 
   206     0216                     T3GATE          equ	534	;# 
   207     0216                     TMR3GATE        equ	534	;# 
   208     0217                     T3CLK           equ	535	;# 
   209     0217                     TMR3CLK         equ	535	;# 
   210     0218                     TMR5            equ	536	;# 
   211     0218                     TMR5L           equ	536	;# 
   212     0219                     TMR5H           equ	537	;# 
   213     021A                     T5CON           equ	538	;# 
   214     021B                     T5GCON          equ	539	;# 
   215     021B                     PR5             equ	539	;# 
   216     021C                     T5GATE          equ	540	;# 
   217     021C                     TMR5GATE        equ	540	;# 
   218     021D                     T5CLK           equ	541	;# 
   219     021D                     TMR5CLK         equ	541	;# 
   220     021E                     CCPTMRS0        equ	542	;# 
   221     021F                     CCPTMRS1        equ	543	;# 
   222     028C                     T2TMR           equ	652	;# 
   223     028C                     TMR2            equ	652	;# 
   224     028D                     T2PR            equ	653	;# 
   225     028D                     PR2             equ	653	;# 
   226     028E                     T2CON           equ	654	;# 
   227     028F                     T2HLT           equ	655	;# 
   228     0290                     T2CLKCON        equ	656	;# 
   229     0290                     T2CLK           equ	656	;# 
   230     0291                     T2RST           equ	657	;# 
   231     0292                     T4TMR           equ	658	;# 
   232     0292                     TMR4            equ	658	;# 
   233     0293                     T4PR            equ	659	;# 
   234     0293                     PR4             equ	659	;# 
   235     0294                     T4CON           equ	660	;# 
   236     0295                     T4HLT           equ	661	;# 
   237     0296                     T4CLKCON        equ	662	;# 
   238     0296                     T4CLK           equ	662	;# 
   239     0297                     T4RST           equ	663	;# 
   240     0298                     T6TMR           equ	664	;# 
   241     0298                     TMR6            equ	664	;# 
   242     0299                     T6PR            equ	665	;# 
   243     0299                     PR6             equ	665	;# 
   244     029A                     T6CON           equ	666	;# 
   245     029B                     T6HLT           equ	667	;# 
   246     029C                     T6CLKCON        equ	668	;# 
   247     029C                     T6CLK           equ	668	;# 
   248     029D                     T6RST           equ	669	;# 
   249     030C                     CCPR1           equ	780	;# 
   250     030C                     CCPR1L          equ	780	;# 
   251     030D                     CCPR1H          equ	781	;# 
   252     030E                     CCP1CON         equ	782	;# 
   253     030F                     CCP1CAP         equ	783	;# 
   254     0310                     CCPR2           equ	784	;# 
   255     0310                     CCPR2L          equ	784	;# 
   256     0311                     CCPR2H          equ	785	;# 
   257     0312                     CCP2CON         equ	786	;# 
   258     0313                     CCP2CAP         equ	787	;# 
   259     0314                     CCPR3           equ	788	;# 
   260     0314                     CCPR3L          equ	788	;# 
   261     0315                     CCPR3H          equ	789	;# 
   262     0316                     CCP3CON         equ	790	;# 
   263     0317                     CCP3CAP         equ	791	;# 
   264     0318                     CCPR4           equ	792	;# 
   265     0318                     CCPR4L          equ	792	;# 
   266     0319                     CCPR4H          equ	793	;# 
   267     031A                     CCP4CON         equ	794	;# 
   268     031B                     CCP4CAP         equ	795	;# 
   269     031C                     CCPR5           equ	796	;# 
   270     031C                     CCPR5L          equ	796	;# 
   271     031D                     CCPR5H          equ	797	;# 
   272     031E                     CCP5CON         equ	798	;# 
   273     031F                     CCP5CAP         equ	799	;# 
   274     038C                     PWM6DC          equ	908	;# 
   275     038C                     PWM6DCL         equ	908	;# 
   276     038D                     PWM6DCH         equ	909	;# 
   277     038E                     PWM6CON         equ	910	;# 
   278     0390                     PWM7DC          equ	912	;# 
   279     0390                     PWM7DCL         equ	912	;# 
   280     0391                     PWM7DCH         equ	913	;# 
   281     0392                     PWM7CON         equ	914	;# 
   282     040C                     SCANLADRL       equ	1036	;# 
   283     040D                     SCANLADRH       equ	1037	;# 
   284     040E                     SCANHADRL       equ	1038	;# 
   285     040F                     SCANHADRH       equ	1039	;# 
   286     0410                     SCANCON0        equ	1040	;# 
   287     0411                     SCANTRIG        equ	1041	;# 
   288     0416                     CRCDATA         equ	1046	;# 
   289     0416                     CRCDATL         equ	1046	;# 
   290     0417                     CRCDATH         equ	1047	;# 
   291     0418                     CRCACC          equ	1048	;# 
   292     0418                     CRCACCL         equ	1048	;# 
   293     0419                     CRCACCH         equ	1049	;# 
   294     041A                     CRCSHFT         equ	1050	;# 
   295     041A                     CRCSHIFTL       equ	1050	;# 
   296     041B                     CRCSHIFTH       equ	1051	;# 
   297     041C                     CRCXOR          equ	1052	;# 
   298     041C                     CRCXORL         equ	1052	;# 
   299     041D                     CRCXORH         equ	1053	;# 
   300     041E                     CRCCON0         equ	1054	;# 
   301     041F                     CRCCON1         equ	1055	;# 
   302     048C                     SMT1TMR         equ	1164	;# 
   303     048C                     SMT1TMRL        equ	1164	;# 
   304     048D                     SMT1TMRH        equ	1165	;# 
   305     048E                     SMT1TMRU        equ	1166	;# 
   306     048F                     SMT1CPR         equ	1167	;# 
   307     048F                     SMT1CPRL        equ	1167	;# 
   308     0490                     SMT1CPRH        equ	1168	;# 
   309     0491                     SMT1CPRU        equ	1169	;# 
   310     0492                     SMT1CPW         equ	1170	;# 
   311     0492                     SMT1CPWL        equ	1170	;# 
   312     0493                     SMT1CPWH        equ	1171	;# 
   313     0494                     SMT1CPWU        equ	1172	;# 
   314     0495                     SMT1PR          equ	1173	;# 
   315     0495                     SMT1PRL         equ	1173	;# 
   316     0496                     SMT1PRH         equ	1174	;# 
   317     0497                     SMT1PRU         equ	1175	;# 
   318     0498                     SMT1CON0        equ	1176	;# 
   319     0499                     SMT1CON1        equ	1177	;# 
   320     049A                     SMT1STAT        equ	1178	;# 
   321     049B                     SMT1CLK         equ	1179	;# 
   322     049C                     SMT1SIG         equ	1180	;# 
   323     049D                     SMT1WIN         equ	1181	;# 
   324     050C                     SMT2TMR         equ	1292	;# 
   325     050C                     SMT2TMRL        equ	1292	;# 
   326     050D                     SMT2TMRH        equ	1293	;# 
   327     050E                     SMT2TMRU        equ	1294	;# 
   328     050F                     SMT2CPR         equ	1295	;# 
   329     050F                     SMT2CPRL        equ	1295	;# 
   330     0510                     SMT2CPRH        equ	1296	;# 
   331     0511                     SMT2CPRU        equ	1297	;# 
   332     0512                     SMT2CPW         equ	1298	;# 
   333     0512                     SMT2CPWL        equ	1298	;# 
   334     0513                     SMT2CPWH        equ	1299	;# 
   335     0514                     SMT2CPWU        equ	1300	;# 
   336     0515                     SMT2PR          equ	1301	;# 
   337     0515                     SMT2PRL         equ	1301	;# 
   338     0516                     SMT2PRH         equ	1302	;# 
   339     0517                     SMT2PRU         equ	1303	;# 
   340     0518                     SMT2CON0        equ	1304	;# 
   341     0519                     SMT2CON1        equ	1305	;# 
   342     051A                     SMT2STAT        equ	1306	;# 
   343     051B                     SMT2CLK         equ	1307	;# 
   344     051C                     SMT2SIG         equ	1308	;# 
   345     051D                     SMT2WIN         equ	1309	;# 
   346     058C                     NCO1ACC         equ	1420	;# 
   347     058C                     NCO1ACCL        equ	1420	;# 
   348     058D                     NCO1ACCH        equ	1421	;# 
   349     058E                     NCO1ACCU        equ	1422	;# 
   350     058F                     NCO1INC         equ	1423	;# 
   351     058F                     NCO1INCL        equ	1423	;# 
   352     0590                     NCO1INCH        equ	1424	;# 
   353     0591                     NCO1INCU        equ	1425	;# 
   354     0592                     NCO1CON         equ	1426	;# 
   355     0593                     NCO1CLK         equ	1427	;# 
   356     060C                     CWG1CLKCON      equ	1548	;# 
   357     060D                     CWG1ISM         equ	1549	;# 
   358     060E                     CWG1DBR         equ	1550	;# 
   359     060F                     CWG1DBF         equ	1551	;# 
   360     0610                     CWG1CON0        equ	1552	;# 
   361     0611                     CWG1CON1        equ	1553	;# 
   362     0612                     CWG1AS0         equ	1554	;# 
   363     0613                     CWG1AS1         equ	1555	;# 
   364     0614                     CWG1STR         equ	1556	;# 
   365     0616                     CWG2CLKCON      equ	1558	;# 
   366     0617                     CWG2ISM         equ	1559	;# 
   367     0618                     CWG2DBR         equ	1560	;# 
   368     0619                     CWG2DBF         equ	1561	;# 
   369     061A                     CWG2CON0        equ	1562	;# 
   370     061B                     CWG2CON1        equ	1563	;# 
   371     061C                     CWG2AS0         equ	1564	;# 
   372     061D                     CWG2AS1         equ	1565	;# 
   373     061E                     CWG2STR         equ	1566	;# 
   374     068C                     CWG3CLKCON      equ	1676	;# 
   375     068D                     CWG3ISM         equ	1677	;# 
   376     068E                     CWG3DBR         equ	1678	;# 
   377     068F                     CWG3DBF         equ	1679	;# 
   378     0690                     CWG3CON0        equ	1680	;# 
   379     0691                     CWG3CON1        equ	1681	;# 
   380     0692                     CWG3AS0         equ	1682	;# 
   381     0693                     CWG3AS1         equ	1683	;# 
   382     0694                     CWG3STR         equ	1684	;# 
   383     070C                     PIR0            equ	1804	;# 
   384     070D                     PIR1            equ	1805	;# 
   385     070E                     PIR2            equ	1806	;# 
   386     070F                     PIR3            equ	1807	;# 
   387     0710                     PIR4            equ	1808	;# 
   388     0711                     PIR5            equ	1809	;# 
   389     0712                     PIR6            equ	1810	;# 
   390     0713                     PIR7            equ	1811	;# 
   391     0714                     PIR8            equ	1812	;# 
   392     0716                     PIE0            equ	1814	;# 
   393     0717                     PIE1            equ	1815	;# 
   394     0718                     PIE2            equ	1816	;# 
   395     0719                     PIE3            equ	1817	;# 
   396     071A                     PIE4            equ	1818	;# 
   397     071B                     PIE5            equ	1819	;# 
   398     071C                     PIE6            equ	1820	;# 
   399     071D                     PIE7            equ	1821	;# 
   400     071E                     PIE8            equ	1822	;# 
   401     0796                     PMD0            equ	1942	;# 
   402     0797                     PMD1            equ	1943	;# 
   403     0798                     PMD2            equ	1944	;# 
   404     0799                     PMD3            equ	1945	;# 
   405     079A                     PMD4            equ	1946	;# 
   406     079B                     PMD5            equ	1947	;# 
   407     080C                     WDTCON0         equ	2060	;# 
   408     080D                     WDTCON1         equ	2061	;# 
   409     080E                     WDTPSL          equ	2062	;# 
   410     080F                     WDTPSH          equ	2063	;# 
   411     0810                     WDTTMR          equ	2064	;# 
   412     0811                     BORCON          equ	2065	;# 
   413     0812                     VREGCON         equ	2066	;# 
   414     0813                     PCON0           equ	2067	;# 
   415     0814                     CCDCON          equ	2068	;# 
   416     081A                     NVMADRL         equ	2074	;# 
   417     081B                     NVMADRH         equ	2075	;# 
   418     081C                     NVMDATL         equ	2076	;# 
   419     081D                     NVMDATH         equ	2077	;# 
   420     081E                     NVMCON1         equ	2078	;# 
   421     081F                     NVMCON2         equ	2079	;# 
   422     088C                     CPUDOZE         equ	2188	;# 
   423     088D                     OSCCON1         equ	2189	;# 
   424     088E                     OSCCON2         equ	2190	;# 
   425     088F                     OSCCON3         equ	2191	;# 
   426     0890                     OSCSTAT         equ	2192	;# 
   427     0891                     OSCEN           equ	2193	;# 
   428     0892                     OSCTUNE         equ	2194	;# 
   429     0893                     OSCFRQ          equ	2195	;# 
   430     0895                     CLKRCON         equ	2197	;# 
   431     0896                     CLKRCLK         equ	2198	;# 
   432     0897                     MDCON0          equ	2199	;# 
   433     0898                     MDCON1          equ	2200	;# 
   434     0899                     MDSRC           equ	2201	;# 
   435     089A                     MDCARL          equ	2202	;# 
   436     089B                     MDCARH          equ	2203	;# 
   437     090C                     FVRCON          equ	2316	;# 
   438     090E                     DAC1CON0        equ	2318	;# 
   439     090F                     DAC1CON1        equ	2319	;# 
   440     091F                     ZCD1CON         equ	2335	;# 
   441     091F                     ZCDCON          equ	2335	;# 
   442     098F                     CMOUT           equ	2447	;# 
   443     098F                     CMSTAT          equ	2447	;# 
   444     0990                     CM1CON0         equ	2448	;# 
   445     0991                     CM1CON1         equ	2449	;# 
   446     0992                     CM1NSEL         equ	2450	;# 
   447     0993                     CM1PSEL         equ	2451	;# 
   448     0994                     CM2CON0         equ	2452	;# 
   449     0995                     CM2CON1         equ	2453	;# 
   450     0996                     CM2NSEL         equ	2454	;# 
   451     0997                     CM2PSEL         equ	2455	;# 
   452     0E0F                     CLCDATA         equ	3599	;# 
   453     0E10                     CLC1CON         equ	3600	;# 
   454     0E11                     CLC1POL         equ	3601	;# 
   455     0E12                     CLC1SEL0        equ	3602	;# 
   456     0E13                     CLC1SEL1        equ	3603	;# 
   457     0E14                     CLC1SEL2        equ	3604	;# 
   458     0E15                     CLC1SEL3        equ	3605	;# 
   459     0E16                     CLC1GLS0        equ	3606	;# 
   460     0E17                     CLC1GLS1        equ	3607	;# 
   461     0E18                     CLC1GLS2        equ	3608	;# 
   462     0E19                     CLC1GLS3        equ	3609	;# 
   463     0E1A                     CLC2CON         equ	3610	;# 
   464     0E1B                     CLC2POL         equ	3611	;# 
   465     0E1C                     CLC2SEL0        equ	3612	;# 
   466     0E1D                     CLC2SEL1        equ	3613	;# 
   467     0E1E                     CLC2SEL2        equ	3614	;# 
   468     0E1F                     CLC2SEL3        equ	3615	;# 
   469     0E20                     CLC2GLS0        equ	3616	;# 
   470     0E21                     CLC2GLS1        equ	3617	;# 
   471     0E22                     CLC2GLS2        equ	3618	;# 
   472     0E23                     CLC2GLS3        equ	3619	;# 
   473     0E24                     CLC3CON         equ	3620	;# 
   474     0E25                     CLC3POL         equ	3621	;# 
   475     0E26                     CLC3SEL0        equ	3622	;# 
   476     0E27                     CLC3SEL1        equ	3623	;# 
   477     0E28                     CLC3SEL2        equ	3624	;# 
   478     0E29                     CLC3SEL3        equ	3625	;# 
   479     0E2A                     CLC3GLS0        equ	3626	;# 
   480     0E2B                     CLC3GLS1        equ	3627	;# 
   481     0E2C                     CLC3GLS2        equ	3628	;# 
   482     0E2D                     CLC3GLS3        equ	3629	;# 
   483     0E2E                     CLC4CON         equ	3630	;# 
   484     0E2F                     CLC4POL         equ	3631	;# 
   485     0E30                     CLC4SEL0        equ	3632	;# 
   486     0E31                     CLC4SEL1        equ	3633	;# 
   487     0E32                     CLC4SEL2        equ	3634	;# 
   488     0E33                     CLC4SEL3        equ	3635	;# 
   489     0E34                     CLC4GLS0        equ	3636	;# 
   490     0E35                     CLC4GLS1        equ	3637	;# 
   491     0E36                     CLC4GLS2        equ	3638	;# 
   492     0E37                     CLC4GLS3        equ	3639	;# 
   493     0E8F                     PPSLOCK         equ	3727	;# 
   494     0E90                     INTPPS          equ	3728	;# 
   495     0E91                     T0CKIPPS        equ	3729	;# 
   496     0E92                     T1CKIPPS        equ	3730	;# 
   497     0E93                     T1GPPS          equ	3731	;# 
   498     0E94                     T3CKIPPS        equ	3732	;# 
   499     0E95                     T3GPPS          equ	3733	;# 
   500     0E96                     T5CKIPPS        equ	3734	;# 
   501     0E97                     T5GPPS          equ	3735	;# 
   502     0E9C                     T2AINPPS        equ	3740	;# 
   503     0E9D                     T4AINPPS        equ	3741	;# 
   504     0E9E                     T6AINPPS        equ	3742	;# 
   505     0EA1                     CCP1PPS         equ	3745	;# 
   506     0EA2                     CCP2PPS         equ	3746	;# 
   507     0EA3                     CCP3PPS         equ	3747	;# 
   508     0EA4                     CCP4PPS         equ	3748	;# 
   509     0EA5                     CCP5PPS         equ	3749	;# 
   510     0EA9                     SMT1WINPPS      equ	3753	;# 
   511     0EAA                     SMT1SIGPPS      equ	3754	;# 
   512     0EAB                     SMT2WINPPS      equ	3755	;# 
   513     0EAC                     SMT2SIGPPS      equ	3756	;# 
   514     0EB1                     CWG1PPS         equ	3761	;# 
   515     0EB2                     CWG2PPS         equ	3762	;# 
   516     0EB3                     CWG3PPS         equ	3763	;# 
   517     0EB8                     MDCARLPPS       equ	3768	;# 
   518     0EB9                     MDCARHPPS       equ	3769	;# 
   519     0EBA                     MDSRCPPS        equ	3770	;# 
   520     0EBB                     CLCIN0PPS       equ	3771	;# 
   521     0EBC                     CLCIN1PPS       equ	3772	;# 
   522     0EBD                     CLCIN2PPS       equ	3773	;# 
   523     0EBE                     CLCIN3PPS       equ	3774	;# 
   524     0EC3                     ADCACTPPS       equ	3779	;# 
   525     0EC5                     SSP1CLKPPS      equ	3781	;# 
   526     0EC6                     SSP1DATPPS      equ	3782	;# 
   527     0EC7                     SSP1SSPPS       equ	3783	;# 
   528     0EC8                     SSP2CLKPPS      equ	3784	;# 
   529     0EC9                     SSP2DATPPS      equ	3785	;# 
   530     0ECA                     SSP2SSPPS       equ	3786	;# 
   531     0ECB                     RXPPS           equ	3787	;# 
   532     0ECC                     TXPPS           equ	3788	;# 
   533     0F10                     RA0PPS          equ	3856	;# 
   534     0F11                     RA1PPS          equ	3857	;# 
   535     0F12                     RA2PPS          equ	3858	;# 
   536     0F13                     RA3PPS          equ	3859	;# 
   537     0F14                     RA4PPS          equ	3860	;# 
   538     0F15                     RA5PPS          equ	3861	;# 
   539     0F16                     RA6PPS          equ	3862	;# 
   540     0F17                     RA7PPS          equ	3863	;# 
   541     0F18                     RB0PPS          equ	3864	;# 
   542     0F19                     RB1PPS          equ	3865	;# 
   543     0F1A                     RB2PPS          equ	3866	;# 
   544     0F1B                     RB3PPS          equ	3867	;# 
   545     0F1C                     RB4PPS          equ	3868	;# 
   546     0F1D                     RB5PPS          equ	3869	;# 
   547     0F1E                     RB6PPS          equ	3870	;# 
   548     0F1F                     RB7PPS          equ	3871	;# 
   549     0F20                     RC0PPS          equ	3872	;# 
   550     0F21                     RC1PPS          equ	3873	;# 
   551     0F22                     RC2PPS          equ	3874	;# 
   552     0F23                     RC3PPS          equ	3875	;# 
   553     0F24                     RC4PPS          equ	3876	;# 
   554     0F25                     RC5PPS          equ	3877	;# 
   555     0F26                     RC6PPS          equ	3878	;# 
   556     0F27                     RC7PPS          equ	3879	;# 
   557     0F38                     ANSELA          equ	3896	;# 
   558     0F39                     WPUA            equ	3897	;# 
   559     0F3A                     ODCONA          equ	3898	;# 
   560     0F3B                     SLRCONA         equ	3899	;# 
   561     0F3C                     INLVLA          equ	3900	;# 
   562     0F3D                     IOCAP           equ	3901	;# 
   563     0F3E                     IOCAN           equ	3902	;# 
   564     0F3F                     IOCAF           equ	3903	;# 
   565     0F40                     CCDNA           equ	3904	;# 
   566     0F41                     CCDPA           equ	3905	;# 
   567     0F43                     ANSELB          equ	3907	;# 
   568     0F44                     WPUB            equ	3908	;# 
   569     0F45                     ODCONB          equ	3909	;# 
   570     0F46                     SLRCONB         equ	3910	;# 
   571     0F47                     INLVLB          equ	3911	;# 
   572     0F48                     IOCBP           equ	3912	;# 
   573     0F49                     IOCBN           equ	3913	;# 
   574     0F4A                     IOCBF           equ	3914	;# 
   575     0F4B                     CCDNB           equ	3915	;# 
   576     0F4C                     CCDPB           equ	3916	;# 
   577     0F4E                     ANSELC          equ	3918	;# 
   578     0F4F                     WPUC            equ	3919	;# 
   579     0F50                     ODCONC          equ	3920	;# 
   580     0F51                     SLRCONC         equ	3921	;# 
   581     0F52                     INLVLC          equ	3922	;# 
   582     0F53                     IOCCP           equ	3923	;# 
   583     0F54                     IOCCN           equ	3924	;# 
   584     0F55                     IOCCF           equ	3925	;# 
   585     0F56                     CCDNC           equ	3926	;# 
   586     0F57                     CCDPC           equ	3927	;# 
   587     0F65                     WPUE            equ	3941	;# 
   588     0F68                     INLVLE          equ	3944	;# 
   589     0F69                     IOCEP           equ	3945	;# 
   590     0F6A                     IOCEN           equ	3946	;# 
   591     0F6B                     IOCEF           equ	3947	;# 
   592     0FE4                     STATUS_SHAD     equ	4068	;# 
   593     0FE5                     WREG_SHAD       equ	4069	;# 
   594     0FE6                     BSR_SHAD        equ	4070	;# 
   595     0FE7                     PCLATH_SHAD     equ	4071	;# 
   596     0FE8                     FSR0L_SHAD      equ	4072	;# 
   597     0FE9                     FSR0H_SHAD      equ	4073	;# 
   598     0FEA                     FSR1L_SHAD      equ	4074	;# 
   599     0FEB                     FSR1H_SHAD      equ	4075	;# 
   600     0FED                     STKPTR          equ	4077	;# 
   601     0FEE                     TOSL            equ	4078	;# 
   602     0FEF                     TOSH            equ	4079	;# 
   603     0000                     INDF0           equ	0	;# 
   604     0001                     INDF1           equ	1	;# 
   605     0002                     PCL             equ	2	;# 
   606     0003                     STATUS          equ	3	;# 
   607     0004                     FSR0L           equ	4	;# 
   608     0005                     FSR0H           equ	5	;# 
   609     0006                     FSR1L           equ	6	;# 
   610     0007                     FSR1H           equ	7	;# 
   611     0008                     BSR             equ	8	;# 
   612     0009                     WREG            equ	9	;# 
   613     000A                     PCLATH          equ	10	;# 
   614     000B                     INTCON          equ	11	;# 
   615     000C                     PORTA           equ	12	;# 
   616     000D                     PORTB           equ	13	;# 
   617     000E                     PORTC           equ	14	;# 
   618     0010                     PORTE           equ	16	;# 
   619     0011                     TRISA           equ	17	;# 
   620     0012                     TRISB           equ	18	;# 
   621     0013                     TRISC           equ	19	;# 
   622     0016                     LATA            equ	22	;# 
   623     0017                     LATB            equ	23	;# 
   624     0018                     LATC            equ	24	;# 
   625     001C                     TMR0L           equ	28	;# 
   626     001C                     TMR0            equ	28	;# 
   627     001D                     TMR0H           equ	29	;# 
   628     001D                     PR0             equ	29	;# 
   629     001E                     T0CON0          equ	30	;# 
   630     001F                     T0CON1          equ	31	;# 
   631     008C                     ADRES           equ	140	;# 
   632     008C                     ADRESL          equ	140	;# 
   633     008D                     ADRESH          equ	141	;# 
   634     008E                     ADPREV          equ	142	;# 
   635     008E                     ADPREVL         equ	142	;# 
   636     008F                     ADPREVH         equ	143	;# 
   637     0090                     ADACC           equ	144	;# 
   638     0090                     ADACCL          equ	144	;# 
   639     0091                     ADACCH          equ	145	;# 
   640     0093                     ADCON0          equ	147	;# 
   641     0094                     ADCON1          equ	148	;# 
   642     0095                     ADCON2          equ	149	;# 
   643     0096                     ADCON3          equ	150	;# 
   644     0097                     ADSTAT          equ	151	;# 
   645     0098                     ADCLK           equ	152	;# 
   646     0099                     ADACT           equ	153	;# 
   647     009A                     ADREF           equ	154	;# 
   648     009B                     ADCAP           equ	155	;# 
   649     009C                     ADPRE           equ	156	;# 
   650     009D                     ADACQ           equ	157	;# 
   651     009E                     ADPCH           equ	158	;# 
   652     010C                     ADCNT           equ	268	;# 
   653     010D                     ADRPT           equ	269	;# 
   654     010E                     ADLTH           equ	270	;# 
   655     010E                     ADLTHL          equ	270	;# 
   656     010F                     ADLTHH          equ	271	;# 
   657     0110                     ADUTH           equ	272	;# 
   658     0110                     ADUTHL          equ	272	;# 
   659     0111                     ADUTHH          equ	273	;# 
   660     0112                     ADSTPT          equ	274	;# 
   661     0112                     ADSTPTL         equ	274	;# 
   662     0113                     ADSTPTH         equ	275	;# 
   663     0114                     ADFLTR          equ	276	;# 
   664     0114                     ADFLTRL         equ	276	;# 
   665     0115                     ADFLTRH         equ	277	;# 
   666     0116                     ADERR           equ	278	;# 
   667     0116                     ADERRL          equ	278	;# 
   668     0117                     ADERRH          equ	279	;# 
   669     0119                     RC1REG          equ	281	;# 
   670     0119                     RCREG           equ	281	;# 
   671     0119                     RCREG1          equ	281	;# 
   672     011A                     TX1REG          equ	282	;# 
   673     011A                     TXREG1          equ	282	;# 
   674     011A                     TXREG           equ	282	;# 
   675     011B                     SP1BRG          equ	283	;# 
   676     011B                     SP1BRGL         equ	283	;# 
   677     011B                     SPBRG           equ	283	;# 
   678     011B                     SPBRG1          equ	283	;# 
   679     011B                     SPBRGL          equ	283	;# 
   680     011C                     SP1BRGH         equ	284	;# 
   681     011C                     SPBRGH          equ	284	;# 
   682     011C                     SPBRGH1         equ	284	;# 
   683     011D                     RC1STA          equ	285	;# 
   684     011D                     RCSTA1          equ	285	;# 
   685     011D                     RCSTA           equ	285	;# 
   686     011E                     TX1STA          equ	286	;# 
   687     011E                     TXSTA1          equ	286	;# 
   688     011E                     TXSTA           equ	286	;# 
   689     011F                     BAUD1CON        equ	287	;# 
   690     011F                     BAUDCON1        equ	287	;# 
   691     011F                     BAUDCTL1        equ	287	;# 
   692     011F                     BAUDCON         equ	287	;# 
   693     011F                     BAUDCTL         equ	287	;# 
   694     018C                     SSP1BUF         equ	396	;# 
   695     018D                     SSP1ADD         equ	397	;# 
   696     018E                     SSP1MSK         equ	398	;# 
   697     018F                     SSP1STAT        equ	399	;# 
   698     0190                     SSP1CON1        equ	400	;# 
   699     0191                     SSP1CON2        equ	401	;# 
   700     0192                     SSP1CON3        equ	402	;# 
   701     0196                     SSP2BUF         equ	406	;# 
   702     0197                     SSP2ADD         equ	407	;# 
   703     0198                     SSP2MSK         equ	408	;# 
   704     0199                     SSP2STAT        equ	409	;# 
   705     019A                     SSP2CON1        equ	410	;# 
   706     019B                     SSP2CON2        equ	411	;# 
   707     019C                     SSP2CON3        equ	412	;# 
   708     020C                     TMR1            equ	524	;# 
   709     020C                     TMR1L           equ	524	;# 
   710     020D                     TMR1H           equ	525	;# 
   711     020E                     T1CON           equ	526	;# 
   712     020F                     T1GCON          equ	527	;# 
   713     020F                     PR1             equ	527	;# 
   714     0210                     T1GATE          equ	528	;# 
   715     0210                     TMR1GATE        equ	528	;# 
   716     0211                     T1CLK           equ	529	;# 
   717     0211                     TMR1CLK         equ	529	;# 
   718     0212                     TMR3            equ	530	;# 
   719     0212                     TMR3L           equ	530	;# 
   720     0213                     TMR3H           equ	531	;# 
   721     0214                     T3CON           equ	532	;# 
   722     0215                     T3GCON          equ	533	;# 
   723     0215                     PR3             equ	533	;# 
   724     0216                     T3GATE          equ	534	;# 
   725     0216                     TMR3GATE        equ	534	;# 
   726     0217                     T3CLK           equ	535	;# 
   727     0217                     TMR3CLK         equ	535	;# 
   728     0218                     TMR5            equ	536	;# 
   729     0218                     TMR5L           equ	536	;# 
   730     0219                     TMR5H           equ	537	;# 
   731     021A                     T5CON           equ	538	;# 
   732     021B                     T5GCON          equ	539	;# 
   733     021B                     PR5             equ	539	;# 
   734     021C                     T5GATE          equ	540	;# 
   735     021C                     TMR5GATE        equ	540	;# 
   736     021D                     T5CLK           equ	541	;# 
   737     021D                     TMR5CLK         equ	541	;# 
   738     021E                     CCPTMRS0        equ	542	;# 
   739     021F                     CCPTMRS1        equ	543	;# 
   740     028C                     T2TMR           equ	652	;# 
   741     028C                     TMR2            equ	652	;# 
   742     028D                     T2PR            equ	653	;# 
   743     028D                     PR2             equ	653	;# 
   744     028E                     T2CON           equ	654	;# 
   745     028F                     T2HLT           equ	655	;# 
   746     0290                     T2CLKCON        equ	656	;# 
   747     0290                     T2CLK           equ	656	;# 
   748     0291                     T2RST           equ	657	;# 
   749     0292                     T4TMR           equ	658	;# 
   750     0292                     TMR4            equ	658	;# 
   751     0293                     T4PR            equ	659	;# 
   752     0293                     PR4             equ	659	;# 
   753     0294                     T4CON           equ	660	;# 
   754     0295                     T4HLT           equ	661	;# 
   755     0296                     T4CLKCON        equ	662	;# 
   756     0296                     T4CLK           equ	662	;# 
   757     0297                     T4RST           equ	663	;# 
   758     0298                     T6TMR           equ	664	;# 
   759     0298                     TMR6            equ	664	;# 
   760     0299                     T6PR            equ	665	;# 
   761     0299                     PR6             equ	665	;# 
   762     029A                     T6CON           equ	666	;# 
   763     029B                     T6HLT           equ	667	;# 
   764     029C                     T6CLKCON        equ	668	;# 
   765     029C                     T6CLK           equ	668	;# 
   766     029D                     T6RST           equ	669	;# 
   767     030C                     CCPR1           equ	780	;# 
   768     030C                     CCPR1L          equ	780	;# 
   769     030D                     CCPR1H          equ	781	;# 
   770     030E                     CCP1CON         equ	782	;# 
   771     030F                     CCP1CAP         equ	783	;# 
   772     0310                     CCPR2           equ	784	;# 
   773     0310                     CCPR2L          equ	784	;# 
   774     0311                     CCPR2H          equ	785	;# 
   775     0312                     CCP2CON         equ	786	;# 
   776     0313                     CCP2CAP         equ	787	;# 
   777     0314                     CCPR3           equ	788	;# 
   778     0314                     CCPR3L          equ	788	;# 
   779     0315                     CCPR3H          equ	789	;# 
   780     0316                     CCP3CON         equ	790	;# 
   781     0317                     CCP3CAP         equ	791	;# 
   782     0318                     CCPR4           equ	792	;# 
   783     0318                     CCPR4L          equ	792	;# 
   784     0319                     CCPR4H          equ	793	;# 
   785     031A                     CCP4CON         equ	794	;# 
   786     031B                     CCP4CAP         equ	795	;# 
   787     031C                     CCPR5           equ	796	;# 
   788     031C                     CCPR5L          equ	796	;# 
   789     031D                     CCPR5H          equ	797	;# 
   790     031E                     CCP5CON         equ	798	;# 
   791     031F                     CCP5CAP         equ	799	;# 
   792     038C                     PWM6DC          equ	908	;# 
   793     038C                     PWM6DCL         equ	908	;# 
   794     038D                     PWM6DCH         equ	909	;# 
   795     038E                     PWM6CON         equ	910	;# 
   796     0390                     PWM7DC          equ	912	;# 
   797     0390                     PWM7DCL         equ	912	;# 
   798     0391                     PWM7DCH         equ	913	;# 
   799     0392                     PWM7CON         equ	914	;# 
   800     040C                     SCANLADRL       equ	1036	;# 
   801     040D                     SCANLADRH       equ	1037	;# 
   802     040E                     SCANHADRL       equ	1038	;# 
   803     040F                     SCANHADRH       equ	1039	;# 
   804     0410                     SCANCON0        equ	1040	;# 
   805     0411                     SCANTRIG        equ	1041	;# 
   806     0416                     CRCDATA         equ	1046	;# 
   807     0416                     CRCDATL         equ	1046	;# 
   808     0417                     CRCDATH         equ	1047	;# 
   809     0418                     CRCACC          equ	1048	;# 
   810     0418                     CRCACCL         equ	1048	;# 
   811     0419                     CRCACCH         equ	1049	;# 
   812     041A                     CRCSHFT         equ	1050	;# 
   813     041A                     CRCSHIFTL       equ	1050	;# 
   814     041B                     CRCSHIFTH       equ	1051	;# 
   815     041C                     CRCXOR          equ	1052	;# 
   816     041C                     CRCXORL         equ	1052	;# 
   817     041D                     CRCXORH         equ	1053	;# 
   818     041E                     CRCCON0         equ	1054	;# 
   819     041F                     CRCCON1         equ	1055	;# 
   820     048C                     SMT1TMR         equ	1164	;# 
   821     048C                     SMT1TMRL        equ	1164	;# 
   822     048D                     SMT1TMRH        equ	1165	;# 
   823     048E                     SMT1TMRU        equ	1166	;# 
   824     048F                     SMT1CPR         equ	1167	;# 
   825     048F                     SMT1CPRL        equ	1167	;# 
   826     0490                     SMT1CPRH        equ	1168	;# 
   827     0491                     SMT1CPRU        equ	1169	;# 
   828     0492                     SMT1CPW         equ	1170	;# 
   829     0492                     SMT1CPWL        equ	1170	;# 
   830     0493                     SMT1CPWH        equ	1171	;# 
   831     0494                     SMT1CPWU        equ	1172	;# 
   832     0495                     SMT1PR          equ	1173	;# 
   833     0495                     SMT1PRL         equ	1173	;# 
   834     0496                     SMT1PRH         equ	1174	;# 
   835     0497                     SMT1PRU         equ	1175	;# 
   836     0498                     SMT1CON0        equ	1176	;# 
   837     0499                     SMT1CON1        equ	1177	;# 
   838     049A                     SMT1STAT        equ	1178	;# 
   839     049B                     SMT1CLK         equ	1179	;# 
   840     049C                     SMT1SIG         equ	1180	;# 
   841     049D                     SMT1WIN         equ	1181	;# 
   842     050C                     SMT2TMR         equ	1292	;# 
   843     050C                     SMT2TMRL        equ	1292	;# 
   844     050D                     SMT2TMRH        equ	1293	;# 
   845     050E                     SMT2TMRU        equ	1294	;# 
   846     050F                     SMT2CPR         equ	1295	;# 
   847     050F                     SMT2CPRL        equ	1295	;# 
   848     0510                     SMT2CPRH        equ	1296	;# 
   849     0511                     SMT2CPRU        equ	1297	;# 
   850     0512                     SMT2CPW         equ	1298	;# 
   851     0512                     SMT2CPWL        equ	1298	;# 
   852     0513                     SMT2CPWH        equ	1299	;# 
   853     0514                     SMT2CPWU        equ	1300	;# 
   854     0515                     SMT2PR          equ	1301	;# 
   855     0515                     SMT2PRL         equ	1301	;# 
   856     0516                     SMT2PRH         equ	1302	;# 
   857     0517                     SMT2PRU         equ	1303	;# 
   858     0518                     SMT2CON0        equ	1304	;# 
   859     0519                     SMT2CON1        equ	1305	;# 
   860     051A                     SMT2STAT        equ	1306	;# 
   861     051B                     SMT2CLK         equ	1307	;# 
   862     051C                     SMT2SIG         equ	1308	;# 
   863     051D                     SMT2WIN         equ	1309	;# 
   864     058C                     NCO1ACC         equ	1420	;# 
   865     058C                     NCO1ACCL        equ	1420	;# 
   866     058D                     NCO1ACCH        equ	1421	;# 
   867     058E                     NCO1ACCU        equ	1422	;# 
   868     058F                     NCO1INC         equ	1423	;# 
   869     058F                     NCO1INCL        equ	1423	;# 
   870     0590                     NCO1INCH        equ	1424	;# 
   871     0591                     NCO1INCU        equ	1425	;# 
   872     0592                     NCO1CON         equ	1426	;# 
   873     0593                     NCO1CLK         equ	1427	;# 
   874     060C                     CWG1CLKCON      equ	1548	;# 
   875     060D                     CWG1ISM         equ	1549	;# 
   876     060E                     CWG1DBR         equ	1550	;# 
   877     060F                     CWG1DBF         equ	1551	;# 
   878     0610                     CWG1CON0        equ	1552	;# 
   879     0611                     CWG1CON1        equ	1553	;# 
   880     0612                     CWG1AS0         equ	1554	;# 
   881     0613                     CWG1AS1         equ	1555	;# 
   882     0614                     CWG1STR         equ	1556	;# 
   883     0616                     CWG2CLKCON      equ	1558	;# 
   884     0617                     CWG2ISM         equ	1559	;# 
   885     0618                     CWG2DBR         equ	1560	;# 
   886     0619                     CWG2DBF         equ	1561	;# 
   887     061A                     CWG2CON0        equ	1562	;# 
   888     061B                     CWG2CON1        equ	1563	;# 
   889     061C                     CWG2AS0         equ	1564	;# 
   890     061D                     CWG2AS1         equ	1565	;# 
   891     061E                     CWG2STR         equ	1566	;# 
   892     068C                     CWG3CLKCON      equ	1676	;# 
   893     068D                     CWG3ISM         equ	1677	;# 
   894     068E                     CWG3DBR         equ	1678	;# 
   895     068F                     CWG3DBF         equ	1679	;# 
   896     0690                     CWG3CON0        equ	1680	;# 
   897     0691                     CWG3CON1        equ	1681	;# 
   898     0692                     CWG3AS0         equ	1682	;# 
   899     0693                     CWG3AS1         equ	1683	;# 
   900     0694                     CWG3STR         equ	1684	;# 
   901     070C                     PIR0            equ	1804	;# 
   902     070D                     PIR1            equ	1805	;# 
   903     070E                     PIR2            equ	1806	;# 
   904     070F                     PIR3            equ	1807	;# 
   905     0710                     PIR4            equ	1808	;# 
   906     0711                     PIR5            equ	1809	;# 
   907     0712                     PIR6            equ	1810	;# 
   908     0713                     PIR7            equ	1811	;# 
   909     0714                     PIR8            equ	1812	;# 
   910     0716                     PIE0            equ	1814	;# 
   911     0717                     PIE1            equ	1815	;# 
   912     0718                     PIE2            equ	1816	;# 
   913     0719                     PIE3            equ	1817	;# 
   914     071A                     PIE4            equ	1818	;# 
   915     071B                     PIE5            equ	1819	;# 
   916     071C                     PIE6            equ	1820	;# 
   917     071D                     PIE7            equ	1821	;# 
   918     071E                     PIE8            equ	1822	;# 
   919     0796                     PMD0            equ	1942	;# 
   920     0797                     PMD1            equ	1943	;# 
   921     0798                     PMD2            equ	1944	;# 
   922     0799                     PMD3            equ	1945	;# 
   923     079A                     PMD4            equ	1946	;# 
   924     079B                     PMD5            equ	1947	;# 
   925     080C                     WDTCON0         equ	2060	;# 
   926     080D                     WDTCON1         equ	2061	;# 
   927     080E                     WDTPSL          equ	2062	;# 
   928     080F                     WDTPSH          equ	2063	;# 
   929     0810                     WDTTMR          equ	2064	;# 
   930     0811                     BORCON          equ	2065	;# 
   931     0812                     VREGCON         equ	2066	;# 
   932     0813                     PCON0           equ	2067	;# 
   933     0814                     CCDCON          equ	2068	;# 
   934     081A                     NVMADRL         equ	2074	;# 
   935     081B                     NVMADRH         equ	2075	;# 
   936     081C                     NVMDATL         equ	2076	;# 
   937     081D                     NVMDATH         equ	2077	;# 
   938     081E                     NVMCON1         equ	2078	;# 
   939     081F                     NVMCON2         equ	2079	;# 
   940     088C                     CPUDOZE         equ	2188	;# 
   941     088D                     OSCCON1         equ	2189	;# 
   942     088E                     OSCCON2         equ	2190	;# 
   943     088F                     OSCCON3         equ	2191	;# 
   944     0890                     OSCSTAT         equ	2192	;# 
   945     0891                     OSCEN           equ	2193	;# 
   946     0892                     OSCTUNE         equ	2194	;# 
   947     0893                     OSCFRQ          equ	2195	;# 
   948     0895                     CLKRCON         equ	2197	;# 
   949     0896                     CLKRCLK         equ	2198	;# 
   950     0897                     MDCON0          equ	2199	;# 
   951     0898                     MDCON1          equ	2200	;# 
   952     0899                     MDSRC           equ	2201	;# 
   953     089A                     MDCARL          equ	2202	;# 
   954     089B                     MDCARH          equ	2203	;# 
   955     090C                     FVRCON          equ	2316	;# 
   956     090E                     DAC1CON0        equ	2318	;# 
   957     090F                     DAC1CON1        equ	2319	;# 
   958     091F                     ZCD1CON         equ	2335	;# 
   959     091F                     ZCDCON          equ	2335	;# 
   960     098F                     CMOUT           equ	2447	;# 
   961     098F                     CMSTAT          equ	2447	;# 
   962     0990                     CM1CON0         equ	2448	;# 
   963     0991                     CM1CON1         equ	2449	;# 
   964     0992                     CM1NSEL         equ	2450	;# 
   965     0993                     CM1PSEL         equ	2451	;# 
   966     0994                     CM2CON0         equ	2452	;# 
   967     0995                     CM2CON1         equ	2453	;# 
   968     0996                     CM2NSEL         equ	2454	;# 
   969     0997                     CM2PSEL         equ	2455	;# 
   970     0E0F                     CLCDATA         equ	3599	;# 
   971     0E10                     CLC1CON         equ	3600	;# 
   972     0E11                     CLC1POL         equ	3601	;# 
   973     0E12                     CLC1SEL0        equ	3602	;# 
   974     0E13                     CLC1SEL1        equ	3603	;# 
   975     0E14                     CLC1SEL2        equ	3604	;# 
   976     0E15                     CLC1SEL3        equ	3605	;# 
   977     0E16                     CLC1GLS0        equ	3606	;# 
   978     0E17                     CLC1GLS1        equ	3607	;# 
   979     0E18                     CLC1GLS2        equ	3608	;# 
   980     0E19                     CLC1GLS3        equ	3609	;# 
   981     0E1A                     CLC2CON         equ	3610	;# 
   982     0E1B                     CLC2POL         equ	3611	;# 
   983     0E1C                     CLC2SEL0        equ	3612	;# 
   984     0E1D                     CLC2SEL1        equ	3613	;# 
   985     0E1E                     CLC2SEL2        equ	3614	;# 
   986     0E1F                     CLC2SEL3        equ	3615	;# 
   987     0E20                     CLC2GLS0        equ	3616	;# 
   988     0E21                     CLC2GLS1        equ	3617	;# 
   989     0E22                     CLC2GLS2        equ	3618	;# 
   990     0E23                     CLC2GLS3        equ	3619	;# 
   991     0E24                     CLC3CON         equ	3620	;# 
   992     0E25                     CLC3POL         equ	3621	;# 
   993     0E26                     CLC3SEL0        equ	3622	;# 
   994     0E27                     CLC3SEL1        equ	3623	;# 
   995     0E28                     CLC3SEL2        equ	3624	;# 
   996     0E29                     CLC3SEL3        equ	3625	;# 
   997     0E2A                     CLC3GLS0        equ	3626	;# 
   998     0E2B                     CLC3GLS1        equ	3627	;# 
   999     0E2C                     CLC3GLS2        equ	3628	;# 
  1000     0E2D                     CLC3GLS3        equ	3629	;# 
  1001     0E2E                     CLC4CON         equ	3630	;# 
  1002     0E2F                     CLC4POL         equ	3631	;# 
  1003     0E30                     CLC4SEL0        equ	3632	;# 
  1004     0E31                     CLC4SEL1        equ	3633	;# 
  1005     0E32                     CLC4SEL2        equ	3634	;# 
  1006     0E33                     CLC4SEL3        equ	3635	;# 
  1007     0E34                     CLC4GLS0        equ	3636	;# 
  1008     0E35                     CLC4GLS1        equ	3637	;# 
  1009     0E36                     CLC4GLS2        equ	3638	;# 
  1010     0E37                     CLC4GLS3        equ	3639	;# 
  1011     0E8F                     PPSLOCK         equ	3727	;# 
  1012     0E90                     INTPPS          equ	3728	;# 
  1013     0E91                     T0CKIPPS        equ	3729	;# 
  1014     0E92                     T1CKIPPS        equ	3730	;# 
  1015     0E93                     T1GPPS          equ	3731	;# 
  1016     0E94                     T3CKIPPS        equ	3732	;# 
  1017     0E95                     T3GPPS          equ	3733	;# 
  1018     0E96                     T5CKIPPS        equ	3734	;# 
  1019     0E97                     T5GPPS          equ	3735	;# 
  1020     0E9C                     T2AINPPS        equ	3740	;# 
  1021     0E9D                     T4AINPPS        equ	3741	;# 
  1022     0E9E                     T6AINPPS        equ	3742	;# 
  1023     0EA1                     CCP1PPS         equ	3745	;# 
  1024     0EA2                     CCP2PPS         equ	3746	;# 
  1025     0EA3                     CCP3PPS         equ	3747	;# 
  1026     0EA4                     CCP4PPS         equ	3748	;# 
  1027     0EA5                     CCP5PPS         equ	3749	;# 
  1028     0EA9                     SMT1WINPPS      equ	3753	;# 
  1029     0EAA                     SMT1SIGPPS      equ	3754	;# 
  1030     0EAB                     SMT2WINPPS      equ	3755	;# 
  1031     0EAC                     SMT2SIGPPS      equ	3756	;# 
  1032     0EB1                     CWG1PPS         equ	3761	;# 
  1033     0EB2                     CWG2PPS         equ	3762	;# 
  1034     0EB3                     CWG3PPS         equ	3763	;# 
  1035     0EB8                     MDCARLPPS       equ	3768	;# 
  1036     0EB9                     MDCARHPPS       equ	3769	;# 
  1037     0EBA                     MDSRCPPS        equ	3770	;# 
  1038     0EBB                     CLCIN0PPS       equ	3771	;# 
  1039     0EBC                     CLCIN1PPS       equ	3772	;# 
  1040     0EBD                     CLCIN2PPS       equ	3773	;# 
  1041     0EBE                     CLCIN3PPS       equ	3774	;# 
  1042     0EC3                     ADCACTPPS       equ	3779	;# 
  1043     0EC5                     SSP1CLKPPS      equ	3781	;# 
  1044     0EC6                     SSP1DATPPS      equ	3782	;# 
  1045     0EC7                     SSP1SSPPS       equ	3783	;# 
  1046     0EC8                     SSP2CLKPPS      equ	3784	;# 
  1047     0EC9                     SSP2DATPPS      equ	3785	;# 
  1048     0ECA                     SSP2SSPPS       equ	3786	;# 
  1049     0ECB                     RXPPS           equ	3787	;# 
  1050     0ECC                     TXPPS           equ	3788	;# 
  1051     0F10                     RA0PPS          equ	3856	;# 
  1052     0F11                     RA1PPS          equ	3857	;# 
  1053     0F12                     RA2PPS          equ	3858	;# 
  1054     0F13                     RA3PPS          equ	3859	;# 
  1055     0F14                     RA4PPS          equ	3860	;# 
  1056     0F15                     RA5PPS          equ	3861	;# 
  1057     0F16                     RA6PPS          equ	3862	;# 
  1058     0F17                     RA7PPS          equ	3863	;# 
  1059     0F18                     RB0PPS          equ	3864	;# 
  1060     0F19                     RB1PPS          equ	3865	;# 
  1061     0F1A                     RB2PPS          equ	3866	;# 
  1062     0F1B                     RB3PPS          equ	3867	;# 
  1063     0F1C                     RB4PPS          equ	3868	;# 
  1064     0F1D                     RB5PPS          equ	3869	;# 
  1065     0F1E                     RB6PPS          equ	3870	;# 
  1066     0F1F                     RB7PPS          equ	3871	;# 
  1067     0F20                     RC0PPS          equ	3872	;# 
  1068     0F21                     RC1PPS          equ	3873	;# 
  1069     0F22                     RC2PPS          equ	3874	;# 
  1070     0F23                     RC3PPS          equ	3875	;# 
  1071     0F24                     RC4PPS          equ	3876	;# 
  1072     0F25                     RC5PPS          equ	3877	;# 
  1073     0F26                     RC6PPS          equ	3878	;# 
  1074     0F27                     RC7PPS          equ	3879	;# 
  1075     0F38                     ANSELA          equ	3896	;# 
  1076     0F39                     WPUA            equ	3897	;# 
  1077     0F3A                     ODCONA          equ	3898	;# 
  1078     0F3B                     SLRCONA         equ	3899	;# 
  1079     0F3C                     INLVLA          equ	3900	;# 
  1080     0F3D                     IOCAP           equ	3901	;# 
  1081     0F3E                     IOCAN           equ	3902	;# 
  1082     0F3F                     IOCAF           equ	3903	;# 
  1083     0F40                     CCDNA           equ	3904	;# 
  1084     0F41                     CCDPA           equ	3905	;# 
  1085     0F43                     ANSELB          equ	3907	;# 
  1086     0F44                     WPUB            equ	3908	;# 
  1087     0F45                     ODCONB          equ	3909	;# 
  1088     0F46                     SLRCONB         equ	3910	;# 
  1089     0F47                     INLVLB          equ	3911	;# 
  1090     0F48                     IOCBP           equ	3912	;# 
  1091     0F49                     IOCBN           equ	3913	;# 
  1092     0F4A                     IOCBF           equ	3914	;# 
  1093     0F4B                     CCDNB           equ	3915	;# 
  1094     0F4C                     CCDPB           equ	3916	;# 
  1095     0F4E                     ANSELC          equ	3918	;# 
  1096     0F4F                     WPUC            equ	3919	;# 
  1097     0F50                     ODCONC          equ	3920	;# 
  1098     0F51                     SLRCONC         equ	3921	;# 
  1099     0F52                     INLVLC          equ	3922	;# 
  1100     0F53                     IOCCP           equ	3923	;# 
  1101     0F54                     IOCCN           equ	3924	;# 
  1102     0F55                     IOCCF           equ	3925	;# 
  1103     0F56                     CCDNC           equ	3926	;# 
  1104     0F57                     CCDPC           equ	3927	;# 
  1105     0F65                     WPUE            equ	3941	;# 
  1106     0F68                     INLVLE          equ	3944	;# 
  1107     0F69                     IOCEP           equ	3945	;# 
  1108     0F6A                     IOCEN           equ	3946	;# 
  1109     0F6B                     IOCEF           equ	3947	;# 
  1110     0FE4                     STATUS_SHAD     equ	4068	;# 
  1111     0FE5                     WREG_SHAD       equ	4069	;# 
  1112     0FE6                     BSR_SHAD        equ	4070	;# 
  1113     0FE7                     PCLATH_SHAD     equ	4071	;# 
  1114     0FE8                     FSR0L_SHAD      equ	4072	;# 
  1115     0FE9                     FSR0H_SHAD      equ	4073	;# 
  1116     0FEA                     FSR1L_SHAD      equ	4074	;# 
  1117     0FEB                     FSR1H_SHAD      equ	4075	;# 
  1118     0FED                     STKPTR          equ	4077	;# 
  1119     0FEE                     TOSL            equ	4078	;# 
  1120     0FEF                     TOSH            equ	4079	;# 
  1121     0000                     INDF0           equ	0	;# 
  1122     0001                     INDF1           equ	1	;# 
  1123     0002                     PCL             equ	2	;# 
  1124     0003                     STATUS          equ	3	;# 
  1125     0004                     FSR0L           equ	4	;# 
  1126     0005                     FSR0H           equ	5	;# 
  1127     0006                     FSR1L           equ	6	;# 
  1128     0007                     FSR1H           equ	7	;# 
  1129     0008                     BSR             equ	8	;# 
  1130     0009                     WREG            equ	9	;# 
  1131     000A                     PCLATH          equ	10	;# 
  1132     000B                     INTCON          equ	11	;# 
  1133     000C                     PORTA           equ	12	;# 
  1134     000D                     PORTB           equ	13	;# 
  1135     000E                     PORTC           equ	14	;# 
  1136     0010                     PORTE           equ	16	;# 
  1137     0011                     TRISA           equ	17	;# 
  1138     0012                     TRISB           equ	18	;# 
  1139     0013                     TRISC           equ	19	;# 
  1140     0016                     LATA            equ	22	;# 
  1141     0017                     LATB            equ	23	;# 
  1142     0018                     LATC            equ	24	;# 
  1143     001C                     TMR0L           equ	28	;# 
  1144     001C                     TMR0            equ	28	;# 
  1145     001D                     TMR0H           equ	29	;# 
  1146     001D                     PR0             equ	29	;# 
  1147     001E                     T0CON0          equ	30	;# 
  1148     001F                     T0CON1          equ	31	;# 
  1149     008C                     ADRES           equ	140	;# 
  1150     008C                     ADRESL          equ	140	;# 
  1151     008D                     ADRESH          equ	141	;# 
  1152     008E                     ADPREV          equ	142	;# 
  1153     008E                     ADPREVL         equ	142	;# 
  1154     008F                     ADPREVH         equ	143	;# 
  1155     0090                     ADACC           equ	144	;# 
  1156     0090                     ADACCL          equ	144	;# 
  1157     0091                     ADACCH          equ	145	;# 
  1158     0093                     ADCON0          equ	147	;# 
  1159     0094                     ADCON1          equ	148	;# 
  1160     0095                     ADCON2          equ	149	;# 
  1161     0096                     ADCON3          equ	150	;# 
  1162     0097                     ADSTAT          equ	151	;# 
  1163     0098                     ADCLK           equ	152	;# 
  1164     0099                     ADACT           equ	153	;# 
  1165     009A                     ADREF           equ	154	;# 
  1166     009B                     ADCAP           equ	155	;# 
  1167     009C                     ADPRE           equ	156	;# 
  1168     009D                     ADACQ           equ	157	;# 
  1169     009E                     ADPCH           equ	158	;# 
  1170     010C                     ADCNT           equ	268	;# 
  1171     010D                     ADRPT           equ	269	;# 
  1172     010E                     ADLTH           equ	270	;# 
  1173     010E                     ADLTHL          equ	270	;# 
  1174     010F                     ADLTHH          equ	271	;# 
  1175     0110                     ADUTH           equ	272	;# 
  1176     0110                     ADUTHL          equ	272	;# 
  1177     0111                     ADUTHH          equ	273	;# 
  1178     0112                     ADSTPT          equ	274	;# 
  1179     0112                     ADSTPTL         equ	274	;# 
  1180     0113                     ADSTPTH         equ	275	;# 
  1181     0114                     ADFLTR          equ	276	;# 
  1182     0114                     ADFLTRL         equ	276	;# 
  1183     0115                     ADFLTRH         equ	277	;# 
  1184     0116                     ADERR           equ	278	;# 
  1185     0116                     ADERRL          equ	278	;# 
  1186     0117                     ADERRH          equ	279	;# 
  1187     0119                     RC1REG          equ	281	;# 
  1188     0119                     RCREG           equ	281	;# 
  1189     0119                     RCREG1          equ	281	;# 
  1190     011A                     TX1REG          equ	282	;# 
  1191     011A                     TXREG1          equ	282	;# 
  1192     011A                     TXREG           equ	282	;# 
  1193     011B                     SP1BRG          equ	283	;# 
  1194     011B                     SP1BRGL         equ	283	;# 
  1195     011B                     SPBRG           equ	283	;# 
  1196     011B                     SPBRG1          equ	283	;# 
  1197     011B                     SPBRGL          equ	283	;# 
  1198     011C                     SP1BRGH         equ	284	;# 
  1199     011C                     SPBRGH          equ	284	;# 
  1200     011C                     SPBRGH1         equ	284	;# 
  1201     011D                     RC1STA          equ	285	;# 
  1202     011D                     RCSTA1          equ	285	;# 
  1203     011D                     RCSTA           equ	285	;# 
  1204     011E                     TX1STA          equ	286	;# 
  1205     011E                     TXSTA1          equ	286	;# 
  1206     011E                     TXSTA           equ	286	;# 
  1207     011F                     BAUD1CON        equ	287	;# 
  1208     011F                     BAUDCON1        equ	287	;# 
  1209     011F                     BAUDCTL1        equ	287	;# 
  1210     011F                     BAUDCON         equ	287	;# 
  1211     011F                     BAUDCTL         equ	287	;# 
  1212     018C                     SSP1BUF         equ	396	;# 
  1213     018D                     SSP1ADD         equ	397	;# 
  1214     018E                     SSP1MSK         equ	398	;# 
  1215     018F                     SSP1STAT        equ	399	;# 
  1216     0190                     SSP1CON1        equ	400	;# 
  1217     0191                     SSP1CON2        equ	401	;# 
  1218     0192                     SSP1CON3        equ	402	;# 
  1219     0196                     SSP2BUF         equ	406	;# 
  1220     0197                     SSP2ADD         equ	407	;# 
  1221     0198                     SSP2MSK         equ	408	;# 
  1222     0199                     SSP2STAT        equ	409	;# 
  1223     019A                     SSP2CON1        equ	410	;# 
  1224     019B                     SSP2CON2        equ	411	;# 
  1225     019C                     SSP2CON3        equ	412	;# 
  1226     020C                     TMR1            equ	524	;# 
  1227     020C                     TMR1L           equ	524	;# 
  1228     020D                     TMR1H           equ	525	;# 
  1229     020E                     T1CON           equ	526	;# 
  1230     020F                     T1GCON          equ	527	;# 
  1231     020F                     PR1             equ	527	;# 
  1232     0210                     T1GATE          equ	528	;# 
  1233     0210                     TMR1GATE        equ	528	;# 
  1234     0211                     T1CLK           equ	529	;# 
  1235     0211                     TMR1CLK         equ	529	;# 
  1236     0212                     TMR3            equ	530	;# 
  1237     0212                     TMR3L           equ	530	;# 
  1238     0213                     TMR3H           equ	531	;# 
  1239     0214                     T3CON           equ	532	;# 
  1240     0215                     T3GCON          equ	533	;# 
  1241     0215                     PR3             equ	533	;# 
  1242     0216                     T3GATE          equ	534	;# 
  1243     0216                     TMR3GATE        equ	534	;# 
  1244     0217                     T3CLK           equ	535	;# 
  1245     0217                     TMR3CLK         equ	535	;# 
  1246     0218                     TMR5            equ	536	;# 
  1247     0218                     TMR5L           equ	536	;# 
  1248     0219                     TMR5H           equ	537	;# 
  1249     021A                     T5CON           equ	538	;# 
  1250     021B                     T5GCON          equ	539	;# 
  1251     021B                     PR5             equ	539	;# 
  1252     021C                     T5GATE          equ	540	;# 
  1253     021C                     TMR5GATE        equ	540	;# 
  1254     021D                     T5CLK           equ	541	;# 
  1255     021D                     TMR5CLK         equ	541	;# 
  1256     021E                     CCPTMRS0        equ	542	;# 
  1257     021F                     CCPTMRS1        equ	543	;# 
  1258     028C                     T2TMR           equ	652	;# 
  1259     028C                     TMR2            equ	652	;# 
  1260     028D                     T2PR            equ	653	;# 
  1261     028D                     PR2             equ	653	;# 
  1262     028E                     T2CON           equ	654	;# 
  1263     028F                     T2HLT           equ	655	;# 
  1264     0290                     T2CLKCON        equ	656	;# 
  1265     0290                     T2CLK           equ	656	;# 
  1266     0291                     T2RST           equ	657	;# 
  1267     0292                     T4TMR           equ	658	;# 
  1268     0292                     TMR4            equ	658	;# 
  1269     0293                     T4PR            equ	659	;# 
  1270     0293                     PR4             equ	659	;# 
  1271     0294                     T4CON           equ	660	;# 
  1272     0295                     T4HLT           equ	661	;# 
  1273     0296                     T4CLKCON        equ	662	;# 
  1274     0296                     T4CLK           equ	662	;# 
  1275     0297                     T4RST           equ	663	;# 
  1276     0298                     T6TMR           equ	664	;# 
  1277     0298                     TMR6            equ	664	;# 
  1278     0299                     T6PR            equ	665	;# 
  1279     0299                     PR6             equ	665	;# 
  1280     029A                     T6CON           equ	666	;# 
  1281     029B                     T6HLT           equ	667	;# 
  1282     029C                     T6CLKCON        equ	668	;# 
  1283     029C                     T6CLK           equ	668	;# 
  1284     029D                     T6RST           equ	669	;# 
  1285     030C                     CCPR1           equ	780	;# 
  1286     030C                     CCPR1L          equ	780	;# 
  1287     030D                     CCPR1H          equ	781	;# 
  1288     030E                     CCP1CON         equ	782	;# 
  1289     030F                     CCP1CAP         equ	783	;# 
  1290     0310                     CCPR2           equ	784	;# 
  1291     0310                     CCPR2L          equ	784	;# 
  1292     0311                     CCPR2H          equ	785	;# 
  1293     0312                     CCP2CON         equ	786	;# 
  1294     0313                     CCP2CAP         equ	787	;# 
  1295     0314                     CCPR3           equ	788	;# 
  1296     0314                     CCPR3L          equ	788	;# 
  1297     0315                     CCPR3H          equ	789	;# 
  1298     0316                     CCP3CON         equ	790	;# 
  1299     0317                     CCP3CAP         equ	791	;# 
  1300     0318                     CCPR4           equ	792	;# 
  1301     0318                     CCPR4L          equ	792	;# 
  1302     0319                     CCPR4H          equ	793	;# 
  1303     031A                     CCP4CON         equ	794	;# 
  1304     031B                     CCP4CAP         equ	795	;# 
  1305     031C                     CCPR5           equ	796	;# 
  1306     031C                     CCPR5L          equ	796	;# 
  1307     031D                     CCPR5H          equ	797	;# 
  1308     031E                     CCP5CON         equ	798	;# 
  1309     031F                     CCP5CAP         equ	799	;# 
  1310     038C                     PWM6DC          equ	908	;# 
  1311     038C                     PWM6DCL         equ	908	;# 
  1312     038D                     PWM6DCH         equ	909	;# 
  1313     038E                     PWM6CON         equ	910	;# 
  1314     0390                     PWM7DC          equ	912	;# 
  1315     0390                     PWM7DCL         equ	912	;# 
  1316     0391                     PWM7DCH         equ	913	;# 
  1317     0392                     PWM7CON         equ	914	;# 
  1318     040C                     SCANLADRL       equ	1036	;# 
  1319     040D                     SCANLADRH       equ	1037	;# 
  1320     040E                     SCANHADRL       equ	1038	;# 
  1321     040F                     SCANHADRH       equ	1039	;# 
  1322     0410                     SCANCON0        equ	1040	;# 
  1323     0411                     SCANTRIG        equ	1041	;# 
  1324     0416                     CRCDATA         equ	1046	;# 
  1325     0416                     CRCDATL         equ	1046	;# 
  1326     0417                     CRCDATH         equ	1047	;# 
  1327     0418                     CRCACC          equ	1048	;# 
  1328     0418                     CRCACCL         equ	1048	;# 
  1329     0419                     CRCACCH         equ	1049	;# 
  1330     041A                     CRCSHFT         equ	1050	;# 
  1331     041A                     CRCSHIFTL       equ	1050	;# 
  1332     041B                     CRCSHIFTH       equ	1051	;# 
  1333     041C                     CRCXOR          equ	1052	;# 
  1334     041C                     CRCXORL         equ	1052	;# 
  1335     041D                     CRCXORH         equ	1053	;# 
  1336     041E                     CRCCON0         equ	1054	;# 
  1337     041F                     CRCCON1         equ	1055	;# 
  1338     048C                     SMT1TMR         equ	1164	;# 
  1339     048C                     SMT1TMRL        equ	1164	;# 
  1340     048D                     SMT1TMRH        equ	1165	;# 
  1341     048E                     SMT1TMRU        equ	1166	;# 
  1342     048F                     SMT1CPR         equ	1167	;# 
  1343     048F                     SMT1CPRL        equ	1167	;# 
  1344     0490                     SMT1CPRH        equ	1168	;# 
  1345     0491                     SMT1CPRU        equ	1169	;# 
  1346     0492                     SMT1CPW         equ	1170	;# 
  1347     0492                     SMT1CPWL        equ	1170	;# 
  1348     0493                     SMT1CPWH        equ	1171	;# 
  1349     0494                     SMT1CPWU        equ	1172	;# 
  1350     0495                     SMT1PR          equ	1173	;# 
  1351     0495                     SMT1PRL         equ	1173	;# 
  1352     0496                     SMT1PRH         equ	1174	;# 
  1353     0497                     SMT1PRU         equ	1175	;# 
  1354     0498                     SMT1CON0        equ	1176	;# 
  1355     0499                     SMT1CON1        equ	1177	;# 
  1356     049A                     SMT1STAT        equ	1178	;# 
  1357     049B                     SMT1CLK         equ	1179	;# 
  1358     049C                     SMT1SIG         equ	1180	;# 
  1359     049D                     SMT1WIN         equ	1181	;# 
  1360     050C                     SMT2TMR         equ	1292	;# 
  1361     050C                     SMT2TMRL        equ	1292	;# 
  1362     050D                     SMT2TMRH        equ	1293	;# 
  1363     050E                     SMT2TMRU        equ	1294	;# 
  1364     050F                     SMT2CPR         equ	1295	;# 
  1365     050F                     SMT2CPRL        equ	1295	;# 
  1366     0510                     SMT2CPRH        equ	1296	;# 
  1367     0511                     SMT2CPRU        equ	1297	;# 
  1368     0512                     SMT2CPW         equ	1298	;# 
  1369     0512                     SMT2CPWL        equ	1298	;# 
  1370     0513                     SMT2CPWH        equ	1299	;# 
  1371     0514                     SMT2CPWU        equ	1300	;# 
  1372     0515                     SMT2PR          equ	1301	;# 
  1373     0515                     SMT2PRL         equ	1301	;# 
  1374     0516                     SMT2PRH         equ	1302	;# 
  1375     0517                     SMT2PRU         equ	1303	;# 
  1376     0518                     SMT2CON0        equ	1304	;# 
  1377     0519                     SMT2CON1        equ	1305	;# 
  1378     051A                     SMT2STAT        equ	1306	;# 
  1379     051B                     SMT2CLK         equ	1307	;# 
  1380     051C                     SMT2SIG         equ	1308	;# 
  1381     051D                     SMT2WIN         equ	1309	;# 
  1382     058C                     NCO1ACC         equ	1420	;# 
  1383     058C                     NCO1ACCL        equ	1420	;# 
  1384     058D                     NCO1ACCH        equ	1421	;# 
  1385     058E                     NCO1ACCU        equ	1422	;# 
  1386     058F                     NCO1INC         equ	1423	;# 
  1387     058F                     NCO1INCL        equ	1423	;# 
  1388     0590                     NCO1INCH        equ	1424	;# 
  1389     0591                     NCO1INCU        equ	1425	;# 
  1390     0592                     NCO1CON         equ	1426	;# 
  1391     0593                     NCO1CLK         equ	1427	;# 
  1392     060C                     CWG1CLKCON      equ	1548	;# 
  1393     060D                     CWG1ISM         equ	1549	;# 
  1394     060E                     CWG1DBR         equ	1550	;# 
  1395     060F                     CWG1DBF         equ	1551	;# 
  1396     0610                     CWG1CON0        equ	1552	;# 
  1397     0611                     CWG1CON1        equ	1553	;# 
  1398     0612                     CWG1AS0         equ	1554	;# 
  1399     0613                     CWG1AS1         equ	1555	;# 
  1400     0614                     CWG1STR         equ	1556	;# 
  1401     0616                     CWG2CLKCON      equ	1558	;# 
  1402     0617                     CWG2ISM         equ	1559	;# 
  1403     0618                     CWG2DBR         equ	1560	;# 
  1404     0619                     CWG2DBF         equ	1561	;# 
  1405     061A                     CWG2CON0        equ	1562	;# 
  1406     061B                     CWG2CON1        equ	1563	;# 
  1407     061C                     CWG2AS0         equ	1564	;# 
  1408     061D                     CWG2AS1         equ	1565	;# 
  1409     061E                     CWG2STR         equ	1566	;# 
  1410     068C                     CWG3CLKCON      equ	1676	;# 
  1411     068D                     CWG3ISM         equ	1677	;# 
  1412     068E                     CWG3DBR         equ	1678	;# 
  1413     068F                     CWG3DBF         equ	1679	;# 
  1414     0690                     CWG3CON0        equ	1680	;# 
  1415     0691                     CWG3CON1        equ	1681	;# 
  1416     0692                     CWG3AS0         equ	1682	;# 
  1417     0693                     CWG3AS1         equ	1683	;# 
  1418     0694                     CWG3STR         equ	1684	;# 
  1419     070C                     PIR0            equ	1804	;# 
  1420     070D                     PIR1            equ	1805	;# 
  1421     070E                     PIR2            equ	1806	;# 
  1422     070F                     PIR3            equ	1807	;# 
  1423     0710                     PIR4            equ	1808	;# 
  1424     0711                     PIR5            equ	1809	;# 
  1425     0712                     PIR6            equ	1810	;# 
  1426     0713                     PIR7            equ	1811	;# 
  1427     0714                     PIR8            equ	1812	;# 
  1428     0716                     PIE0            equ	1814	;# 
  1429     0717                     PIE1            equ	1815	;# 
  1430     0718                     PIE2            equ	1816	;# 
  1431     0719                     PIE3            equ	1817	;# 
  1432     071A                     PIE4            equ	1818	;# 
  1433     071B                     PIE5            equ	1819	;# 
  1434     071C                     PIE6            equ	1820	;# 
  1435     071D                     PIE7            equ	1821	;# 
  1436     071E                     PIE8            equ	1822	;# 
  1437     0796                     PMD0            equ	1942	;# 
  1438     0797                     PMD1            equ	1943	;# 
  1439     0798                     PMD2            equ	1944	;# 
  1440     0799                     PMD3            equ	1945	;# 
  1441     079A                     PMD4            equ	1946	;# 
  1442     079B                     PMD5            equ	1947	;# 
  1443     080C                     WDTCON0         equ	2060	;# 
  1444     080D                     WDTCON1         equ	2061	;# 
  1445     080E                     WDTPSL          equ	2062	;# 
  1446     080F                     WDTPSH          equ	2063	;# 
  1447     0810                     WDTTMR          equ	2064	;# 
  1448     0811                     BORCON          equ	2065	;# 
  1449     0812                     VREGCON         equ	2066	;# 
  1450     0813                     PCON0           equ	2067	;# 
  1451     0814                     CCDCON          equ	2068	;# 
  1452     081A                     NVMADRL         equ	2074	;# 
  1453     081B                     NVMADRH         equ	2075	;# 
  1454     081C                     NVMDATL         equ	2076	;# 
  1455     081D                     NVMDATH         equ	2077	;# 
  1456     081E                     NVMCON1         equ	2078	;# 
  1457     081F                     NVMCON2         equ	2079	;# 
  1458     088C                     CPUDOZE         equ	2188	;# 
  1459     088D                     OSCCON1         equ	2189	;# 
  1460     088E                     OSCCON2         equ	2190	;# 
  1461     088F                     OSCCON3         equ	2191	;# 
  1462     0890                     OSCSTAT         equ	2192	;# 
  1463     0891                     OSCEN           equ	2193	;# 
  1464     0892                     OSCTUNE         equ	2194	;# 
  1465     0893                     OSCFRQ          equ	2195	;# 
  1466     0895                     CLKRCON         equ	2197	;# 
  1467     0896                     CLKRCLK         equ	2198	;# 
  1468     0897                     MDCON0          equ	2199	;# 
  1469     0898                     MDCON1          equ	2200	;# 
  1470     0899                     MDSRC           equ	2201	;# 
  1471     089A                     MDCARL          equ	2202	;# 
  1472     089B                     MDCARH          equ	2203	;# 
  1473     090C                     FVRCON          equ	2316	;# 
  1474     090E                     DAC1CON0        equ	2318	;# 
  1475     090F                     DAC1CON1        equ	2319	;# 
  1476     091F                     ZCD1CON         equ	2335	;# 
  1477     091F                     ZCDCON          equ	2335	;# 
  1478     098F                     CMOUT           equ	2447	;# 
  1479     098F                     CMSTAT          equ	2447	;# 
  1480     0990                     CM1CON0         equ	2448	;# 
  1481     0991                     CM1CON1         equ	2449	;# 
  1482     0992                     CM1NSEL         equ	2450	;# 
  1483     0993                     CM1PSEL         equ	2451	;# 
  1484     0994                     CM2CON0         equ	2452	;# 
  1485     0995                     CM2CON1         equ	2453	;# 
  1486     0996                     CM2NSEL         equ	2454	;# 
  1487     0997                     CM2PSEL         equ	2455	;# 
  1488     0E0F                     CLCDATA         equ	3599	;# 
  1489     0E10                     CLC1CON         equ	3600	;# 
  1490     0E11                     CLC1POL         equ	3601	;# 
  1491     0E12                     CLC1SEL0        equ	3602	;# 
  1492     0E13                     CLC1SEL1        equ	3603	;# 
  1493     0E14                     CLC1SEL2        equ	3604	;# 
  1494     0E15                     CLC1SEL3        equ	3605	;# 
  1495     0E16                     CLC1GLS0        equ	3606	;# 
  1496     0E17                     CLC1GLS1        equ	3607	;# 
  1497     0E18                     CLC1GLS2        equ	3608	;# 
  1498     0E19                     CLC1GLS3        equ	3609	;# 
  1499     0E1A                     CLC2CON         equ	3610	;# 
  1500     0E1B                     CLC2POL         equ	3611	;# 
  1501     0E1C                     CLC2SEL0        equ	3612	;# 
  1502     0E1D                     CLC2SEL1        equ	3613	;# 
  1503     0E1E                     CLC2SEL2        equ	3614	;# 
  1504     0E1F                     CLC2SEL3        equ	3615	;# 
  1505     0E20                     CLC2GLS0        equ	3616	;# 
  1506     0E21                     CLC2GLS1        equ	3617	;# 
  1507     0E22                     CLC2GLS2        equ	3618	;# 
  1508     0E23                     CLC2GLS3        equ	3619	;# 
  1509     0E24                     CLC3CON         equ	3620	;# 
  1510     0E25                     CLC3POL         equ	3621	;# 
  1511     0E26                     CLC3SEL0        equ	3622	;# 
  1512     0E27                     CLC3SEL1        equ	3623	;# 
  1513     0E28                     CLC3SEL2        equ	3624	;# 
  1514     0E29                     CLC3SEL3        equ	3625	;# 
  1515     0E2A                     CLC3GLS0        equ	3626	;# 
  1516     0E2B                     CLC3GLS1        equ	3627	;# 
  1517     0E2C                     CLC3GLS2        equ	3628	;# 
  1518     0E2D                     CLC3GLS3        equ	3629	;# 
  1519     0E2E                     CLC4CON         equ	3630	;# 
  1520     0E2F                     CLC4POL         equ	3631	;# 
  1521     0E30                     CLC4SEL0        equ	3632	;# 
  1522     0E31                     CLC4SEL1        equ	3633	;# 
  1523     0E32                     CLC4SEL2        equ	3634	;# 
  1524     0E33                     CLC4SEL3        equ	3635	;# 
  1525     0E34                     CLC4GLS0        equ	3636	;# 
  1526     0E35                     CLC4GLS1        equ	3637	;# 
  1527     0E36                     CLC4GLS2        equ	3638	;# 
  1528     0E37                     CLC4GLS3        equ	3639	;# 
  1529     0E8F                     PPSLOCK         equ	3727	;# 
  1530     0E90                     INTPPS          equ	3728	;# 
  1531     0E91                     T0CKIPPS        equ	3729	;# 
  1532     0E92                     T1CKIPPS        equ	3730	;# 
  1533     0E93                     T1GPPS          equ	3731	;# 
  1534     0E94                     T3CKIPPS        equ	3732	;# 
  1535     0E95                     T3GPPS          equ	3733	;# 
  1536     0E96                     T5CKIPPS        equ	3734	;# 
  1537     0E97                     T5GPPS          equ	3735	;# 
  1538     0E9C                     T2AINPPS        equ	3740	;# 
  1539     0E9D                     T4AINPPS        equ	3741	;# 
  1540     0E9E                     T6AINPPS        equ	3742	;# 
  1541     0EA1                     CCP1PPS         equ	3745	;# 
  1542     0EA2                     CCP2PPS         equ	3746	;# 
  1543     0EA3                     CCP3PPS         equ	3747	;# 
  1544     0EA4                     CCP4PPS         equ	3748	;# 
  1545     0EA5                     CCP5PPS         equ	3749	;# 
  1546     0EA9                     SMT1WINPPS      equ	3753	;# 
  1547     0EAA                     SMT1SIGPPS      equ	3754	;# 
  1548     0EAB                     SMT2WINPPS      equ	3755	;# 
  1549     0EAC                     SMT2SIGPPS      equ	3756	;# 
  1550     0EB1                     CWG1PPS         equ	3761	;# 
  1551     0EB2                     CWG2PPS         equ	3762	;# 
  1552     0EB3                     CWG3PPS         equ	3763	;# 
  1553     0EB8                     MDCARLPPS       equ	3768	;# 
  1554     0EB9                     MDCARHPPS       equ	3769	;# 
  1555     0EBA                     MDSRCPPS        equ	3770	;# 
  1556     0EBB                     CLCIN0PPS       equ	3771	;# 
  1557     0EBC                     CLCIN1PPS       equ	3772	;# 
  1558     0EBD                     CLCIN2PPS       equ	3773	;# 
  1559     0EBE                     CLCIN3PPS       equ	3774	;# 
  1560     0EC3                     ADCACTPPS       equ	3779	;# 
  1561     0EC5                     SSP1CLKPPS      equ	3781	;# 
  1562     0EC6                     SSP1DATPPS      equ	3782	;# 
  1563     0EC7                     SSP1SSPPS       equ	3783	;# 
  1564     0EC8                     SSP2CLKPPS      equ	3784	;# 
  1565     0EC9                     SSP2DATPPS      equ	3785	;# 
  1566     0ECA                     SSP2SSPPS       equ	3786	;# 
  1567     0ECB                     RXPPS           equ	3787	;# 
  1568     0ECC                     TXPPS           equ	3788	;# 
  1569     0F10                     RA0PPS          equ	3856	;# 
  1570     0F11                     RA1PPS          equ	3857	;# 
  1571     0F12                     RA2PPS          equ	3858	;# 
  1572     0F13                     RA3PPS          equ	3859	;# 
  1573     0F14                     RA4PPS          equ	3860	;# 
  1574     0F15                     RA5PPS          equ	3861	;# 
  1575     0F16                     RA6PPS          equ	3862	;# 
  1576     0F17                     RA7PPS          equ	3863	;# 
  1577     0F18                     RB0PPS          equ	3864	;# 
  1578     0F19                     RB1PPS          equ	3865	;# 
  1579     0F1A                     RB2PPS          equ	3866	;# 
  1580     0F1B                     RB3PPS          equ	3867	;# 
  1581     0F1C                     RB4PPS          equ	3868	;# 
  1582     0F1D                     RB5PPS          equ	3869	;# 
  1583     0F1E                     RB6PPS          equ	3870	;# 
  1584     0F1F                     RB7PPS          equ	3871	;# 
  1585     0F20                     RC0PPS          equ	3872	;# 
  1586     0F21                     RC1PPS          equ	3873	;# 
  1587     0F22                     RC2PPS          equ	3874	;# 
  1588     0F23                     RC3PPS          equ	3875	;# 
  1589     0F24                     RC4PPS          equ	3876	;# 
  1590     0F25                     RC5PPS          equ	3877	;# 
  1591     0F26                     RC6PPS          equ	3878	;# 
  1592     0F27                     RC7PPS          equ	3879	;# 
  1593     0F38                     ANSELA          equ	3896	;# 
  1594     0F39                     WPUA            equ	3897	;# 
  1595     0F3A                     ODCONA          equ	3898	;# 
  1596     0F3B                     SLRCONA         equ	3899	;# 
  1597     0F3C                     INLVLA          equ	3900	;# 
  1598     0F3D                     IOCAP           equ	3901	;# 
  1599     0F3E                     IOCAN           equ	3902	;# 
  1600     0F3F                     IOCAF           equ	3903	;# 
  1601     0F40                     CCDNA           equ	3904	;# 
  1602     0F41                     CCDPA           equ	3905	;# 
  1603     0F43                     ANSELB          equ	3907	;# 
  1604     0F44                     WPUB            equ	3908	;# 
  1605     0F45                     ODCONB          equ	3909	;# 
  1606     0F46                     SLRCONB         equ	3910	;# 
  1607     0F47                     INLVLB          equ	3911	;# 
  1608     0F48                     IOCBP           equ	3912	;# 
  1609     0F49                     IOCBN           equ	3913	;# 
  1610     0F4A                     IOCBF           equ	3914	;# 
  1611     0F4B                     CCDNB           equ	3915	;# 
  1612     0F4C                     CCDPB           equ	3916	;# 
  1613     0F4E                     ANSELC          equ	3918	;# 
  1614     0F4F                     WPUC            equ	3919	;# 
  1615     0F50                     ODCONC          equ	3920	;# 
  1616     0F51                     SLRCONC         equ	3921	;# 
  1617     0F52                     INLVLC          equ	3922	;# 
  1618     0F53                     IOCCP           equ	3923	;# 
  1619     0F54                     IOCCN           equ	3924	;# 
  1620     0F55                     IOCCF           equ	3925	;# 
  1621     0F56                     CCDNC           equ	3926	;# 
  1622     0F57                     CCDPC           equ	3927	;# 
  1623     0F65                     WPUE            equ	3941	;# 
  1624     0F68                     INLVLE          equ	3944	;# 
  1625     0F69                     IOCEP           equ	3945	;# 
  1626     0F6A                     IOCEN           equ	3946	;# 
  1627     0F6B                     IOCEF           equ	3947	;# 
  1628     0FE4                     STATUS_SHAD     equ	4068	;# 
  1629     0FE5                     WREG_SHAD       equ	4069	;# 
  1630     0FE6                     BSR_SHAD        equ	4070	;# 
  1631     0FE7                     PCLATH_SHAD     equ	4071	;# 
  1632     0FE8                     FSR0L_SHAD      equ	4072	;# 
  1633     0FE9                     FSR0H_SHAD      equ	4073	;# 
  1634     0FEA                     FSR1L_SHAD      equ	4074	;# 
  1635     0FEB                     FSR1H_SHAD      equ	4075	;# 
  1636     0FED                     STKPTR          equ	4077	;# 
  1637     0FEE                     TOSL            equ	4078	;# 
  1638     0FEF                     TOSH            equ	4079	;# 
  1639     0000                     INDF0           equ	0	;# 
  1640     0001                     INDF1           equ	1	;# 
  1641     0002                     PCL             equ	2	;# 
  1642     0003                     STATUS          equ	3	;# 
  1643     0004                     FSR0L           equ	4	;# 
  1644     0005                     FSR0H           equ	5	;# 
  1645     0006                     FSR1L           equ	6	;# 
  1646     0007                     FSR1H           equ	7	;# 
  1647     0008                     BSR             equ	8	;# 
  1648     0009                     WREG            equ	9	;# 
  1649     000A                     PCLATH          equ	10	;# 
  1650     000B                     INTCON          equ	11	;# 
  1651     000C                     PORTA           equ	12	;# 
  1652     000D                     PORTB           equ	13	;# 
  1653     000E                     PORTC           equ	14	;# 
  1654     0010                     PORTE           equ	16	;# 
  1655     0011                     TRISA           equ	17	;# 
  1656     0012                     TRISB           equ	18	;# 
  1657     0013                     TRISC           equ	19	;# 
  1658     0016                     LATA            equ	22	;# 
  1659     0017                     LATB            equ	23	;# 
  1660     0018                     LATC            equ	24	;# 
  1661     001C                     TMR0L           equ	28	;# 
  1662     001C                     TMR0            equ	28	;# 
  1663     001D                     TMR0H           equ	29	;# 
  1664     001D                     PR0             equ	29	;# 
  1665     001E                     T0CON0          equ	30	;# 
  1666     001F                     T0CON1          equ	31	;# 
  1667     008C                     ADRES           equ	140	;# 
  1668     008C                     ADRESL          equ	140	;# 
  1669     008D                     ADRESH          equ	141	;# 
  1670     008E                     ADPREV          equ	142	;# 
  1671     008E                     ADPREVL         equ	142	;# 
  1672     008F                     ADPREVH         equ	143	;# 
  1673     0090                     ADACC           equ	144	;# 
  1674     0090                     ADACCL          equ	144	;# 
  1675     0091                     ADACCH          equ	145	;# 
  1676     0093                     ADCON0          equ	147	;# 
  1677     0094                     ADCON1          equ	148	;# 
  1678     0095                     ADCON2          equ	149	;# 
  1679     0096                     ADCON3          equ	150	;# 
  1680     0097                     ADSTAT          equ	151	;# 
  1681     0098                     ADCLK           equ	152	;# 
  1682     0099                     ADACT           equ	153	;# 
  1683     009A                     ADREF           equ	154	;# 
  1684     009B                     ADCAP           equ	155	;# 
  1685     009C                     ADPRE           equ	156	;# 
  1686     009D                     ADACQ           equ	157	;# 
  1687     009E                     ADPCH           equ	158	;# 
  1688     010C                     ADCNT           equ	268	;# 
  1689     010D                     ADRPT           equ	269	;# 
  1690     010E                     ADLTH           equ	270	;# 
  1691     010E                     ADLTHL          equ	270	;# 
  1692     010F                     ADLTHH          equ	271	;# 
  1693     0110                     ADUTH           equ	272	;# 
  1694     0110                     ADUTHL          equ	272	;# 
  1695     0111                     ADUTHH          equ	273	;# 
  1696     0112                     ADSTPT          equ	274	;# 
  1697     0112                     ADSTPTL         equ	274	;# 
  1698     0113                     ADSTPTH         equ	275	;# 
  1699     0114                     ADFLTR          equ	276	;# 
  1700     0114                     ADFLTRL         equ	276	;# 
  1701     0115                     ADFLTRH         equ	277	;# 
  1702     0116                     ADERR           equ	278	;# 
  1703     0116                     ADERRL          equ	278	;# 
  1704     0117                     ADERRH          equ	279	;# 
  1705     0119                     RC1REG          equ	281	;# 
  1706     0119                     RCREG           equ	281	;# 
  1707     0119                     RCREG1          equ	281	;# 
  1708     011A                     TX1REG          equ	282	;# 
  1709     011A                     TXREG1          equ	282	;# 
  1710     011A                     TXREG           equ	282	;# 
  1711     011B                     SP1BRG          equ	283	;# 
  1712     011B                     SP1BRGL         equ	283	;# 
  1713     011B                     SPBRG           equ	283	;# 
  1714     011B                     SPBRG1          equ	283	;# 
  1715     011B                     SPBRGL          equ	283	;# 
  1716     011C                     SP1BRGH         equ	284	;# 
  1717     011C                     SPBRGH          equ	284	;# 
  1718     011C                     SPBRGH1         equ	284	;# 
  1719     011D                     RC1STA          equ	285	;# 
  1720     011D                     RCSTA1          equ	285	;# 
  1721     011D                     RCSTA           equ	285	;# 
  1722     011E                     TX1STA          equ	286	;# 
  1723     011E                     TXSTA1          equ	286	;# 
  1724     011E                     TXSTA           equ	286	;# 
  1725     011F                     BAUD1CON        equ	287	;# 
  1726     011F                     BAUDCON1        equ	287	;# 
  1727     011F                     BAUDCTL1        equ	287	;# 
  1728     011F                     BAUDCON         equ	287	;# 
  1729     011F                     BAUDCTL         equ	287	;# 
  1730     018C                     SSP1BUF         equ	396	;# 
  1731     018D                     SSP1ADD         equ	397	;# 
  1732     018E                     SSP1MSK         equ	398	;# 
  1733     018F                     SSP1STAT        equ	399	;# 
  1734     0190                     SSP1CON1        equ	400	;# 
  1735     0191                     SSP1CON2        equ	401	;# 
  1736     0192                     SSP1CON3        equ	402	;# 
  1737     0196                     SSP2BUF         equ	406	;# 
  1738     0197                     SSP2ADD         equ	407	;# 
  1739     0198                     SSP2MSK         equ	408	;# 
  1740     0199                     SSP2STAT        equ	409	;# 
  1741     019A                     SSP2CON1        equ	410	;# 
  1742     019B                     SSP2CON2        equ	411	;# 
  1743     019C                     SSP2CON3        equ	412	;# 
  1744     020C                     TMR1            equ	524	;# 
  1745     020C                     TMR1L           equ	524	;# 
  1746     020D                     TMR1H           equ	525	;# 
  1747     020E                     T1CON           equ	526	;# 
  1748     020F                     T1GCON          equ	527	;# 
  1749     020F                     PR1             equ	527	;# 
  1750     0210                     T1GATE          equ	528	;# 
  1751     0210                     TMR1GATE        equ	528	;# 
  1752     0211                     T1CLK           equ	529	;# 
  1753     0211                     TMR1CLK         equ	529	;# 
  1754     0212                     TMR3            equ	530	;# 
  1755     0212                     TMR3L           equ	530	;# 
  1756     0213                     TMR3H           equ	531	;# 
  1757     0214                     T3CON           equ	532	;# 
  1758     0215                     T3GCON          equ	533	;# 
  1759     0215                     PR3             equ	533	;# 
  1760     0216                     T3GATE          equ	534	;# 
  1761     0216                     TMR3GATE        equ	534	;# 
  1762     0217                     T3CLK           equ	535	;# 
  1763     0217                     TMR3CLK         equ	535	;# 
  1764     0218                     TMR5            equ	536	;# 
  1765     0218                     TMR5L           equ	536	;# 
  1766     0219                     TMR5H           equ	537	;# 
  1767     021A                     T5CON           equ	538	;# 
  1768     021B                     T5GCON          equ	539	;# 
  1769     021B                     PR5             equ	539	;# 
  1770     021C                     T5GATE          equ	540	;# 
  1771     021C                     TMR5GATE        equ	540	;# 
  1772     021D                     T5CLK           equ	541	;# 
  1773     021D                     TMR5CLK         equ	541	;# 
  1774     021E                     CCPTMRS0        equ	542	;# 
  1775     021F                     CCPTMRS1        equ	543	;# 
  1776     028C                     T2TMR           equ	652	;# 
  1777     028C                     TMR2            equ	652	;# 
  1778     028D                     T2PR            equ	653	;# 
  1779     028D                     PR2             equ	653	;# 
  1780     028E                     T2CON           equ	654	;# 
  1781     028F                     T2HLT           equ	655	;# 
  1782     0290                     T2CLKCON        equ	656	;# 
  1783     0290                     T2CLK           equ	656	;# 
  1784     0291                     T2RST           equ	657	;# 
  1785     0292                     T4TMR           equ	658	;# 
  1786     0292                     TMR4            equ	658	;# 
  1787     0293                     T4PR            equ	659	;# 
  1788     0293                     PR4             equ	659	;# 
  1789     0294                     T4CON           equ	660	;# 
  1790     0295                     T4HLT           equ	661	;# 
  1791     0296                     T4CLKCON        equ	662	;# 
  1792     0296                     T4CLK           equ	662	;# 
  1793     0297                     T4RST           equ	663	;# 
  1794     0298                     T6TMR           equ	664	;# 
  1795     0298                     TMR6            equ	664	;# 
  1796     0299                     T6PR            equ	665	;# 
  1797     0299                     PR6             equ	665	;# 
  1798     029A                     T6CON           equ	666	;# 
  1799     029B                     T6HLT           equ	667	;# 
  1800     029C                     T6CLKCON        equ	668	;# 
  1801     029C                     T6CLK           equ	668	;# 
  1802     029D                     T6RST           equ	669	;# 
  1803     030C                     CCPR1           equ	780	;# 
  1804     030C                     CCPR1L          equ	780	;# 
  1805     030D                     CCPR1H          equ	781	;# 
  1806     030E                     CCP1CON         equ	782	;# 
  1807     030F                     CCP1CAP         equ	783	;# 
  1808     0310                     CCPR2           equ	784	;# 
  1809     0310                     CCPR2L          equ	784	;# 
  1810     0311                     CCPR2H          equ	785	;# 
  1811     0312                     CCP2CON         equ	786	;# 
  1812     0313                     CCP2CAP         equ	787	;# 
  1813     0314                     CCPR3           equ	788	;# 
  1814     0314                     CCPR3L          equ	788	;# 
  1815     0315                     CCPR3H          equ	789	;# 
  1816     0316                     CCP3CON         equ	790	;# 
  1817     0317                     CCP3CAP         equ	791	;# 
  1818     0318                     CCPR4           equ	792	;# 
  1819     0318                     CCPR4L          equ	792	;# 
  1820     0319                     CCPR4H          equ	793	;# 
  1821     031A                     CCP4CON         equ	794	;# 
  1822     031B                     CCP4CAP         equ	795	;# 
  1823     031C                     CCPR5           equ	796	;# 
  1824     031C                     CCPR5L          equ	796	;# 
  1825     031D                     CCPR5H          equ	797	;# 
  1826     031E                     CCP5CON         equ	798	;# 
  1827     031F                     CCP5CAP         equ	799	;# 
  1828     038C                     PWM6DC          equ	908	;# 
  1829     038C                     PWM6DCL         equ	908	;# 
  1830     038D                     PWM6DCH         equ	909	;# 
  1831     038E                     PWM6CON         equ	910	;# 
  1832     0390                     PWM7DC          equ	912	;# 
  1833     0390                     PWM7DCL         equ	912	;# 
  1834     0391                     PWM7DCH         equ	913	;# 
  1835     0392                     PWM7CON         equ	914	;# 
  1836     040C                     SCANLADRL       equ	1036	;# 
  1837     040D                     SCANLADRH       equ	1037	;# 
  1838     040E                     SCANHADRL       equ	1038	;# 
  1839     040F                     SCANHADRH       equ	1039	;# 
  1840     0410                     SCANCON0        equ	1040	;# 
  1841     0411                     SCANTRIG        equ	1041	;# 
  1842     0416                     CRCDATA         equ	1046	;# 
  1843     0416                     CRCDATL         equ	1046	;# 
  1844     0417                     CRCDATH         equ	1047	;# 
  1845     0418                     CRCACC          equ	1048	;# 
  1846     0418                     CRCACCL         equ	1048	;# 
  1847     0419                     CRCACCH         equ	1049	;# 
  1848     041A                     CRCSHFT         equ	1050	;# 
  1849     041A                     CRCSHIFTL       equ	1050	;# 
  1850     041B                     CRCSHIFTH       equ	1051	;# 
  1851     041C                     CRCXOR          equ	1052	;# 
  1852     041C                     CRCXORL         equ	1052	;# 
  1853     041D                     CRCXORH         equ	1053	;# 
  1854     041E                     CRCCON0         equ	1054	;# 
  1855     041F                     CRCCON1         equ	1055	;# 
  1856     048C                     SMT1TMR         equ	1164	;# 
  1857     048C                     SMT1TMRL        equ	1164	;# 
  1858     048D                     SMT1TMRH        equ	1165	;# 
  1859     048E                     SMT1TMRU        equ	1166	;# 
  1860     048F                     SMT1CPR         equ	1167	;# 
  1861     048F                     SMT1CPRL        equ	1167	;# 
  1862     0490                     SMT1CPRH        equ	1168	;# 
  1863     0491                     SMT1CPRU        equ	1169	;# 
  1864     0492                     SMT1CPW         equ	1170	;# 
  1865     0492                     SMT1CPWL        equ	1170	;# 
  1866     0493                     SMT1CPWH        equ	1171	;# 
  1867     0494                     SMT1CPWU        equ	1172	;# 
  1868     0495                     SMT1PR          equ	1173	;# 
  1869     0495                     SMT1PRL         equ	1173	;# 
  1870     0496                     SMT1PRH         equ	1174	;# 
  1871     0497                     SMT1PRU         equ	1175	;# 
  1872     0498                     SMT1CON0        equ	1176	;# 
  1873     0499                     SMT1CON1        equ	1177	;# 
  1874     049A                     SMT1STAT        equ	1178	;# 
  1875     049B                     SMT1CLK         equ	1179	;# 
  1876     049C                     SMT1SIG         equ	1180	;# 
  1877     049D                     SMT1WIN         equ	1181	;# 
  1878     050C                     SMT2TMR         equ	1292	;# 
  1879     050C                     SMT2TMRL        equ	1292	;# 
  1880     050D                     SMT2TMRH        equ	1293	;# 
  1881     050E                     SMT2TMRU        equ	1294	;# 
  1882     050F                     SMT2CPR         equ	1295	;# 
  1883     050F                     SMT2CPRL        equ	1295	;# 
  1884     0510                     SMT2CPRH        equ	1296	;# 
  1885     0511                     SMT2CPRU        equ	1297	;# 
  1886     0512                     SMT2CPW         equ	1298	;# 
  1887     0512                     SMT2CPWL        equ	1298	;# 
  1888     0513                     SMT2CPWH        equ	1299	;# 
  1889     0514                     SMT2CPWU        equ	1300	;# 
  1890     0515                     SMT2PR          equ	1301	;# 
  1891     0515                     SMT2PRL         equ	1301	;# 
  1892     0516                     SMT2PRH         equ	1302	;# 
  1893     0517                     SMT2PRU         equ	1303	;# 
  1894     0518                     SMT2CON0        equ	1304	;# 
  1895     0519                     SMT2CON1        equ	1305	;# 
  1896     051A                     SMT2STAT        equ	1306	;# 
  1897     051B                     SMT2CLK         equ	1307	;# 
  1898     051C                     SMT2SIG         equ	1308	;# 
  1899     051D                     SMT2WIN         equ	1309	;# 
  1900     058C                     NCO1ACC         equ	1420	;# 
  1901     058C                     NCO1ACCL        equ	1420	;# 
  1902     058D                     NCO1ACCH        equ	1421	;# 
  1903     058E                     NCO1ACCU        equ	1422	;# 
  1904     058F                     NCO1INC         equ	1423	;# 
  1905     058F                     NCO1INCL        equ	1423	;# 
  1906     0590                     NCO1INCH        equ	1424	;# 
  1907     0591                     NCO1INCU        equ	1425	;# 
  1908     0592                     NCO1CON         equ	1426	;# 
  1909     0593                     NCO1CLK         equ	1427	;# 
  1910     060C                     CWG1CLKCON      equ	1548	;# 
  1911     060D                     CWG1ISM         equ	1549	;# 
  1912     060E                     CWG1DBR         equ	1550	;# 
  1913     060F                     CWG1DBF         equ	1551	;# 
  1914     0610                     CWG1CON0        equ	1552	;# 
  1915     0611                     CWG1CON1        equ	1553	;# 
  1916     0612                     CWG1AS0         equ	1554	;# 
  1917     0613                     CWG1AS1         equ	1555	;# 
  1918     0614                     CWG1STR         equ	1556	;# 
  1919     0616                     CWG2CLKCON      equ	1558	;# 
  1920     0617                     CWG2ISM         equ	1559	;# 
  1921     0618                     CWG2DBR         equ	1560	;# 
  1922     0619                     CWG2DBF         equ	1561	;# 
  1923     061A                     CWG2CON0        equ	1562	;# 
  1924     061B                     CWG2CON1        equ	1563	;# 
  1925     061C                     CWG2AS0         equ	1564	;# 
  1926     061D                     CWG2AS1         equ	1565	;# 
  1927     061E                     CWG2STR         equ	1566	;# 
  1928     068C                     CWG3CLKCON      equ	1676	;# 
  1929     068D                     CWG3ISM         equ	1677	;# 
  1930     068E                     CWG3DBR         equ	1678	;# 
  1931     068F                     CWG3DBF         equ	1679	;# 
  1932     0690                     CWG3CON0        equ	1680	;# 
  1933     0691                     CWG3CON1        equ	1681	;# 
  1934     0692                     CWG3AS0         equ	1682	;# 
  1935     0693                     CWG3AS1         equ	1683	;# 
  1936     0694                     CWG3STR         equ	1684	;# 
  1937     070C                     PIR0            equ	1804	;# 
  1938     070D                     PIR1            equ	1805	;# 
  1939     070E                     PIR2            equ	1806	;# 
  1940     070F                     PIR3            equ	1807	;# 
  1941     0710                     PIR4            equ	1808	;# 
  1942     0711                     PIR5            equ	1809	;# 
  1943     0712                     PIR6            equ	1810	;# 
  1944     0713                     PIR7            equ	1811	;# 
  1945     0714                     PIR8            equ	1812	;# 
  1946     0716                     PIE0            equ	1814	;# 
  1947     0717                     PIE1            equ	1815	;# 
  1948     0718                     PIE2            equ	1816	;# 
  1949     0719                     PIE3            equ	1817	;# 
  1950     071A                     PIE4            equ	1818	;# 
  1951     071B                     PIE5            equ	1819	;# 
  1952     071C                     PIE6            equ	1820	;# 
  1953     071D                     PIE7            equ	1821	;# 
  1954     071E                     PIE8            equ	1822	;# 
  1955     0796                     PMD0            equ	1942	;# 
  1956     0797                     PMD1            equ	1943	;# 
  1957     0798                     PMD2            equ	1944	;# 
  1958     0799                     PMD3            equ	1945	;# 
  1959     079A                     PMD4            equ	1946	;# 
  1960     079B                     PMD5            equ	1947	;# 
  1961     080C                     WDTCON0         equ	2060	;# 
  1962     080D                     WDTCON1         equ	2061	;# 
  1963     080E                     WDTPSL          equ	2062	;# 
  1964     080F                     WDTPSH          equ	2063	;# 
  1965     0810                     WDTTMR          equ	2064	;# 
  1966     0811                     BORCON          equ	2065	;# 
  1967     0812                     VREGCON         equ	2066	;# 
  1968     0813                     PCON0           equ	2067	;# 
  1969     0814                     CCDCON          equ	2068	;# 
  1970     081A                     NVMADRL         equ	2074	;# 
  1971     081B                     NVMADRH         equ	2075	;# 
  1972     081C                     NVMDATL         equ	2076	;# 
  1973     081D                     NVMDATH         equ	2077	;# 
  1974     081E                     NVMCON1         equ	2078	;# 
  1975     081F                     NVMCON2         equ	2079	;# 
  1976     088C                     CPUDOZE         equ	2188	;# 
  1977     088D                     OSCCON1         equ	2189	;# 
  1978     088E                     OSCCON2         equ	2190	;# 
  1979     088F                     OSCCON3         equ	2191	;# 
  1980     0890                     OSCSTAT         equ	2192	;# 
  1981     0891                     OSCEN           equ	2193	;# 
  1982     0892                     OSCTUNE         equ	2194	;# 
  1983     0893                     OSCFRQ          equ	2195	;# 
  1984     0895                     CLKRCON         equ	2197	;# 
  1985     0896                     CLKRCLK         equ	2198	;# 
  1986     0897                     MDCON0          equ	2199	;# 
  1987     0898                     MDCON1          equ	2200	;# 
  1988     0899                     MDSRC           equ	2201	;# 
  1989     089A                     MDCARL          equ	2202	;# 
  1990     089B                     MDCARH          equ	2203	;# 
  1991     090C                     FVRCON          equ	2316	;# 
  1992     090E                     DAC1CON0        equ	2318	;# 
  1993     090F                     DAC1CON1        equ	2319	;# 
  1994     091F                     ZCD1CON         equ	2335	;# 
  1995     091F                     ZCDCON          equ	2335	;# 
  1996     098F                     CMOUT           equ	2447	;# 
  1997     098F                     CMSTAT          equ	2447	;# 
  1998     0990                     CM1CON0         equ	2448	;# 
  1999     0991                     CM1CON1         equ	2449	;# 
  2000     0992                     CM1NSEL         equ	2450	;# 
  2001     0993                     CM1PSEL         equ	2451	;# 
  2002     0994                     CM2CON0         equ	2452	;# 
  2003     0995                     CM2CON1         equ	2453	;# 
  2004     0996                     CM2NSEL         equ	2454	;# 
  2005     0997                     CM2PSEL         equ	2455	;# 
  2006     0E0F                     CLCDATA         equ	3599	;# 
  2007     0E10                     CLC1CON         equ	3600	;# 
  2008     0E11                     CLC1POL         equ	3601	;# 
  2009     0E12                     CLC1SEL0        equ	3602	;# 
  2010     0E13                     CLC1SEL1        equ	3603	;# 
  2011     0E14                     CLC1SEL2        equ	3604	;# 
  2012     0E15                     CLC1SEL3        equ	3605	;# 
  2013     0E16                     CLC1GLS0        equ	3606	;# 
  2014     0E17                     CLC1GLS1        equ	3607	;# 
  2015     0E18                     CLC1GLS2        equ	3608	;# 
  2016     0E19                     CLC1GLS3        equ	3609	;# 
  2017     0E1A                     CLC2CON         equ	3610	;# 
  2018     0E1B                     CLC2POL         equ	3611	;# 
  2019     0E1C                     CLC2SEL0        equ	3612	;# 
  2020     0E1D                     CLC2SEL1        equ	3613	;# 
  2021     0E1E                     CLC2SEL2        equ	3614	;# 
  2022     0E1F                     CLC2SEL3        equ	3615	;# 
  2023     0E20                     CLC2GLS0        equ	3616	;# 
  2024     0E21                     CLC2GLS1        equ	3617	;# 
  2025     0E22                     CLC2GLS2        equ	3618	;# 
  2026     0E23                     CLC2GLS3        equ	3619	;# 
  2027     0E24                     CLC3CON         equ	3620	;# 
  2028     0E25                     CLC3POL         equ	3621	;# 
  2029     0E26                     CLC3SEL0        equ	3622	;# 
  2030     0E27                     CLC3SEL1        equ	3623	;# 
  2031     0E28                     CLC3SEL2        equ	3624	;# 
  2032     0E29                     CLC3SEL3        equ	3625	;# 
  2033     0E2A                     CLC3GLS0        equ	3626	;# 
  2034     0E2B                     CLC3GLS1        equ	3627	;# 
  2035     0E2C                     CLC3GLS2        equ	3628	;# 
  2036     0E2D                     CLC3GLS3        equ	3629	;# 
  2037     0E2E                     CLC4CON         equ	3630	;# 
  2038     0E2F                     CLC4POL         equ	3631	;# 
  2039     0E30                     CLC4SEL0        equ	3632	;# 
  2040     0E31                     CLC4SEL1        equ	3633	;# 
  2041     0E32                     CLC4SEL2        equ	3634	;# 
  2042     0E33                     CLC4SEL3        equ	3635	;# 
  2043     0E34                     CLC4GLS0        equ	3636	;# 
  2044     0E35                     CLC4GLS1        equ	3637	;# 
  2045     0E36                     CLC4GLS2        equ	3638	;# 
  2046     0E37                     CLC4GLS3        equ	3639	;# 
  2047     0E8F                     PPSLOCK         equ	3727	;# 
  2048     0E90                     INTPPS          equ	3728	;# 
  2049     0E91                     T0CKIPPS        equ	3729	;# 
  2050     0E92                     T1CKIPPS        equ	3730	;# 
  2051     0E93                     T1GPPS          equ	3731	;# 
  2052     0E94                     T3CKIPPS        equ	3732	;# 
  2053     0E95                     T3GPPS          equ	3733	;# 
  2054     0E96                     T5CKIPPS        equ	3734	;# 
  2055     0E97                     T5GPPS          equ	3735	;# 
  2056     0E9C                     T2AINPPS        equ	3740	;# 
  2057     0E9D                     T4AINPPS        equ	3741	;# 
  2058     0E9E                     T6AINPPS        equ	3742	;# 
  2059     0EA1                     CCP1PPS         equ	3745	;# 
  2060     0EA2                     CCP2PPS         equ	3746	;# 
  2061     0EA3                     CCP3PPS         equ	3747	;# 
  2062     0EA4                     CCP4PPS         equ	3748	;# 
  2063     0EA5                     CCP5PPS         equ	3749	;# 
  2064     0EA9                     SMT1WINPPS      equ	3753	;# 
  2065     0EAA                     SMT1SIGPPS      equ	3754	;# 
  2066     0EAB                     SMT2WINPPS      equ	3755	;# 
  2067     0EAC                     SMT2SIGPPS      equ	3756	;# 
  2068     0EB1                     CWG1PPS         equ	3761	;# 
  2069     0EB2                     CWG2PPS         equ	3762	;# 
  2070     0EB3                     CWG3PPS         equ	3763	;# 
  2071     0EB8                     MDCARLPPS       equ	3768	;# 
  2072     0EB9                     MDCARHPPS       equ	3769	;# 
  2073     0EBA                     MDSRCPPS        equ	3770	;# 
  2074     0EBB                     CLCIN0PPS       equ	3771	;# 
  2075     0EBC                     CLCIN1PPS       equ	3772	;# 
  2076     0EBD                     CLCIN2PPS       equ	3773	;# 
  2077     0EBE                     CLCIN3PPS       equ	3774	;# 
  2078     0EC3                     ADCACTPPS       equ	3779	;# 
  2079     0EC5                     SSP1CLKPPS      equ	3781	;# 
  2080     0EC6                     SSP1DATPPS      equ	3782	;# 
  2081     0EC7                     SSP1SSPPS       equ	3783	;# 
  2082     0EC8                     SSP2CLKPPS      equ	3784	;# 
  2083     0EC9                     SSP2DATPPS      equ	3785	;# 
  2084     0ECA                     SSP2SSPPS       equ	3786	;# 
  2085     0ECB                     RXPPS           equ	3787	;# 
  2086     0ECC                     TXPPS           equ	3788	;# 
  2087     0F10                     RA0PPS          equ	3856	;# 
  2088     0F11                     RA1PPS          equ	3857	;# 
  2089     0F12                     RA2PPS          equ	3858	;# 
  2090     0F13                     RA3PPS          equ	3859	;# 
  2091     0F14                     RA4PPS          equ	3860	;# 
  2092     0F15                     RA5PPS          equ	3861	;# 
  2093     0F16                     RA6PPS          equ	3862	;# 
  2094     0F17                     RA7PPS          equ	3863	;# 
  2095     0F18                     RB0PPS          equ	3864	;# 
  2096     0F19                     RB1PPS          equ	3865	;# 
  2097     0F1A                     RB2PPS          equ	3866	;# 
  2098     0F1B                     RB3PPS          equ	3867	;# 
  2099     0F1C                     RB4PPS          equ	3868	;# 
  2100     0F1D                     RB5PPS          equ	3869	;# 
  2101     0F1E                     RB6PPS          equ	3870	;# 
  2102     0F1F                     RB7PPS          equ	3871	;# 
  2103     0F20                     RC0PPS          equ	3872	;# 
  2104     0F21                     RC1PPS          equ	3873	;# 
  2105     0F22                     RC2PPS          equ	3874	;# 
  2106     0F23                     RC3PPS          equ	3875	;# 
  2107     0F24                     RC4PPS          equ	3876	;# 
  2108     0F25                     RC5PPS          equ	3877	;# 
  2109     0F26                     RC6PPS          equ	3878	;# 
  2110     0F27                     RC7PPS          equ	3879	;# 
  2111     0F38                     ANSELA          equ	3896	;# 
  2112     0F39                     WPUA            equ	3897	;# 
  2113     0F3A                     ODCONA          equ	3898	;# 
  2114     0F3B                     SLRCONA         equ	3899	;# 
  2115     0F3C                     INLVLA          equ	3900	;# 
  2116     0F3D                     IOCAP           equ	3901	;# 
  2117     0F3E                     IOCAN           equ	3902	;# 
  2118     0F3F                     IOCAF           equ	3903	;# 
  2119     0F40                     CCDNA           equ	3904	;# 
  2120     0F41                     CCDPA           equ	3905	;# 
  2121     0F43                     ANSELB          equ	3907	;# 
  2122     0F44                     WPUB            equ	3908	;# 
  2123     0F45                     ODCONB          equ	3909	;# 
  2124     0F46                     SLRCONB         equ	3910	;# 
  2125     0F47                     INLVLB          equ	3911	;# 
  2126     0F48                     IOCBP           equ	3912	;# 
  2127     0F49                     IOCBN           equ	3913	;# 
  2128     0F4A                     IOCBF           equ	3914	;# 
  2129     0F4B                     CCDNB           equ	3915	;# 
  2130     0F4C                     CCDPB           equ	3916	;# 
  2131     0F4E                     ANSELC          equ	3918	;# 
  2132     0F4F                     WPUC            equ	3919	;# 
  2133     0F50                     ODCONC          equ	3920	;# 
  2134     0F51                     SLRCONC         equ	3921	;# 
  2135     0F52                     INLVLC          equ	3922	;# 
  2136     0F53                     IOCCP           equ	3923	;# 
  2137     0F54                     IOCCN           equ	3924	;# 
  2138     0F55                     IOCCF           equ	3925	;# 
  2139     0F56                     CCDNC           equ	3926	;# 
  2140     0F57                     CCDPC           equ	3927	;# 
  2141     0F65                     WPUE            equ	3941	;# 
  2142     0F68                     INLVLE          equ	3944	;# 
  2143     0F69                     IOCEP           equ	3945	;# 
  2144     0F6A                     IOCEN           equ	3946	;# 
  2145     0F6B                     IOCEF           equ	3947	;# 
  2146     0FE4                     STATUS_SHAD     equ	4068	;# 
  2147     0FE5                     WREG_SHAD       equ	4069	;# 
  2148     0FE6                     BSR_SHAD        equ	4070	;# 
  2149     0FE7                     PCLATH_SHAD     equ	4071	;# 
  2150     0FE8                     FSR0L_SHAD      equ	4072	;# 
  2151     0FE9                     FSR0H_SHAD      equ	4073	;# 
  2152     0FEA                     FSR1L_SHAD      equ	4074	;# 
  2153     0FEB                     FSR1H_SHAD      equ	4075	;# 
  2154     0FED                     STKPTR          equ	4077	;# 
  2155     0FEE                     TOSL            equ	4078	;# 
  2156     0FEF                     TOSH            equ	4079	;# 
  2157     0000                     INDF0           equ	0	;# 
  2158     0001                     INDF1           equ	1	;# 
  2159     0002                     PCL             equ	2	;# 
  2160     0003                     STATUS          equ	3	;# 
  2161     0004                     FSR0L           equ	4	;# 
  2162     0005                     FSR0H           equ	5	;# 
  2163     0006                     FSR1L           equ	6	;# 
  2164     0007                     FSR1H           equ	7	;# 
  2165     0008                     BSR             equ	8	;# 
  2166     0009                     WREG            equ	9	;# 
  2167     000A                     PCLATH          equ	10	;# 
  2168     000B                     INTCON          equ	11	;# 
  2169     000C                     PORTA           equ	12	;# 
  2170     000D                     PORTB           equ	13	;# 
  2171     000E                     PORTC           equ	14	;# 
  2172     0010                     PORTE           equ	16	;# 
  2173     0011                     TRISA           equ	17	;# 
  2174     0012                     TRISB           equ	18	;# 
  2175     0013                     TRISC           equ	19	;# 
  2176     0016                     LATA            equ	22	;# 
  2177     0017                     LATB            equ	23	;# 
  2178     0018                     LATC            equ	24	;# 
  2179     001C                     TMR0L           equ	28	;# 
  2180     001C                     TMR0            equ	28	;# 
  2181     001D                     TMR0H           equ	29	;# 
  2182     001D                     PR0             equ	29	;# 
  2183     001E                     T0CON0          equ	30	;# 
  2184     001F                     T0CON1          equ	31	;# 
  2185     008C                     ADRES           equ	140	;# 
  2186     008C                     ADRESL          equ	140	;# 
  2187     008D                     ADRESH          equ	141	;# 
  2188     008E                     ADPREV          equ	142	;# 
  2189     008E                     ADPREVL         equ	142	;# 
  2190     008F                     ADPREVH         equ	143	;# 
  2191     0090                     ADACC           equ	144	;# 
  2192     0090                     ADACCL          equ	144	;# 
  2193     0091                     ADACCH          equ	145	;# 
  2194     0093                     ADCON0          equ	147	;# 
  2195     0094                     ADCON1          equ	148	;# 
  2196     0095                     ADCON2          equ	149	;# 
  2197     0096                     ADCON3          equ	150	;# 
  2198     0097                     ADSTAT          equ	151	;# 
  2199     0098                     ADCLK           equ	152	;# 
  2200     0099                     ADACT           equ	153	;# 
  2201     009A                     ADREF           equ	154	;# 
  2202     009B                     ADCAP           equ	155	;# 
  2203     009C                     ADPRE           equ	156	;# 
  2204     009D                     ADACQ           equ	157	;# 
  2205     009E                     ADPCH           equ	158	;# 
  2206     010C                     ADCNT           equ	268	;# 
  2207     010D                     ADRPT           equ	269	;# 
  2208     010E                     ADLTH           equ	270	;# 
  2209     010E                     ADLTHL          equ	270	;# 
  2210     010F                     ADLTHH          equ	271	;# 
  2211     0110                     ADUTH           equ	272	;# 
  2212     0110                     ADUTHL          equ	272	;# 
  2213     0111                     ADUTHH          equ	273	;# 
  2214     0112                     ADSTPT          equ	274	;# 
  2215     0112                     ADSTPTL         equ	274	;# 
  2216     0113                     ADSTPTH         equ	275	;# 
  2217     0114                     ADFLTR          equ	276	;# 
  2218     0114                     ADFLTRL         equ	276	;# 
  2219     0115                     ADFLTRH         equ	277	;# 
  2220     0116                     ADERR           equ	278	;# 
  2221     0116                     ADERRL          equ	278	;# 
  2222     0117                     ADERRH          equ	279	;# 
  2223     0119                     RC1REG          equ	281	;# 
  2224     0119                     RCREG           equ	281	;# 
  2225     0119                     RCREG1          equ	281	;# 
  2226     011A                     TX1REG          equ	282	;# 
  2227     011A                     TXREG1          equ	282	;# 
  2228     011A                     TXREG           equ	282	;# 
  2229     011B                     SP1BRG          equ	283	;# 
  2230     011B                     SP1BRGL         equ	283	;# 
  2231     011B                     SPBRG           equ	283	;# 
  2232     011B                     SPBRG1          equ	283	;# 
  2233     011B                     SPBRGL          equ	283	;# 
  2234     011C                     SP1BRGH         equ	284	;# 
  2235     011C                     SPBRGH          equ	284	;# 
  2236     011C                     SPBRGH1         equ	284	;# 
  2237     011D                     RC1STA          equ	285	;# 
  2238     011D                     RCSTA1          equ	285	;# 
  2239     011D                     RCSTA           equ	285	;# 
  2240     011E                     TX1STA          equ	286	;# 
  2241     011E                     TXSTA1          equ	286	;# 
  2242     011E                     TXSTA           equ	286	;# 
  2243     011F                     BAUD1CON        equ	287	;# 
  2244     011F                     BAUDCON1        equ	287	;# 
  2245     011F                     BAUDCTL1        equ	287	;# 
  2246     011F                     BAUDCON         equ	287	;# 
  2247     011F                     BAUDCTL         equ	287	;# 
  2248     018C                     SSP1BUF         equ	396	;# 
  2249     018D                     SSP1ADD         equ	397	;# 
  2250     018E                     SSP1MSK         equ	398	;# 
  2251     018F                     SSP1STAT        equ	399	;# 
  2252     0190                     SSP1CON1        equ	400	;# 
  2253     0191                     SSP1CON2        equ	401	;# 
  2254     0192                     SSP1CON3        equ	402	;# 
  2255     0196                     SSP2BUF         equ	406	;# 
  2256     0197                     SSP2ADD         equ	407	;# 
  2257     0198                     SSP2MSK         equ	408	;# 
  2258     0199                     SSP2STAT        equ	409	;# 
  2259     019A                     SSP2CON1        equ	410	;# 
  2260     019B                     SSP2CON2        equ	411	;# 
  2261     019C                     SSP2CON3        equ	412	;# 
  2262     020C                     TMR1            equ	524	;# 
  2263     020C                     TMR1L           equ	524	;# 
  2264     020D                     TMR1H           equ	525	;# 
  2265     020E                     T1CON           equ	526	;# 
  2266     020F                     T1GCON          equ	527	;# 
  2267     020F                     PR1             equ	527	;# 
  2268     0210                     T1GATE          equ	528	;# 
  2269     0210                     TMR1GATE        equ	528	;# 
  2270     0211                     T1CLK           equ	529	;# 
  2271     0211                     TMR1CLK         equ	529	;# 
  2272     0212                     TMR3            equ	530	;# 
  2273     0212                     TMR3L           equ	530	;# 
  2274     0213                     TMR3H           equ	531	;# 
  2275     0214                     T3CON           equ	532	;# 
  2276     0215                     T3GCON          equ	533	;# 
  2277     0215                     PR3             equ	533	;# 
  2278     0216                     T3GATE          equ	534	;# 
  2279     0216                     TMR3GATE        equ	534	;# 
  2280     0217                     T3CLK           equ	535	;# 
  2281     0217                     TMR3CLK         equ	535	;# 
  2282     0218                     TMR5            equ	536	;# 
  2283     0218                     TMR5L           equ	536	;# 
  2284     0219                     TMR5H           equ	537	;# 
  2285     021A                     T5CON           equ	538	;# 
  2286     021B                     T5GCON          equ	539	;# 
  2287     021B                     PR5             equ	539	;# 
  2288     021C                     T5GATE          equ	540	;# 
  2289     021C                     TMR5GATE        equ	540	;# 
  2290     021D                     T5CLK           equ	541	;# 
  2291     021D                     TMR5CLK         equ	541	;# 
  2292     021E                     CCPTMRS0        equ	542	;# 
  2293     021F                     CCPTMRS1        equ	543	;# 
  2294     028C                     T2TMR           equ	652	;# 
  2295     028C                     TMR2            equ	652	;# 
  2296     028D                     T2PR            equ	653	;# 
  2297     028D                     PR2             equ	653	;# 
  2298     028E                     T2CON           equ	654	;# 
  2299     028F                     T2HLT           equ	655	;# 
  2300     0290                     T2CLKCON        equ	656	;# 
  2301     0290                     T2CLK           equ	656	;# 
  2302     0291                     T2RST           equ	657	;# 
  2303     0292                     T4TMR           equ	658	;# 
  2304     0292                     TMR4            equ	658	;# 
  2305     0293                     T4PR            equ	659	;# 
  2306     0293                     PR4             equ	659	;# 
  2307     0294                     T4CON           equ	660	;# 
  2308     0295                     T4HLT           equ	661	;# 
  2309     0296                     T4CLKCON        equ	662	;# 
  2310     0296                     T4CLK           equ	662	;# 
  2311     0297                     T4RST           equ	663	;# 
  2312     0298                     T6TMR           equ	664	;# 
  2313     0298                     TMR6            equ	664	;# 
  2314     0299                     T6PR            equ	665	;# 
  2315     0299                     PR6             equ	665	;# 
  2316     029A                     T6CON           equ	666	;# 
  2317     029B                     T6HLT           equ	667	;# 
  2318     029C                     T6CLKCON        equ	668	;# 
  2319     029C                     T6CLK           equ	668	;# 
  2320     029D                     T6RST           equ	669	;# 
  2321     030C                     CCPR1           equ	780	;# 
  2322     030C                     CCPR1L          equ	780	;# 
  2323     030D                     CCPR1H          equ	781	;# 
  2324     030E                     CCP1CON         equ	782	;# 
  2325     030F                     CCP1CAP         equ	783	;# 
  2326     0310                     CCPR2           equ	784	;# 
  2327     0310                     CCPR2L          equ	784	;# 
  2328     0311                     CCPR2H          equ	785	;# 
  2329     0312                     CCP2CON         equ	786	;# 
  2330     0313                     CCP2CAP         equ	787	;# 
  2331     0314                     CCPR3           equ	788	;# 
  2332     0314                     CCPR3L          equ	788	;# 
  2333     0315                     CCPR3H          equ	789	;# 
  2334     0316                     CCP3CON         equ	790	;# 
  2335     0317                     CCP3CAP         equ	791	;# 
  2336     0318                     CCPR4           equ	792	;# 
  2337     0318                     CCPR4L          equ	792	;# 
  2338     0319                     CCPR4H          equ	793	;# 
  2339     031A                     CCP4CON         equ	794	;# 
  2340     031B                     CCP4CAP         equ	795	;# 
  2341     031C                     CCPR5           equ	796	;# 
  2342     031C                     CCPR5L          equ	796	;# 
  2343     031D                     CCPR5H          equ	797	;# 
  2344     031E                     CCP5CON         equ	798	;# 
  2345     031F                     CCP5CAP         equ	799	;# 
  2346     038C                     PWM6DC          equ	908	;# 
  2347     038C                     PWM6DCL         equ	908	;# 
  2348     038D                     PWM6DCH         equ	909	;# 
  2349     038E                     PWM6CON         equ	910	;# 
  2350     0390                     PWM7DC          equ	912	;# 
  2351     0390                     PWM7DCL         equ	912	;# 
  2352     0391                     PWM7DCH         equ	913	;# 
  2353     0392                     PWM7CON         equ	914	;# 
  2354     040C                     SCANLADRL       equ	1036	;# 
  2355     040D                     SCANLADRH       equ	1037	;# 
  2356     040E                     SCANHADRL       equ	1038	;# 
  2357     040F                     SCANHADRH       equ	1039	;# 
  2358     0410                     SCANCON0        equ	1040	;# 
  2359     0411                     SCANTRIG        equ	1041	;# 
  2360     0416                     CRCDATA         equ	1046	;# 
  2361     0416                     CRCDATL         equ	1046	;# 
  2362     0417                     CRCDATH         equ	1047	;# 
  2363     0418                     CRCACC          equ	1048	;# 
  2364     0418                     CRCACCL         equ	1048	;# 
  2365     0419                     CRCACCH         equ	1049	;# 
  2366     041A                     CRCSHFT         equ	1050	;# 
  2367     041A                     CRCSHIFTL       equ	1050	;# 
  2368     041B                     CRCSHIFTH       equ	1051	;# 
  2369     041C                     CRCXOR          equ	1052	;# 
  2370     041C                     CRCXORL         equ	1052	;# 
  2371     041D                     CRCXORH         equ	1053	;# 
  2372     041E                     CRCCON0         equ	1054	;# 
  2373     041F                     CRCCON1         equ	1055	;# 
  2374     048C                     SMT1TMR         equ	1164	;# 
  2375     048C                     SMT1TMRL        equ	1164	;# 
  2376     048D                     SMT1TMRH        equ	1165	;# 
  2377     048E                     SMT1TMRU        equ	1166	;# 
  2378     048F                     SMT1CPR         equ	1167	;# 
  2379     048F                     SMT1CPRL        equ	1167	;# 
  2380     0490                     SMT1CPRH        equ	1168	;# 
  2381     0491                     SMT1CPRU        equ	1169	;# 
  2382     0492                     SMT1CPW         equ	1170	;# 
  2383     0492                     SMT1CPWL        equ	1170	;# 
  2384     0493                     SMT1CPWH        equ	1171	;# 
  2385     0494                     SMT1CPWU        equ	1172	;# 
  2386     0495                     SMT1PR          equ	1173	;# 
  2387     0495                     SMT1PRL         equ	1173	;# 
  2388     0496                     SMT1PRH         equ	1174	;# 
  2389     0497                     SMT1PRU         equ	1175	;# 
  2390     0498                     SMT1CON0        equ	1176	;# 
  2391     0499                     SMT1CON1        equ	1177	;# 
  2392     049A                     SMT1STAT        equ	1178	;# 
  2393     049B                     SMT1CLK         equ	1179	;# 
  2394     049C                     SMT1SIG         equ	1180	;# 
  2395     049D                     SMT1WIN         equ	1181	;# 
  2396     050C                     SMT2TMR         equ	1292	;# 
  2397     050C                     SMT2TMRL        equ	1292	;# 
  2398     050D                     SMT2TMRH        equ	1293	;# 
  2399     050E                     SMT2TMRU        equ	1294	;# 
  2400     050F                     SMT2CPR         equ	1295	;# 
  2401     050F                     SMT2CPRL        equ	1295	;# 
  2402     0510                     SMT2CPRH        equ	1296	;# 
  2403     0511                     SMT2CPRU        equ	1297	;# 
  2404     0512                     SMT2CPW         equ	1298	;# 
  2405     0512                     SMT2CPWL        equ	1298	;# 
  2406     0513                     SMT2CPWH        equ	1299	;# 
  2407     0514                     SMT2CPWU        equ	1300	;# 
  2408     0515                     SMT2PR          equ	1301	;# 
  2409     0515                     SMT2PRL         equ	1301	;# 
  2410     0516                     SMT2PRH         equ	1302	;# 
  2411     0517                     SMT2PRU         equ	1303	;# 
  2412     0518                     SMT2CON0        equ	1304	;# 
  2413     0519                     SMT2CON1        equ	1305	;# 
  2414     051A                     SMT2STAT        equ	1306	;# 
  2415     051B                     SMT2CLK         equ	1307	;# 
  2416     051C                     SMT2SIG         equ	1308	;# 
  2417     051D                     SMT2WIN         equ	1309	;# 
  2418     058C                     NCO1ACC         equ	1420	;# 
  2419     058C                     NCO1ACCL        equ	1420	;# 
  2420     058D                     NCO1ACCH        equ	1421	;# 
  2421     058E                     NCO1ACCU        equ	1422	;# 
  2422     058F                     NCO1INC         equ	1423	;# 
  2423     058F                     NCO1INCL        equ	1423	;# 
  2424     0590                     NCO1INCH        equ	1424	;# 
  2425     0591                     NCO1INCU        equ	1425	;# 
  2426     0592                     NCO1CON         equ	1426	;# 
  2427     0593                     NCO1CLK         equ	1427	;# 
  2428     060C                     CWG1CLKCON      equ	1548	;# 
  2429     060D                     CWG1ISM         equ	1549	;# 
  2430     060E                     CWG1DBR         equ	1550	;# 
  2431     060F                     CWG1DBF         equ	1551	;# 
  2432     0610                     CWG1CON0        equ	1552	;# 
  2433     0611                     CWG1CON1        equ	1553	;# 
  2434     0612                     CWG1AS0         equ	1554	;# 
  2435     0613                     CWG1AS1         equ	1555	;# 
  2436     0614                     CWG1STR         equ	1556	;# 
  2437     0616                     CWG2CLKCON      equ	1558	;# 
  2438     0617                     CWG2ISM         equ	1559	;# 
  2439     0618                     CWG2DBR         equ	1560	;# 
  2440     0619                     CWG2DBF         equ	1561	;# 
  2441     061A                     CWG2CON0        equ	1562	;# 
  2442     061B                     CWG2CON1        equ	1563	;# 
  2443     061C                     CWG2AS0         equ	1564	;# 
  2444     061D                     CWG2AS1         equ	1565	;# 
  2445     061E                     CWG2STR         equ	1566	;# 
  2446     068C                     CWG3CLKCON      equ	1676	;# 
  2447     068D                     CWG3ISM         equ	1677	;# 
  2448     068E                     CWG3DBR         equ	1678	;# 
  2449     068F                     CWG3DBF         equ	1679	;# 
  2450     0690                     CWG3CON0        equ	1680	;# 
  2451     0691                     CWG3CON1        equ	1681	;# 
  2452     0692                     CWG3AS0         equ	1682	;# 
  2453     0693                     CWG3AS1         equ	1683	;# 
  2454     0694                     CWG3STR         equ	1684	;# 
  2455     070C                     PIR0            equ	1804	;# 
  2456     070D                     PIR1            equ	1805	;# 
  2457     070E                     PIR2            equ	1806	;# 
  2458     070F                     PIR3            equ	1807	;# 
  2459     0710                     PIR4            equ	1808	;# 
  2460     0711                     PIR5            equ	1809	;# 
  2461     0712                     PIR6            equ	1810	;# 
  2462     0713                     PIR7            equ	1811	;# 
  2463     0714                     PIR8            equ	1812	;# 
  2464     0716                     PIE0            equ	1814	;# 
  2465     0717                     PIE1            equ	1815	;# 
  2466     0718                     PIE2            equ	1816	;# 
  2467     0719                     PIE3            equ	1817	;# 
  2468     071A                     PIE4            equ	1818	;# 
  2469     071B                     PIE5            equ	1819	;# 
  2470     071C                     PIE6            equ	1820	;# 
  2471     071D                     PIE7            equ	1821	;# 
  2472     071E                     PIE8            equ	1822	;# 
  2473     0796                     PMD0            equ	1942	;# 
  2474     0797                     PMD1            equ	1943	;# 
  2475     0798                     PMD2            equ	1944	;# 
  2476     0799                     PMD3            equ	1945	;# 
  2477     079A                     PMD4            equ	1946	;# 
  2478     079B                     PMD5            equ	1947	;# 
  2479     080C                     WDTCON0         equ	2060	;# 
  2480     080D                     WDTCON1         equ	2061	;# 
  2481     080E                     WDTPSL          equ	2062	;# 
  2482     080F                     WDTPSH          equ	2063	;# 
  2483     0810                     WDTTMR          equ	2064	;# 
  2484     0811                     BORCON          equ	2065	;# 
  2485     0812                     VREGCON         equ	2066	;# 
  2486     0813                     PCON0           equ	2067	;# 
  2487     0814                     CCDCON          equ	2068	;# 
  2488     081A                     NVMADRL         equ	2074	;# 
  2489     081B                     NVMADRH         equ	2075	;# 
  2490     081C                     NVMDATL         equ	2076	;# 
  2491     081D                     NVMDATH         equ	2077	;# 
  2492     081E                     NVMCON1         equ	2078	;# 
  2493     081F                     NVMCON2         equ	2079	;# 
  2494     088C                     CPUDOZE         equ	2188	;# 
  2495     088D                     OSCCON1         equ	2189	;# 
  2496     088E                     OSCCON2         equ	2190	;# 
  2497     088F                     OSCCON3         equ	2191	;# 
  2498     0890                     OSCSTAT         equ	2192	;# 
  2499     0891                     OSCEN           equ	2193	;# 
  2500     0892                     OSCTUNE         equ	2194	;# 
  2501     0893                     OSCFRQ          equ	2195	;# 
  2502     0895                     CLKRCON         equ	2197	;# 
  2503     0896                     CLKRCLK         equ	2198	;# 
  2504     0897                     MDCON0          equ	2199	;# 
  2505     0898                     MDCON1          equ	2200	;# 
  2506     0899                     MDSRC           equ	2201	;# 
  2507     089A                     MDCARL          equ	2202	;# 
  2508     089B                     MDCARH          equ	2203	;# 
  2509     090C                     FVRCON          equ	2316	;# 
  2510     090E                     DAC1CON0        equ	2318	;# 
  2511     090F                     DAC1CON1        equ	2319	;# 
  2512     091F                     ZCD1CON         equ	2335	;# 
  2513     091F                     ZCDCON          equ	2335	;# 
  2514     098F                     CMOUT           equ	2447	;# 
  2515     098F                     CMSTAT          equ	2447	;# 
  2516     0990                     CM1CON0         equ	2448	;# 
  2517     0991                     CM1CON1         equ	2449	;# 
  2518     0992                     CM1NSEL         equ	2450	;# 
  2519     0993                     CM1PSEL         equ	2451	;# 
  2520     0994                     CM2CON0         equ	2452	;# 
  2521     0995                     CM2CON1         equ	2453	;# 
  2522     0996                     CM2NSEL         equ	2454	;# 
  2523     0997                     CM2PSEL         equ	2455	;# 
  2524     0E0F                     CLCDATA         equ	3599	;# 
  2525     0E10                     CLC1CON         equ	3600	;# 
  2526     0E11                     CLC1POL         equ	3601	;# 
  2527     0E12                     CLC1SEL0        equ	3602	;# 
  2528     0E13                     CLC1SEL1        equ	3603	;# 
  2529     0E14                     CLC1SEL2        equ	3604	;# 
  2530     0E15                     CLC1SEL3        equ	3605	;# 
  2531     0E16                     CLC1GLS0        equ	3606	;# 
  2532     0E17                     CLC1GLS1        equ	3607	;# 
  2533     0E18                     CLC1GLS2        equ	3608	;# 
  2534     0E19                     CLC1GLS3        equ	3609	;# 
  2535     0E1A                     CLC2CON         equ	3610	;# 
  2536     0E1B                     CLC2POL         equ	3611	;# 
  2537     0E1C                     CLC2SEL0        equ	3612	;# 
  2538     0E1D                     CLC2SEL1        equ	3613	;# 
  2539     0E1E                     CLC2SEL2        equ	3614	;# 
  2540     0E1F                     CLC2SEL3        equ	3615	;# 
  2541     0E20                     CLC2GLS0        equ	3616	;# 
  2542     0E21                     CLC2GLS1        equ	3617	;# 
  2543     0E22                     CLC2GLS2        equ	3618	;# 
  2544     0E23                     CLC2GLS3        equ	3619	;# 
  2545     0E24                     CLC3CON         equ	3620	;# 
  2546     0E25                     CLC3POL         equ	3621	;# 
  2547     0E26                     CLC3SEL0        equ	3622	;# 
  2548     0E27                     CLC3SEL1        equ	3623	;# 
  2549     0E28                     CLC3SEL2        equ	3624	;# 
  2550     0E29                     CLC3SEL3        equ	3625	;# 
  2551     0E2A                     CLC3GLS0        equ	3626	;# 
  2552     0E2B                     CLC3GLS1        equ	3627	;# 
  2553     0E2C                     CLC3GLS2        equ	3628	;# 
  2554     0E2D                     CLC3GLS3        equ	3629	;# 
  2555     0E2E                     CLC4CON         equ	3630	;# 
  2556     0E2F                     CLC4POL         equ	3631	;# 
  2557     0E30                     CLC4SEL0        equ	3632	;# 
  2558     0E31                     CLC4SEL1        equ	3633	;# 
  2559     0E32                     CLC4SEL2        equ	3634	;# 
  2560     0E33                     CLC4SEL3        equ	3635	;# 
  2561     0E34                     CLC4GLS0        equ	3636	;# 
  2562     0E35                     CLC4GLS1        equ	3637	;# 
  2563     0E36                     CLC4GLS2        equ	3638	;# 
  2564     0E37                     CLC4GLS3        equ	3639	;# 
  2565     0E8F                     PPSLOCK         equ	3727	;# 
  2566     0E90                     INTPPS          equ	3728	;# 
  2567     0E91                     T0CKIPPS        equ	3729	;# 
  2568     0E92                     T1CKIPPS        equ	3730	;# 
  2569     0E93                     T1GPPS          equ	3731	;# 
  2570     0E94                     T3CKIPPS        equ	3732	;# 
  2571     0E95                     T3GPPS          equ	3733	;# 
  2572     0E96                     T5CKIPPS        equ	3734	;# 
  2573     0E97                     T5GPPS          equ	3735	;# 
  2574     0E9C                     T2AINPPS        equ	3740	;# 
  2575     0E9D                     T4AINPPS        equ	3741	;# 
  2576     0E9E                     T6AINPPS        equ	3742	;# 
  2577     0EA1                     CCP1PPS         equ	3745	;# 
  2578     0EA2                     CCP2PPS         equ	3746	;# 
  2579     0EA3                     CCP3PPS         equ	3747	;# 
  2580     0EA4                     CCP4PPS         equ	3748	;# 
  2581     0EA5                     CCP5PPS         equ	3749	;# 
  2582     0EA9                     SMT1WINPPS      equ	3753	;# 
  2583     0EAA                     SMT1SIGPPS      equ	3754	;# 
  2584     0EAB                     SMT2WINPPS      equ	3755	;# 
  2585     0EAC                     SMT2SIGPPS      equ	3756	;# 
  2586     0EB1                     CWG1PPS         equ	3761	;# 
  2587     0EB2                     CWG2PPS         equ	3762	;# 
  2588     0EB3                     CWG3PPS         equ	3763	;# 
  2589     0EB8                     MDCARLPPS       equ	3768	;# 
  2590     0EB9                     MDCARHPPS       equ	3769	;# 
  2591     0EBA                     MDSRCPPS        equ	3770	;# 
  2592     0EBB                     CLCIN0PPS       equ	3771	;# 
  2593     0EBC                     CLCIN1PPS       equ	3772	;# 
  2594     0EBD                     CLCIN2PPS       equ	3773	;# 
  2595     0EBE                     CLCIN3PPS       equ	3774	;# 
  2596     0EC3                     ADCACTPPS       equ	3779	;# 
  2597     0EC5                     SSP1CLKPPS      equ	3781	;# 
  2598     0EC6                     SSP1DATPPS      equ	3782	;# 
  2599     0EC7                     SSP1SSPPS       equ	3783	;# 
  2600     0EC8                     SSP2CLKPPS      equ	3784	;# 
  2601     0EC9                     SSP2DATPPS      equ	3785	;# 
  2602     0ECA                     SSP2SSPPS       equ	3786	;# 
  2603     0ECB                     RXPPS           equ	3787	;# 
  2604     0ECC                     TXPPS           equ	3788	;# 
  2605     0F10                     RA0PPS          equ	3856	;# 
  2606     0F11                     RA1PPS          equ	3857	;# 
  2607     0F12                     RA2PPS          equ	3858	;# 
  2608     0F13                     RA3PPS          equ	3859	;# 
  2609     0F14                     RA4PPS          equ	3860	;# 
  2610     0F15                     RA5PPS          equ	3861	;# 
  2611     0F16                     RA6PPS          equ	3862	;# 
  2612     0F17                     RA7PPS          equ	3863	;# 
  2613     0F18                     RB0PPS          equ	3864	;# 
  2614     0F19                     RB1PPS          equ	3865	;# 
  2615     0F1A                     RB2PPS          equ	3866	;# 
  2616     0F1B                     RB3PPS          equ	3867	;# 
  2617     0F1C                     RB4PPS          equ	3868	;# 
  2618     0F1D                     RB5PPS          equ	3869	;# 
  2619     0F1E                     RB6PPS          equ	3870	;# 
  2620     0F1F                     RB7PPS          equ	3871	;# 
  2621     0F20                     RC0PPS          equ	3872	;# 
  2622     0F21                     RC1PPS          equ	3873	;# 
  2623     0F22                     RC2PPS          equ	3874	;# 
  2624     0F23                     RC3PPS          equ	3875	;# 
  2625     0F24                     RC4PPS          equ	3876	;# 
  2626     0F25                     RC5PPS          equ	3877	;# 
  2627     0F26                     RC6PPS          equ	3878	;# 
  2628     0F27                     RC7PPS          equ	3879	;# 
  2629     0F38                     ANSELA          equ	3896	;# 
  2630     0F39                     WPUA            equ	3897	;# 
  2631     0F3A                     ODCONA          equ	3898	;# 
  2632     0F3B                     SLRCONA         equ	3899	;# 
  2633     0F3C                     INLVLA          equ	3900	;# 
  2634     0F3D                     IOCAP           equ	3901	;# 
  2635     0F3E                     IOCAN           equ	3902	;# 
  2636     0F3F                     IOCAF           equ	3903	;# 
  2637     0F40                     CCDNA           equ	3904	;# 
  2638     0F41                     CCDPA           equ	3905	;# 
  2639     0F43                     ANSELB          equ	3907	;# 
  2640     0F44                     WPUB            equ	3908	;# 
  2641     0F45                     ODCONB          equ	3909	;# 
  2642     0F46                     SLRCONB         equ	3910	;# 
  2643     0F47                     INLVLB          equ	3911	;# 
  2644     0F48                     IOCBP           equ	3912	;# 
  2645     0F49                     IOCBN           equ	3913	;# 
  2646     0F4A                     IOCBF           equ	3914	;# 
  2647     0F4B                     CCDNB           equ	3915	;# 
  2648     0F4C                     CCDPB           equ	3916	;# 
  2649     0F4E                     ANSELC          equ	3918	;# 
  2650     0F4F                     WPUC            equ	3919	;# 
  2651     0F50                     ODCONC          equ	3920	;# 
  2652     0F51                     SLRCONC         equ	3921	;# 
  2653     0F52                     INLVLC          equ	3922	;# 
  2654     0F53                     IOCCP           equ	3923	;# 
  2655     0F54                     IOCCN           equ	3924	;# 
  2656     0F55                     IOCCF           equ	3925	;# 
  2657     0F56                     CCDNC           equ	3926	;# 
  2658     0F57                     CCDPC           equ	3927	;# 
  2659     0F65                     WPUE            equ	3941	;# 
  2660     0F68                     INLVLE          equ	3944	;# 
  2661     0F69                     IOCEP           equ	3945	;# 
  2662     0F6A                     IOCEN           equ	3946	;# 
  2663     0F6B                     IOCEF           equ	3947	;# 
  2664     0FE4                     STATUS_SHAD     equ	4068	;# 
  2665     0FE5                     WREG_SHAD       equ	4069	;# 
  2666     0FE6                     BSR_SHAD        equ	4070	;# 
  2667     0FE7                     PCLATH_SHAD     equ	4071	;# 
  2668     0FE8                     FSR0L_SHAD      equ	4072	;# 
  2669     0FE9                     FSR0H_SHAD      equ	4073	;# 
  2670     0FEA                     FSR1L_SHAD      equ	4074	;# 
  2671     0FEB                     FSR1H_SHAD      equ	4075	;# 
  2672     0FED                     STKPTR          equ	4077	;# 
  2673     0FEE                     TOSL            equ	4078	;# 
  2674     0FEF                     TOSH            equ	4079	;# 
  2675     0000                     INDF0           equ	0	;# 
  2676     0001                     INDF1           equ	1	;# 
  2677     0002                     PCL             equ	2	;# 
  2678     0003                     STATUS          equ	3	;# 
  2679     0004                     FSR0L           equ	4	;# 
  2680     0005                     FSR0H           equ	5	;# 
  2681     0006                     FSR1L           equ	6	;# 
  2682     0007                     FSR1H           equ	7	;# 
  2683     0008                     BSR             equ	8	;# 
  2684     0009                     WREG            equ	9	;# 
  2685     000A                     PCLATH          equ	10	;# 
  2686     000B                     INTCON          equ	11	;# 
  2687     000C                     PORTA           equ	12	;# 
  2688     000D                     PORTB           equ	13	;# 
  2689     000E                     PORTC           equ	14	;# 
  2690     0010                     PORTE           equ	16	;# 
  2691     0011                     TRISA           equ	17	;# 
  2692     0012                     TRISB           equ	18	;# 
  2693     0013                     TRISC           equ	19	;# 
  2694     0016                     LATA            equ	22	;# 
  2695     0017                     LATB            equ	23	;# 
  2696     0018                     LATC            equ	24	;# 
  2697     001C                     TMR0L           equ	28	;# 
  2698     001C                     TMR0            equ	28	;# 
  2699     001D                     TMR0H           equ	29	;# 
  2700     001D                     PR0             equ	29	;# 
  2701     001E                     T0CON0          equ	30	;# 
  2702     001F                     T0CON1          equ	31	;# 
  2703     008C                     ADRES           equ	140	;# 
  2704     008C                     ADRESL          equ	140	;# 
  2705     008D                     ADRESH          equ	141	;# 
  2706     008E                     ADPREV          equ	142	;# 
  2707     008E                     ADPREVL         equ	142	;# 
  2708     008F                     ADPREVH         equ	143	;# 
  2709     0090                     ADACC           equ	144	;# 
  2710     0090                     ADACCL          equ	144	;# 
  2711     0091                     ADACCH          equ	145	;# 
  2712     0093                     ADCON0          equ	147	;# 
  2713     0094                     ADCON1          equ	148	;# 
  2714     0095                     ADCON2          equ	149	;# 
  2715     0096                     ADCON3          equ	150	;# 
  2716     0097                     ADSTAT          equ	151	;# 
  2717     0098                     ADCLK           equ	152	;# 
  2718     0099                     ADACT           equ	153	;# 
  2719     009A                     ADREF           equ	154	;# 
  2720     009B                     ADCAP           equ	155	;# 
  2721     009C                     ADPRE           equ	156	;# 
  2722     009D                     ADACQ           equ	157	;# 
  2723     009E                     ADPCH           equ	158	;# 
  2724     010C                     ADCNT           equ	268	;# 
  2725     010D                     ADRPT           equ	269	;# 
  2726     010E                     ADLTH           equ	270	;# 
  2727     010E                     ADLTHL          equ	270	;# 
  2728     010F                     ADLTHH          equ	271	;# 
  2729     0110                     ADUTH           equ	272	;# 
  2730     0110                     ADUTHL          equ	272	;# 
  2731     0111                     ADUTHH          equ	273	;# 
  2732     0112                     ADSTPT          equ	274	;# 
  2733     0112                     ADSTPTL         equ	274	;# 
  2734     0113                     ADSTPTH         equ	275	;# 
  2735     0114                     ADFLTR          equ	276	;# 
  2736     0114                     ADFLTRL         equ	276	;# 
  2737     0115                     ADFLTRH         equ	277	;# 
  2738     0116                     ADERR           equ	278	;# 
  2739     0116                     ADERRL          equ	278	;# 
  2740     0117                     ADERRH          equ	279	;# 
  2741     0119                     RC1REG          equ	281	;# 
  2742     0119                     RCREG           equ	281	;# 
  2743     0119                     RCREG1          equ	281	;# 
  2744     011A                     TX1REG          equ	282	;# 
  2745     011A                     TXREG1          equ	282	;# 
  2746     011A                     TXREG           equ	282	;# 
  2747     011B                     SP1BRG          equ	283	;# 
  2748     011B                     SP1BRGL         equ	283	;# 
  2749     011B                     SPBRG           equ	283	;# 
  2750     011B                     SPBRG1          equ	283	;# 
  2751     011B                     SPBRGL          equ	283	;# 
  2752     011C                     SP1BRGH         equ	284	;# 
  2753     011C                     SPBRGH          equ	284	;# 
  2754     011C                     SPBRGH1         equ	284	;# 
  2755     011D                     RC1STA          equ	285	;# 
  2756     011D                     RCSTA1          equ	285	;# 
  2757     011D                     RCSTA           equ	285	;# 
  2758     011E                     TX1STA          equ	286	;# 
  2759     011E                     TXSTA1          equ	286	;# 
  2760     011E                     TXSTA           equ	286	;# 
  2761     011F                     BAUD1CON        equ	287	;# 
  2762     011F                     BAUDCON1        equ	287	;# 
  2763     011F                     BAUDCTL1        equ	287	;# 
  2764     011F                     BAUDCON         equ	287	;# 
  2765     011F                     BAUDCTL         equ	287	;# 
  2766     018C                     SSP1BUF         equ	396	;# 
  2767     018D                     SSP1ADD         equ	397	;# 
  2768     018E                     SSP1MSK         equ	398	;# 
  2769     018F                     SSP1STAT        equ	399	;# 
  2770     0190                     SSP1CON1        equ	400	;# 
  2771     0191                     SSP1CON2        equ	401	;# 
  2772     0192                     SSP1CON3        equ	402	;# 
  2773     0196                     SSP2BUF         equ	406	;# 
  2774     0197                     SSP2ADD         equ	407	;# 
  2775     0198                     SSP2MSK         equ	408	;# 
  2776     0199                     SSP2STAT        equ	409	;# 
  2777     019A                     SSP2CON1        equ	410	;# 
  2778     019B                     SSP2CON2        equ	411	;# 
  2779     019C                     SSP2CON3        equ	412	;# 
  2780     020C                     TMR1            equ	524	;# 
  2781     020C                     TMR1L           equ	524	;# 
  2782     020D                     TMR1H           equ	525	;# 
  2783     020E                     T1CON           equ	526	;# 
  2784     020F                     T1GCON          equ	527	;# 
  2785     020F                     PR1             equ	527	;# 
  2786     0210                     T1GATE          equ	528	;# 
  2787     0210                     TMR1GATE        equ	528	;# 
  2788     0211                     T1CLK           equ	529	;# 
  2789     0211                     TMR1CLK         equ	529	;# 
  2790     0212                     TMR3            equ	530	;# 
  2791     0212                     TMR3L           equ	530	;# 
  2792     0213                     TMR3H           equ	531	;# 
  2793     0214                     T3CON           equ	532	;# 
  2794     0215                     T3GCON          equ	533	;# 
  2795     0215                     PR3             equ	533	;# 
  2796     0216                     T3GATE          equ	534	;# 
  2797     0216                     TMR3GATE        equ	534	;# 
  2798     0217                     T3CLK           equ	535	;# 
  2799     0217                     TMR3CLK         equ	535	;# 
  2800     0218                     TMR5            equ	536	;# 
  2801     0218                     TMR5L           equ	536	;# 
  2802     0219                     TMR5H           equ	537	;# 
  2803     021A                     T5CON           equ	538	;# 
  2804     021B                     T5GCON          equ	539	;# 
  2805     021B                     PR5             equ	539	;# 
  2806     021C                     T5GATE          equ	540	;# 
  2807     021C                     TMR5GATE        equ	540	;# 
  2808     021D                     T5CLK           equ	541	;# 
  2809     021D                     TMR5CLK         equ	541	;# 
  2810     021E                     CCPTMRS0        equ	542	;# 
  2811     021F                     CCPTMRS1        equ	543	;# 
  2812     028C                     T2TMR           equ	652	;# 
  2813     028C                     TMR2            equ	652	;# 
  2814     028D                     T2PR            equ	653	;# 
  2815     028D                     PR2             equ	653	;# 
  2816     028E                     T2CON           equ	654	;# 
  2817     028F                     T2HLT           equ	655	;# 
  2818     0290                     T2CLKCON        equ	656	;# 
  2819     0290                     T2CLK           equ	656	;# 
  2820     0291                     T2RST           equ	657	;# 
  2821     0292                     T4TMR           equ	658	;# 
  2822     0292                     TMR4            equ	658	;# 
  2823     0293                     T4PR            equ	659	;# 
  2824     0293                     PR4             equ	659	;# 
  2825     0294                     T4CON           equ	660	;# 
  2826     0295                     T4HLT           equ	661	;# 
  2827     0296                     T4CLKCON        equ	662	;# 
  2828     0296                     T4CLK           equ	662	;# 
  2829     0297                     T4RST           equ	663	;# 
  2830     0298                     T6TMR           equ	664	;# 
  2831     0298                     TMR6            equ	664	;# 
  2832     0299                     T6PR            equ	665	;# 
  2833     0299                     PR6             equ	665	;# 
  2834     029A                     T6CON           equ	666	;# 
  2835     029B                     T6HLT           equ	667	;# 
  2836     029C                     T6CLKCON        equ	668	;# 
  2837     029C                     T6CLK           equ	668	;# 
  2838     029D                     T6RST           equ	669	;# 
  2839     030C                     CCPR1           equ	780	;# 
  2840     030C                     CCPR1L          equ	780	;# 
  2841     030D                     CCPR1H          equ	781	;# 
  2842     030E                     CCP1CON         equ	782	;# 
  2843     030F                     CCP1CAP         equ	783	;# 
  2844     0310                     CCPR2           equ	784	;# 
  2845     0310                     CCPR2L          equ	784	;# 
  2846     0311                     CCPR2H          equ	785	;# 
  2847     0312                     CCP2CON         equ	786	;# 
  2848     0313                     CCP2CAP         equ	787	;# 
  2849     0314                     CCPR3           equ	788	;# 
  2850     0314                     CCPR3L          equ	788	;# 
  2851     0315                     CCPR3H          equ	789	;# 
  2852     0316                     CCP3CON         equ	790	;# 
  2853     0317                     CCP3CAP         equ	791	;# 
  2854     0318                     CCPR4           equ	792	;# 
  2855     0318                     CCPR4L          equ	792	;# 
  2856     0319                     CCPR4H          equ	793	;# 
  2857     031A                     CCP4CON         equ	794	;# 
  2858     031B                     CCP4CAP         equ	795	;# 
  2859     031C                     CCPR5           equ	796	;# 
  2860     031C                     CCPR5L          equ	796	;# 
  2861     031D                     CCPR5H          equ	797	;# 
  2862     031E                     CCP5CON         equ	798	;# 
  2863     031F                     CCP5CAP         equ	799	;# 
  2864     038C                     PWM6DC          equ	908	;# 
  2865     038C                     PWM6DCL         equ	908	;# 
  2866     038D                     PWM6DCH         equ	909	;# 
  2867     038E                     PWM6CON         equ	910	;# 
  2868     0390                     PWM7DC          equ	912	;# 
  2869     0390                     PWM7DCL         equ	912	;# 
  2870     0391                     PWM7DCH         equ	913	;# 
  2871     0392                     PWM7CON         equ	914	;# 
  2872     040C                     SCANLADRL       equ	1036	;# 
  2873     040D                     SCANLADRH       equ	1037	;# 
  2874     040E                     SCANHADRL       equ	1038	;# 
  2875     040F                     SCANHADRH       equ	1039	;# 
  2876     0410                     SCANCON0        equ	1040	;# 
  2877     0411                     SCANTRIG        equ	1041	;# 
  2878     0416                     CRCDATA         equ	1046	;# 
  2879     0416                     CRCDATL         equ	1046	;# 
  2880     0417                     CRCDATH         equ	1047	;# 
  2881     0418                     CRCACC          equ	1048	;# 
  2882     0418                     CRCACCL         equ	1048	;# 
  2883     0419                     CRCACCH         equ	1049	;# 
  2884     041A                     CRCSHFT         equ	1050	;# 
  2885     041A                     CRCSHIFTL       equ	1050	;# 
  2886     041B                     CRCSHIFTH       equ	1051	;# 
  2887     041C                     CRCXOR          equ	1052	;# 
  2888     041C                     CRCXORL         equ	1052	;# 
  2889     041D                     CRCXORH         equ	1053	;# 
  2890     041E                     CRCCON0         equ	1054	;# 
  2891     041F                     CRCCON1         equ	1055	;# 
  2892     048C                     SMT1TMR         equ	1164	;# 
  2893     048C                     SMT1TMRL        equ	1164	;# 
  2894     048D                     SMT1TMRH        equ	1165	;# 
  2895     048E                     SMT1TMRU        equ	1166	;# 
  2896     048F                     SMT1CPR         equ	1167	;# 
  2897     048F                     SMT1CPRL        equ	1167	;# 
  2898     0490                     SMT1CPRH        equ	1168	;# 
  2899     0491                     SMT1CPRU        equ	1169	;# 
  2900     0492                     SMT1CPW         equ	1170	;# 
  2901     0492                     SMT1CPWL        equ	1170	;# 
  2902     0493                     SMT1CPWH        equ	1171	;# 
  2903     0494                     SMT1CPWU        equ	1172	;# 
  2904     0495                     SMT1PR          equ	1173	;# 
  2905     0495                     SMT1PRL         equ	1173	;# 
  2906     0496                     SMT1PRH         equ	1174	;# 
  2907     0497                     SMT1PRU         equ	1175	;# 
  2908     0498                     SMT1CON0        equ	1176	;# 
  2909     0499                     SMT1CON1        equ	1177	;# 
  2910     049A                     SMT1STAT        equ	1178	;# 
  2911     049B                     SMT1CLK         equ	1179	;# 
  2912     049C                     SMT1SIG         equ	1180	;# 
  2913     049D                     SMT1WIN         equ	1181	;# 
  2914     050C                     SMT2TMR         equ	1292	;# 
  2915     050C                     SMT2TMRL        equ	1292	;# 
  2916     050D                     SMT2TMRH        equ	1293	;# 
  2917     050E                     SMT2TMRU        equ	1294	;# 
  2918     050F                     SMT2CPR         equ	1295	;# 
  2919     050F                     SMT2CPRL        equ	1295	;# 
  2920     0510                     SMT2CPRH        equ	1296	;# 
  2921     0511                     SMT2CPRU        equ	1297	;# 
  2922     0512                     SMT2CPW         equ	1298	;# 
  2923     0512                     SMT2CPWL        equ	1298	;# 
  2924     0513                     SMT2CPWH        equ	1299	;# 
  2925     0514                     SMT2CPWU        equ	1300	;# 
  2926     0515                     SMT2PR          equ	1301	;# 
  2927     0515                     SMT2PRL         equ	1301	;# 
  2928     0516                     SMT2PRH         equ	1302	;# 
  2929     0517                     SMT2PRU         equ	1303	;# 
  2930     0518                     SMT2CON0        equ	1304	;# 
  2931     0519                     SMT2CON1        equ	1305	;# 
  2932     051A                     SMT2STAT        equ	1306	;# 
  2933     051B                     SMT2CLK         equ	1307	;# 
  2934     051C                     SMT2SIG         equ	1308	;# 
  2935     051D                     SMT2WIN         equ	1309	;# 
  2936     058C                     NCO1ACC         equ	1420	;# 
  2937     058C                     NCO1ACCL        equ	1420	;# 
  2938     058D                     NCO1ACCH        equ	1421	;# 
  2939     058E                     NCO1ACCU        equ	1422	;# 
  2940     058F                     NCO1INC         equ	1423	;# 
  2941     058F                     NCO1INCL        equ	1423	;# 
  2942     0590                     NCO1INCH        equ	1424	;# 
  2943     0591                     NCO1INCU        equ	1425	;# 
  2944     0592                     NCO1CON         equ	1426	;# 
  2945     0593                     NCO1CLK         equ	1427	;# 
  2946     060C                     CWG1CLKCON      equ	1548	;# 
  2947     060D                     CWG1ISM         equ	1549	;# 
  2948     060E                     CWG1DBR         equ	1550	;# 
  2949     060F                     CWG1DBF         equ	1551	;# 
  2950     0610                     CWG1CON0        equ	1552	;# 
  2951     0611                     CWG1CON1        equ	1553	;# 
  2952     0612                     CWG1AS0         equ	1554	;# 
  2953     0613                     CWG1AS1         equ	1555	;# 
  2954     0614                     CWG1STR         equ	1556	;# 
  2955     0616                     CWG2CLKCON      equ	1558	;# 
  2956     0617                     CWG2ISM         equ	1559	;# 
  2957     0618                     CWG2DBR         equ	1560	;# 
  2958     0619                     CWG2DBF         equ	1561	;# 
  2959     061A                     CWG2CON0        equ	1562	;# 
  2960     061B                     CWG2CON1        equ	1563	;# 
  2961     061C                     CWG2AS0         equ	1564	;# 
  2962     061D                     CWG2AS1         equ	1565	;# 
  2963     061E                     CWG2STR         equ	1566	;# 
  2964     068C                     CWG3CLKCON      equ	1676	;# 
  2965     068D                     CWG3ISM         equ	1677	;# 
  2966     068E                     CWG3DBR         equ	1678	;# 
  2967     068F                     CWG3DBF         equ	1679	;# 
  2968     0690                     CWG3CON0        equ	1680	;# 
  2969     0691                     CWG3CON1        equ	1681	;# 
  2970     0692                     CWG3AS0         equ	1682	;# 
  2971     0693                     CWG3AS1         equ	1683	;# 
  2972     0694                     CWG3STR         equ	1684	;# 
  2973     070C                     PIR0            equ	1804	;# 
  2974     070D                     PIR1            equ	1805	;# 
  2975     070E                     PIR2            equ	1806	;# 
  2976     070F                     PIR3            equ	1807	;# 
  2977     0710                     PIR4            equ	1808	;# 
  2978     0711                     PIR5            equ	1809	;# 
  2979     0712                     PIR6            equ	1810	;# 
  2980     0713                     PIR7            equ	1811	;# 
  2981     0714                     PIR8            equ	1812	;# 
  2982     0716                     PIE0            equ	1814	;# 
  2983     0717                     PIE1            equ	1815	;# 
  2984     0718                     PIE2            equ	1816	;# 
  2985     0719                     PIE3            equ	1817	;# 
  2986     071A                     PIE4            equ	1818	;# 
  2987     071B                     PIE5            equ	1819	;# 
  2988     071C                     PIE6            equ	1820	;# 
  2989     071D                     PIE7            equ	1821	;# 
  2990     071E                     PIE8            equ	1822	;# 
  2991     0796                     PMD0            equ	1942	;# 
  2992     0797                     PMD1            equ	1943	;# 
  2993     0798                     PMD2            equ	1944	;# 
  2994     0799                     PMD3            equ	1945	;# 
  2995     079A                     PMD4            equ	1946	;# 
  2996     079B                     PMD5            equ	1947	;# 
  2997     080C                     WDTCON0         equ	2060	;# 
  2998     080D                     WDTCON1         equ	2061	;# 
  2999     080E                     WDTPSL          equ	2062	;# 
  3000     080F                     WDTPSH          equ	2063	;# 
  3001     0810                     WDTTMR          equ	2064	;# 
  3002     0811                     BORCON          equ	2065	;# 
  3003     0812                     VREGCON         equ	2066	;# 
  3004     0813                     PCON0           equ	2067	;# 
  3005     0814                     CCDCON          equ	2068	;# 
  3006     081A                     NVMADRL         equ	2074	;# 
  3007     081B                     NVMADRH         equ	2075	;# 
  3008     081C                     NVMDATL         equ	2076	;# 
  3009     081D                     NVMDATH         equ	2077	;# 
  3010     081E                     NVMCON1         equ	2078	;# 
  3011     081F                     NVMCON2         equ	2079	;# 
  3012     088C                     CPUDOZE         equ	2188	;# 
  3013     088D                     OSCCON1         equ	2189	;# 
  3014     088E                     OSCCON2         equ	2190	;# 
  3015     088F                     OSCCON3         equ	2191	;# 
  3016     0890                     OSCSTAT         equ	2192	;# 
  3017     0891                     OSCEN           equ	2193	;# 
  3018     0892                     OSCTUNE         equ	2194	;# 
  3019     0893                     OSCFRQ          equ	2195	;# 
  3020     0895                     CLKRCON         equ	2197	;# 
  3021     0896                     CLKRCLK         equ	2198	;# 
  3022     0897                     MDCON0          equ	2199	;# 
  3023     0898                     MDCON1          equ	2200	;# 
  3024     0899                     MDSRC           equ	2201	;# 
  3025     089A                     MDCARL          equ	2202	;# 
  3026     089B                     MDCARH          equ	2203	;# 
  3027     090C                     FVRCON          equ	2316	;# 
  3028     090E                     DAC1CON0        equ	2318	;# 
  3029     090F                     DAC1CON1        equ	2319	;# 
  3030     091F                     ZCD1CON         equ	2335	;# 
  3031     091F                     ZCDCON          equ	2335	;# 
  3032     098F                     CMOUT           equ	2447	;# 
  3033     098F                     CMSTAT          equ	2447	;# 
  3034     0990                     CM1CON0         equ	2448	;# 
  3035     0991                     CM1CON1         equ	2449	;# 
  3036     0992                     CM1NSEL         equ	2450	;# 
  3037     0993                     CM1PSEL         equ	2451	;# 
  3038     0994                     CM2CON0         equ	2452	;# 
  3039     0995                     CM2CON1         equ	2453	;# 
  3040     0996                     CM2NSEL         equ	2454	;# 
  3041     0997                     CM2PSEL         equ	2455	;# 
  3042     0E0F                     CLCDATA         equ	3599	;# 
  3043     0E10                     CLC1CON         equ	3600	;# 
  3044     0E11                     CLC1POL         equ	3601	;# 
  3045     0E12                     CLC1SEL0        equ	3602	;# 
  3046     0E13                     CLC1SEL1        equ	3603	;# 
  3047     0E14                     CLC1SEL2        equ	3604	;# 
  3048     0E15                     CLC1SEL3        equ	3605	;# 
  3049     0E16                     CLC1GLS0        equ	3606	;# 
  3050     0E17                     CLC1GLS1        equ	3607	;# 
  3051     0E18                     CLC1GLS2        equ	3608	;# 
  3052     0E19                     CLC1GLS3        equ	3609	;# 
  3053     0E1A                     CLC2CON         equ	3610	;# 
  3054     0E1B                     CLC2POL         equ	3611	;# 
  3055     0E1C                     CLC2SEL0        equ	3612	;# 
  3056     0E1D                     CLC2SEL1        equ	3613	;# 
  3057     0E1E                     CLC2SEL2        equ	3614	;# 
  3058     0E1F                     CLC2SEL3        equ	3615	;# 
  3059     0E20                     CLC2GLS0        equ	3616	;# 
  3060     0E21                     CLC2GLS1        equ	3617	;# 
  3061     0E22                     CLC2GLS2        equ	3618	;# 
  3062     0E23                     CLC2GLS3        equ	3619	;# 
  3063     0E24                     CLC3CON         equ	3620	;# 
  3064     0E25                     CLC3POL         equ	3621	;# 
  3065     0E26                     CLC3SEL0        equ	3622	;# 
  3066     0E27                     CLC3SEL1        equ	3623	;# 
  3067     0E28                     CLC3SEL2        equ	3624	;# 
  3068     0E29                     CLC3SEL3        equ	3625	;# 
  3069     0E2A                     CLC3GLS0        equ	3626	;# 
  3070     0E2B                     CLC3GLS1        equ	3627	;# 
  3071     0E2C                     CLC3GLS2        equ	3628	;# 
  3072     0E2D                     CLC3GLS3        equ	3629	;# 
  3073     0E2E                     CLC4CON         equ	3630	;# 
  3074     0E2F                     CLC4POL         equ	3631	;# 
  3075     0E30                     CLC4SEL0        equ	3632	;# 
  3076     0E31                     CLC4SEL1        equ	3633	;# 
  3077     0E32                     CLC4SEL2        equ	3634	;# 
  3078     0E33                     CLC4SEL3        equ	3635	;# 
  3079     0E34                     CLC4GLS0        equ	3636	;# 
  3080     0E35                     CLC4GLS1        equ	3637	;# 
  3081     0E36                     CLC4GLS2        equ	3638	;# 
  3082     0E37                     CLC4GLS3        equ	3639	;# 
  3083     0E8F                     PPSLOCK         equ	3727	;# 
  3084     0E90                     INTPPS          equ	3728	;# 
  3085     0E91                     T0CKIPPS        equ	3729	;# 
  3086     0E92                     T1CKIPPS        equ	3730	;# 
  3087     0E93                     T1GPPS          equ	3731	;# 
  3088     0E94                     T3CKIPPS        equ	3732	;# 
  3089     0E95                     T3GPPS          equ	3733	;# 
  3090     0E96                     T5CKIPPS        equ	3734	;# 
  3091     0E97                     T5GPPS          equ	3735	;# 
  3092     0E9C                     T2AINPPS        equ	3740	;# 
  3093     0E9D                     T4AINPPS        equ	3741	;# 
  3094     0E9E                     T6AINPPS        equ	3742	;# 
  3095     0EA1                     CCP1PPS         equ	3745	;# 
  3096     0EA2                     CCP2PPS         equ	3746	;# 
  3097     0EA3                     CCP3PPS         equ	3747	;# 
  3098     0EA4                     CCP4PPS         equ	3748	;# 
  3099     0EA5                     CCP5PPS         equ	3749	;# 
  3100     0EA9                     SMT1WINPPS      equ	3753	;# 
  3101     0EAA                     SMT1SIGPPS      equ	3754	;# 
  3102     0EAB                     SMT2WINPPS      equ	3755	;# 
  3103     0EAC                     SMT2SIGPPS      equ	3756	;# 
  3104     0EB1                     CWG1PPS         equ	3761	;# 
  3105     0EB2                     CWG2PPS         equ	3762	;# 
  3106     0EB3                     CWG3PPS         equ	3763	;# 
  3107     0EB8                     MDCARLPPS       equ	3768	;# 
  3108     0EB9                     MDCARHPPS       equ	3769	;# 
  3109     0EBA                     MDSRCPPS        equ	3770	;# 
  3110     0EBB                     CLCIN0PPS       equ	3771	;# 
  3111     0EBC                     CLCIN1PPS       equ	3772	;# 
  3112     0EBD                     CLCIN2PPS       equ	3773	;# 
  3113     0EBE                     CLCIN3PPS       equ	3774	;# 
  3114     0EC3                     ADCACTPPS       equ	3779	;# 
  3115     0EC5                     SSP1CLKPPS      equ	3781	;# 
  3116     0EC6                     SSP1DATPPS      equ	3782	;# 
  3117     0EC7                     SSP1SSPPS       equ	3783	;# 
  3118     0EC8                     SSP2CLKPPS      equ	3784	;# 
  3119     0EC9                     SSP2DATPPS      equ	3785	;# 
  3120     0ECA                     SSP2SSPPS       equ	3786	;# 
  3121     0ECB                     RXPPS           equ	3787	;# 
  3122     0ECC                     TXPPS           equ	3788	;# 
  3123     0F10                     RA0PPS          equ	3856	;# 
  3124     0F11                     RA1PPS          equ	3857	;# 
  3125     0F12                     RA2PPS          equ	3858	;# 
  3126     0F13                     RA3PPS          equ	3859	;# 
  3127     0F14                     RA4PPS          equ	3860	;# 
  3128     0F15                     RA5PPS          equ	3861	;# 
  3129     0F16                     RA6PPS          equ	3862	;# 
  3130     0F17                     RA7PPS          equ	3863	;# 
  3131     0F18                     RB0PPS          equ	3864	;# 
  3132     0F19                     RB1PPS          equ	3865	;# 
  3133     0F1A                     RB2PPS          equ	3866	;# 
  3134     0F1B                     RB3PPS          equ	3867	;# 
  3135     0F1C                     RB4PPS          equ	3868	;# 
  3136     0F1D                     RB5PPS          equ	3869	;# 
  3137     0F1E                     RB6PPS          equ	3870	;# 
  3138     0F1F                     RB7PPS          equ	3871	;# 
  3139     0F20                     RC0PPS          equ	3872	;# 
  3140     0F21                     RC1PPS          equ	3873	;# 
  3141     0F22                     RC2PPS          equ	3874	;# 
  3142     0F23                     RC3PPS          equ	3875	;# 
  3143     0F24                     RC4PPS          equ	3876	;# 
  3144     0F25                     RC5PPS          equ	3877	;# 
  3145     0F26                     RC6PPS          equ	3878	;# 
  3146     0F27                     RC7PPS          equ	3879	;# 
  3147     0F38                     ANSELA          equ	3896	;# 
  3148     0F39                     WPUA            equ	3897	;# 
  3149     0F3A                     ODCONA          equ	3898	;# 
  3150     0F3B                     SLRCONA         equ	3899	;# 
  3151     0F3C                     INLVLA          equ	3900	;# 
  3152     0F3D                     IOCAP           equ	3901	;# 
  3153     0F3E                     IOCAN           equ	3902	;# 
  3154     0F3F                     IOCAF           equ	3903	;# 
  3155     0F40                     CCDNA           equ	3904	;# 
  3156     0F41                     CCDPA           equ	3905	;# 
  3157     0F43                     ANSELB          equ	3907	;# 
  3158     0F44                     WPUB            equ	3908	;# 
  3159     0F45                     ODCONB          equ	3909	;# 
  3160     0F46                     SLRCONB         equ	3910	;# 
  3161     0F47                     INLVLB          equ	3911	;# 
  3162     0F48                     IOCBP           equ	3912	;# 
  3163     0F49                     IOCBN           equ	3913	;# 
  3164     0F4A                     IOCBF           equ	3914	;# 
  3165     0F4B                     CCDNB           equ	3915	;# 
  3166     0F4C                     CCDPB           equ	3916	;# 
  3167     0F4E                     ANSELC          equ	3918	;# 
  3168     0F4F                     WPUC            equ	3919	;# 
  3169     0F50                     ODCONC          equ	3920	;# 
  3170     0F51                     SLRCONC         equ	3921	;# 
  3171     0F52                     INLVLC          equ	3922	;# 
  3172     0F53                     IOCCP           equ	3923	;# 
  3173     0F54                     IOCCN           equ	3924	;# 
  3174     0F55                     IOCCF           equ	3925	;# 
  3175     0F56                     CCDNC           equ	3926	;# 
  3176     0F57                     CCDPC           equ	3927	;# 
  3177     0F65                     WPUE            equ	3941	;# 
  3178     0F68                     INLVLE          equ	3944	;# 
  3179     0F69                     IOCEP           equ	3945	;# 
  3180     0F6A                     IOCEN           equ	3946	;# 
  3181     0F6B                     IOCEF           equ	3947	;# 
  3182     0FE4                     STATUS_SHAD     equ	4068	;# 
  3183     0FE5                     WREG_SHAD       equ	4069	;# 
  3184     0FE6                     BSR_SHAD        equ	4070	;# 
  3185     0FE7                     PCLATH_SHAD     equ	4071	;# 
  3186     0FE8                     FSR0L_SHAD      equ	4072	;# 
  3187     0FE9                     FSR0H_SHAD      equ	4073	;# 
  3188     0FEA                     FSR1L_SHAD      equ	4074	;# 
  3189     0FEB                     FSR1H_SHAD      equ	4075	;# 
  3190     0FED                     STKPTR          equ	4077	;# 
  3191     0FEE                     TOSL            equ	4078	;# 
  3192     0FEF                     TOSH            equ	4079	;# 
  3193                           
  3194                           	psect	idataBANK0
  3195     0653                     __pidataBANK0:
  3196                           
  3197                           ;initializer for ShootShield@F11738
  3198     0653  34FE               	retlw	254
  3199     0654  3419               	retlw	25
  3200     0655  3402               	retlw	2
  3201     0656  3409               	retlw	9
  3202     0657  3400               	retlw	0
  3203     0658  3400               	retlw	0
  3204                           
  3205                           ;initializer for _data_size
  3206     0659  340A               	retlw	10
  3207     065A  3400               	retlw	0
  3208                           
  3209                           	psect	idataBANK1
  3210     04FD                     __pidataBANK1:
  3211                           
  3212                           ;initializer for main@F11752
  3213     04FD  34FE               	retlw	254
  3214     04FE  3419               	retlw	25
  3215     04FF  3401               	retlw	1
  3216     0500  3406               	retlw	6
  3217     0501  3404               	retlw	4
  3218     0502  3400               	retlw	0
  3219     0503  3400               	retlw	0
  3220     0504  3440               	retlw	64
  3221     0505  3400               	retlw	0
  3222     0506  3440               	retlw	64
  3223                           
  3224                           ;initializer for GetUID@F11761
  3225     0507  34FE               	retlw	254
  3226     0508  3419               	retlw	25
  3227     0509  3401               	retlw	1
  3228     050A  340A               	retlw	10
  3229     050B  3404               	retlw	4
  3230     050C  3400               	retlw	0
  3231     050D  3401               	retlw	1
  3232     050E  3400               	retlw	0
  3233     050F  3400               	retlw	0
  3234     0510  3400               	retlw	0
  3235                           
  3236                           ;initializer for motor@F11724
  3237     0511  34FE               	retlw	254
  3238     0512  3419               	retlw	25
  3239     0513  3401               	retlw	1
  3240     0514  3406               	retlw	6
  3241     0515  3404               	retlw	4
  3242     0516  3400               	retlw	0
  3243     0517  3400               	retlw	0
  3244     0518  3440               	retlw	64
  3245     0519  3400               	retlw	0
  3246     051A  3440               	retlw	64
  3247                           
  3248                           ;initializer for runmotor@F11742
  3249     051B  34FE               	retlw	254
  3250     051C  3419               	retlw	25
  3251     051D  3401               	retlw	1
  3252     051E  3406               	retlw	6
  3253     051F  3404               	retlw	4
  3254     0520  3400               	retlw	0
  3255     0521  3400               	retlw	0
  3256     0522  3400               	retlw	0
  3257     0523  3400               	retlw	0
  3258     0524  3400               	retlw	0
  3259                           
  3260                           ;initializer for SetPCUInfo@F11716
  3261     0525  34FE               	retlw	254
  3262     0526  3419               	retlw	25
  3263     0527  3403               	retlw	3
  3264     0528  3404               	retlw	4
  3265     0529  3403               	retlw	3
  3266     052A  3400               	retlw	0
  3267     052B  3404               	retlw	4
  3268     052C  3411               	retlw	17
  3269     052D  3401               	retlw	1
  3270                           
  3271                           ;initializer for ShootAttack@F11741
  3272     052E  34FE               	retlw	254
  3273     052F  3419               	retlw	25
  3274     0530  3401               	retlw	1
  3275     0531  3409               	retlw	9
  3276     0532  3401               	retlw	1
  3277     0533  3400               	retlw	0
  3278     0534  3401               	retlw	1
  3279                           
  3280                           ;initializer for GetInfoPCU@F11713
  3281     0535  34FE               	retlw	254
  3282     0536  3419               	retlw	25
  3283     0537  3401               	retlw	1
  3284     0538  3404               	retlw	4
  3285     0539  3400               	retlw	0
  3286     053A  3400               	retlw	0
  3287                           
  3288                           ;initializer for GetInfoController@F11710
  3289     053B  34FE               	retlw	254
  3290     053C  3419               	retlw	25
  3291     053D  3401               	retlw	1
  3292     053E  3405               	retlw	5
  3293     053F  3400               	retlw	0
  3294     0540  3400               	retlw	0
  3295                           
  3296                           ;initializer for ShootRepair@F11744
  3297     0541  34FE               	retlw	254
  3298     0542  3419               	retlw	25
  3299     0543  3404               	retlw	4
  3300     0544  3409               	retlw	9
  3301     0545  3400               	retlw	0
  3302     0546  3400               	retlw	0
  3303                           
  3304                           	psect	stringtext1
  3305     0667                     __pstringtext1:
  3306     0667                     follow@blvl:
  3307     0667  3452               	retlw	82
  3308     0668  3403               	retlw	3
  3309     0669                     __end_offollow@blvl:
  3310                           
  3311                           	psect	stringtext2
  3312     0669                     __pstringtext2:
  3313     0669                     follow@wlvl:
  3314     0669  3458               	retlw	88
  3315     066A  3402               	retlw	2
  3316     066B                     __end_offollow@wlvl:
  3317     0016                     _LATA           set	22
  3318     000C                     _PORTAbits      set	12
  3319     000B                     _INTCONbits     set	11
  3320     0011                     _TRISA          set	17
  3321     0016                     _LATAbits       set	22
  3322     0011                     _TRISAbits      set	17
  3323     0013                     _TRISCbits      set	19
  3324     0012                     _TRISBbits      set	18
  3325     0018                     _LATCbits       set	24
  3326     0012                     _TRISB          set	18
  3327     009D                     _ADACQ          set	157
  3328     009A                     _ADREFbits      set	154
  3329     0098                     _ADCLK          set	152
  3330     008D                     _ADRESH         set	141
  3331     008C                     _ADRESL         set	140
  3332     0093                     _ADCON0bits     set	147
  3333     009E                     _ADPCH          set	158
  3334     011B                     _SPBRGL         set	283
  3335     011C                     _SPBRGH         set	284
  3336     011F                     _BAUDCONbits    set	287
  3337     011D                     _RC1STAbits     set	285
  3338     0119                     _RC1REG         set	281
  3339     011A                     _TX1REG         set	282
  3340     011E                     _TX1STAbits     set	286
  3341     018D                     _SSP1ADD        set	397
  3342     0190                     _SSP1CON1bits   set	400
  3343     018F                     _SSP1STATbits   set	399
  3344     018C                     _SSP1BUF        set	396
  3345     0719                     _PIE3bits       set	1817
  3346     070F                     _PIR3bits       set	1807
  3347     0ECB                     _RXPPS          set	3787
  3348     0EC6                     _SSP1DATPPS     set	3782
  3349     0F26                     _RC6PPS         set	3878
  3350     0F38                     _ANSELA         set	3896
  3351     0F38                     _ANSELAbits     set	3896
  3352     0F4E                     _ANSELCbits     set	3918
  3353     0F1B                     _RB3PPS         set	3867
  3354     0F1D                     _RB5PPS         set	3869
  3355     0F43                     _ANSELBbits     set	3907
  3356     0F43                     _ANSELB         set	3907
  3357                           
  3358                           	psect	cinit
  3359     00BB                     start_initialization:	
  3360                           ; #config settings
  3361                           
  3362     00BB                     __initialization:
  3363                           
  3364                           ; Initialize objects allocated to BANK0
  3365     00BB  3053               	movlw	low __pidataBANK0
  3366     00BC  0084               	movwf	4
  3367     00BD  3086               	movlw	(high __pidataBANK0)| (0+128)
  3368     00BE  0085               	movwf	5
  3369     00BF  305F               	movlw	low __pdataBANK0
  3370     00C0  0086               	movwf	6
  3371     00C1  3000               	movlw	high __pdataBANK0
  3372     00C2  0087               	movwf	7
  3373     00C3  3008               	movlw	8
  3374     00C4  3186  265B  3180   	fcall	init_ram
  3375                           
  3376                           ; Initialize objects allocated to BANK1
  3377     00C7  30FD               	movlw	low __pidataBANK1
  3378     00C8  0084               	movwf	4
  3379     00C9  3084               	movlw	(high __pidataBANK1)| (0+128)
  3380     00CA  0085               	movwf	5
  3381     00CB  30A0               	movlw	low __pdataBANK1
  3382     00CC  0086               	movwf	6
  3383     00CD  3000               	movlw	high __pdataBANK1
  3384     00CE  0087               	movwf	7
  3385     00CF  304A               	movlw	74
  3386     00D0  3186  265B  3180   	fcall	init_ram
  3387                           
  3388                           ; Clear objects allocated to COMMON
  3389     00D3  01FB               	clrf	__pbssCOMMON& (0+127)
  3390                           
  3391                           ; Clear objects allocated to BANK0
  3392     00D4  3020               	movlw	low __pbssBANK0
  3393     00D5  0084               	movwf	4
  3394     00D6  3000               	movlw	high __pbssBANK0
  3395     00D7  0085               	movwf	5
  3396     00D8  302B               	movlw	43
  3397     00D9  3186  2661  3180   	fcall	clear_ram0
  3398     00DC                     end_of_initialization:	
  3399                           ;End of C runtime variable initialization code
  3400                           
  3401     00DC                     __end_of__initialization:
  3402     00DC  107E               	bcf	int$flags,0	;clear compiler interrupt flag (level 1)
  3403     00DD  0020               	movlb	0
  3404     00DE  3183  2B3F         	ljmp	_main	;jump to C main() function
  3405                           
  3406                           	psect	bssCOMMON
  3407     007B                     __pbssCOMMON:
  3408     007B                     _shield_code_flag:
  3409     007B                     	ds	1
  3410                           
  3411                           	psect	bssBANK0
  3412     0020                     __pbssBANK0:
  3413     0020                     _SWB:
  3414     0020                     	ds	2
  3415     0022                     _SWA:
  3416     0022                     	ds	2
  3417     0024                     _receive_flag:
  3418     0024                     	ds	2
  3419     0026                     _receive_ready:
  3420     0026                     	ds	2
  3421     0028                     _data_index:
  3422     0028                     	ds	2
  3423     002A                     _data_type:
  3424     002A                     	ds	2
  3425     002C                     _SWC:
  3426     002C                     	ds	2
  3427     002E                     _SWD:
  3428     002E                     	ds	2
  3429     0030                     _repair_code_flag:
  3430     0030                     	ds	1
  3431     0031                     _control_data:
  3432     0031                     	ds	26
  3433                           
  3434                           	psect	dataBANK0
  3435     005F                     __pdataBANK0:
  3436     005F                     ShootShield@F11738:
  3437     005F                     	ds	6
  3438     0065                     _data_size:
  3439     0065                     	ds	2
  3440                           
  3441                           	psect	dataBANK1
  3442     00A0                     __pdataBANK1:
  3443     00A0                     main@F11752:
  3444     00A0                     	ds	10
  3445     00AA                     GetUID@F11761:
  3446     00AA                     	ds	10
  3447     00B4                     motor@F11724:
  3448     00B4                     	ds	10
  3449     00BE                     runmotor@F11742:
  3450     00BE                     	ds	10
  3451     00C8                     SetPCUInfo@F11716:
  3452     00C8                     	ds	9
  3453     00D1                     ShootAttack@F11741:
  3454     00D1                     	ds	7
  3455     00D8                     GetInfoPCU@F11713:
  3456     00D8                     	ds	6
  3457     00DE                     GetInfoController@F11710:
  3458     00DE                     	ds	6
  3459     00E4                     ShootRepair@F11744:
  3460     00E4                     	ds	6
  3461                           
  3462                           	psect	inittext
  3463     065B                     init_ram:
  3464     065B  00FE               	movwf	btemp
  3465     065C                     initloop:
  3466     065C  0012               	moviw fsr0++
  3467     065D  001E               	movwi fsr1++
  3468     065E  0BFE               	decfsz	btemp,f
  3469     065F  2E5C               	goto	initloop
  3470     0660  3400               	retlw	0
  3471                           
  3472                           	psect	clrtext
  3473     0661                     clear_ram0:	
  3474                           ;	Called with FSR0 containing the base address, and
  3475                           ;	WREG with the size to clear
  3476                           
  3477     0661  0064               	clrwdt	;clear the watchdog before getting into this loop
  3478     0662                     clrloop0:
  3479     0662  0180               	clrf	0	;clear RAM location pointed to by FSR
  3480     0663  3101               	addfsr 0,1
  3481     0664  0B89               	decfsz	9,f	;Have we reached the end of clearing yet?
  3482     0665  2E62               	goto	clrloop0	;have we reached the end yet?
  3483     0666  3400               	retlw	0	;all done for this memory range, return
  3484                           
  3485                           	psect	cstackBANK2
  3486     0120                     __pcstackBANK2:
  3487     0120                     main@message:
  3488                           
  3489                           ; 10 bytes @ 0x0
  3490     0120                     	ds	10
  3491                           
  3492                           	psect	cstackCOMMON
  3493     0070                     __pcstackCOMMON:
  3494     0070                     ?_runmotor:
  3495     0070                     ?_follow:	
  3496                           ; 1 bytes @ 0x0
  3497                           
  3498     0070                     ?_ShootShield:	
  3499                           ; 1 bytes @ 0x0
  3500                           
  3501     0070                     ?_ShootAttack:	
  3502                           ; 1 bytes @ 0x0
  3503                           
  3504     0070                     ?_ShootRepair:	
  3505                           ; 1 bytes @ 0x0
  3506                           
  3507     0070                     ?_ShootLaser:	
  3508                           ; 1 bytes @ 0x0
  3509                           
  3510     0070                     ?_GetInfoController:	
  3511                           ; 1 bytes @ 0x0
  3512                           
  3513     0070                     ?_GetInfoPCU:	
  3514                           ; 1 bytes @ 0x0
  3515                           
  3516     0070                     ?_SetPCUInfo:	
  3517                           ; 1 bytes @ 0x0
  3518                           
  3519     0070                     ?_SPISetup:	
  3520                           ; 1 bytes @ 0x0
  3521                           
  3522     0070                     ?_ISR:	
  3523                           ; 1 bytes @ 0x0
  3524                           
  3525     0070                     ?_main:	
  3526                           ; 1 bytes @ 0x0
  3527                           
  3528     0070                     follow@sw:	
  3529                           ; 1 bytes @ 0x0
  3530                           
  3531     0070                     ??_ISR:	
  3532                           ; 1 bytes @ 0x0
  3533                           
  3534                           
  3535                           ; 1 bytes @ 0x0
  3536     0070                     	ds	1
  3537     0071                     ?_sendit:
  3538     0071                     ?_rd_adc:	
  3539                           ; 1 bytes @ 0x1
  3540                           
  3541     0071                     ?___awdiv:	
  3542                           ; 2 bytes @ 0x1
  3543                           
  3544     0071                     sendit@it:	
  3545                           ; 2 bytes @ 0x1
  3546                           
  3547     0071                     ___awdiv@divisor:	
  3548                           ; 1 bytes @ 0x1
  3549                           
  3550     0071                     ??_SPISetup:	
  3551                           ; 2 bytes @ 0x1
  3552                           
  3553                           
  3554                           ; 1 bytes @ 0x1
  3555     0071                     	ds	1
  3556     0072                     sendit@it_size:
  3557                           
  3558                           ; 2 bytes @ 0x2
  3559     0072                     	ds	1
  3560     0073                     ___awdiv@dividend:
  3561     0073                     ??_rd_adc:	
  3562                           ; 2 bytes @ 0x3
  3563                           
  3564                           
  3565                           ; 1 bytes @ 0x3
  3566     0073                     	ds	1
  3567     0074                     rd_adc@output:
  3568     0074                     ??_sendit:	
  3569                           ; 2 bytes @ 0x4
  3570                           
  3571                           
  3572                           ; 1 bytes @ 0x4
  3573     0074                     	ds	1
  3574     0075                     ___awdiv@counter:
  3575     0075                     sendit@i:	
  3576                           ; 1 bytes @ 0x5
  3577                           
  3578     0075                     ??___awdiv:	
  3579                           ; 2 bytes @ 0x5
  3580                           
  3581                           
  3582                           ; 1 bytes @ 0x5
  3583     0075                     	ds	1
  3584     0076                     rd_adc@select:
  3585     0076                     ___awdiv@sign:	
  3586                           ; 1 bytes @ 0x6
  3587                           
  3588                           
  3589                           ; 1 bytes @ 0x6
  3590     0076                     	ds	1
  3591     0077                     ___awdiv@quotient:
  3592     0077                     ??_runmotor:	
  3593                           ; 2 bytes @ 0x7
  3594                           
  3595     0077                     ??_ShootShield:	
  3596                           ; 1 bytes @ 0x7
  3597                           
  3598     0077                     ??_ShootAttack:	
  3599                           ; 1 bytes @ 0x7
  3600                           
  3601     0077                     ??_ShootRepair:	
  3602                           ; 1 bytes @ 0x7
  3603                           
  3604     0077                     ??_GetInfoController:	
  3605                           ; 1 bytes @ 0x7
  3606                           
  3607     0077                     ??_GetInfoPCU:	
  3608                           ; 1 bytes @ 0x7
  3609                           
  3610     0077                     ??_SetPCUInfo:	
  3611                           ; 1 bytes @ 0x7
  3612                           
  3613                           
  3614                           ; 1 bytes @ 0x7
  3615     0077                     	ds	1
  3616     0078                     ??_ShootLaser:
  3617                           
  3618                           ; 1 bytes @ 0x8
  3619     0078                     	ds	1
  3620     0079                     ?_motor:
  3621     0079                     motor@data:	
  3622                           ; 1 bytes @ 0x9
  3623                           
  3624     0079                     ??_follow:	
  3625                           ; 1 bytes @ 0x9
  3626                           
  3627                           
  3628                           ; 1 bytes @ 0x9
  3629     0079                     	ds	1
  3630     007A                     ??_motor:
  3631                           
  3632                           ; 1 bytes @ 0xA
  3633     007A                     	ds	1
  3634                           
  3635                           	psect	cstackBANK0
  3636     004B                     __pcstackBANK0:
  3637     004B                     ShootShield@tosend:
  3638     004B                     ShootRepair@tosend:	
  3639                           ; 6 bytes @ 0x0
  3640                           
  3641     004B                     GetInfoController@ask:	
  3642                           ; 6 bytes @ 0x0
  3643                           
  3644     004B                     GetInfoPCU@ask:	
  3645                           ; 6 bytes @ 0x0
  3646                           
  3647     004B                     ShootAttack@tosend:	
  3648                           ; 6 bytes @ 0x0
  3649                           
  3650     004B                     SetPCUInfo@data:	
  3651                           ; 7 bytes @ 0x0
  3652                           
  3653     004B                     runmotor@msg:	
  3654                           ; 9 bytes @ 0x0
  3655                           
  3656     004B                     motor@msg:	
  3657                           ; 10 bytes @ 0x0
  3658                           
  3659                           
  3660                           ; 10 bytes @ 0x0
  3661     004B                     	ds	10
  3662     0055                     runmotor@select:
  3663     0055                     motor@rdirec:	
  3664                           ; 1 bytes @ 0xA
  3665                           
  3666                           
  3667                           ; 2 bytes @ 0xA
  3668     0055                     	ds	1
  3669     0056                     follow@left:
  3670                           
  3671                           ; 2 bytes @ 0xB
  3672     0056                     	ds	1
  3673     0057                     motor@ldirec:
  3674                           
  3675                           ; 2 bytes @ 0xC
  3676     0057                     	ds	1
  3677     0058                     follow@right:
  3678                           
  3679                           ; 2 bytes @ 0xD
  3680     0058                     	ds	1
  3681     0059                     motor@mry:
  3682                           
  3683                           ; 2 bytes @ 0xE
  3684     0059                     	ds	1
  3685     005A                     follow@center:
  3686                           
  3687                           ; 2 bytes @ 0xF
  3688     005A                     	ds	1
  3689     005B                     motor@mly:
  3690                           
  3691                           ; 2 bytes @ 0x10
  3692     005B                     	ds	2
  3693     005D                     ??_main:
  3694                           
  3695                           ; 1 bytes @ 0x12
  3696     005D                     	ds	2
  3697                           
  3698                           	psect	maintext
  3699     033F                     __pmaintext:	
  3700 ;;
  3701 ;;Main: autosize = 0, tempsize = 2, incstack = 0, save=0
  3702 ;;
  3703 ;; *************** function _main *****************
  3704 ;; Defined at:
  3705 ;;		line 123 in file "main.c"
  3706 ;; Parameters:    Size  Location     Type
  3707 ;;		None
  3708 ;; Auto vars:     Size  Location     Type
  3709 ;;  message        10    0[BANK2 ] unsigned char [10]
  3710 ;;  x               2    0        int 
  3711 ;;  msize           2    0        int 
  3712 ;; Return value:  Size  Location     Type
  3713 ;;                  1    wreg      void 
  3714 ;; Registers used:
  3715 ;;		wreg, fsr0l, fsr0h, fsr1l, fsr1h, status,2, status,0, pclath, cstack
  3716 ;; Tracked objects:
  3717 ;;		On entry : B1F/0
  3718 ;;		On exit  : 0/0
  3719 ;;		Unchanged: 0/0
  3720 ;; Data sizes:     COMMON   BANK0   BANK1   BANK2   BANK3   BANK4   BANK5   BANK6   BANK7   BANK8   BANK9  BANK10  BANK1
      +1  BANK12
  3721 ;;      Params:         0       0       0       0       0       0       0       0       0       0       0       0       
      +0       0
  3722 ;;      Locals:         0       0       0      10       0       0       0       0       0       0       0       0       
      +0       0
  3723 ;;      Temps:          0       2       0       0       0       0       0       0       0       0       0       0       
      +0       0
  3724 ;;      Totals:         0       2       0      10       0       0       0       0       0       0       0       0       
      +0       0
  3725 ;;Total ram usage:       12 bytes
  3726 ;; Hardware stack levels required when called: 4
  3727 ;; This function calls:
  3728 ;;		_GetInfoController
  3729 ;;		_GetInfoPCU
  3730 ;;		_SPISetup
  3731 ;;		_SetPCUInfo
  3732 ;;		_ShootLaser
  3733 ;;		_follow
  3734 ;;		_motor
  3735 ;; This function is called by:
  3736 ;;		Startup code after reset
  3737 ;; This function uses a non-reentrant model
  3738 ;;
  3739                           
  3740     033F                     _main:	
  3741                           ;psect for function _main
  3742                           
  3743     033F                     l2212:	
  3744                           ;incstack = 0
  3745                           ; Regs used in _main: [wreg-fsr1h+status,2+status,0+pclath+cstack]
  3746                           
  3747                           
  3748                           ;main.c: 127:     TRISA = 0b00100000;
  3749     033F  3020               	movlw	32
  3750     0340  0020               	movlb	0	; select bank0
  3751     0341  0091               	movwf	17	;volatile
  3752     0342                     l2214:
  3753                           
  3754                           ;main.c: 128:     ANSELA = 0;
  3755     0342  003E               	movlb	30	; select bank30
  3756     0343  01B8               	clrf	56	;volatile
  3757     0344                     l2216:
  3758                           
  3759                           ;main.c: 131:     TRISCbits.TRISC6 = 0;
  3760     0344  0020               	movlb	0	; select bank0
  3761     0345  1313               	bcf	19,6	;volatile
  3762     0346                     l2218:
  3763                           
  3764                           ;main.c: 132:     ANSELCbits.ANSC6 = 0;
  3765     0346  003E               	movlb	30	; select bank30
  3766     0347  134E               	bcf	78,6	;volatile
  3767     0348                     l2220:
  3768                           
  3769                           ;main.c: 135:     TX1STAbits.TXEN = 1;
  3770     0348  0022               	movlb	2	; select bank2
  3771     0349  169E               	bsf	30,5	;volatile
  3772     034A                     l2222:
  3773                           
  3774                           ;main.c: 136:     TX1STAbits.SYNC = 0;
  3775     034A  121E               	bcf	30,4	;volatile
  3776     034B                     l2224:
  3777                           
  3778                           ;main.c: 138:     RC1STAbits.SPEN = 0;
  3779     034B  139D               	bcf	29,7	;volatile
  3780     034C                     l2226:
  3781                           
  3782                           ;main.c: 139:     RC1STAbits.SPEN = 1;
  3783     034C  179D               	bsf	29,7	;volatile
  3784     034D                     l2228:
  3785                           
  3786                           ;main.c: 141:     RC1STAbits.CREN = 1;
  3787     034D  161D               	bsf	29,4	;volatile
  3788     034E                     l2230:
  3789                           
  3790                           ;main.c: 142:     TRISCbits.TRISC5 = 1;
  3791     034E  0020               	movlb	0	; select bank0
  3792     034F  1693               	bsf	19,5	;volatile
  3793     0350                     l2232:
  3794                           
  3795                           ;main.c: 143:     ANSELCbits.ANSC5 = 0;
  3796     0350  003E               	movlb	30	; select bank30
  3797     0351  12CE               	bcf	78,5	;volatile
  3798     0352                     l2234:
  3799                           
  3800                           ;main.c: 147:     BAUDCONbits.BRG16 = 1;
  3801     0352  0022               	movlb	2	; select bank2
  3802     0353  159F               	bsf	31,3	;volatile
  3803     0354                     l2236:
  3804                           
  3805                           ;main.c: 148:     TX1STAbits.BRGH = 1;
  3806     0354  151E               	bsf	30,2	;volatile
  3807                           
  3808                           ;main.c: 151:     SPBRGH = 0x0;
  3809     0355  019C               	clrf	28	;volatile
  3810     0356                     l2238:
  3811                           
  3812                           ;main.c: 152:     SPBRGL = 0x44;
  3813     0356  3044               	movlw	68
  3814     0357  009B               	movwf	27	;volatile
  3815     0358                     l2240:
  3816                           
  3817                           ;main.c: 155:     INTCONbits.GIE = 1;
  3818     0358  178B               	bsf	11,7	;volatile
  3819     0359                     l2242:
  3820                           
  3821                           ;main.c: 156:     INTCONbits.PEIE = 1;
  3822     0359  170B               	bsf	11,6	;volatile
  3823     035A                     l2244:
  3824                           
  3825                           ;main.c: 157:     PIE3bits.RCIE = 1;
  3826     035A  002E               	movlb	14	; select bank14
  3827     035B  1699               	bsf	25,5	;volatile
  3828     035C                     l2246:
  3829                           
  3830                           ;main.c: 160:     RC6PPS = 0x10;
  3831     035C  3010               	movlw	16
  3832     035D  003E               	movlb	30	; select bank30
  3833     035E  00A6               	movwf	38	;volatile
  3834     035F                     l2248:
  3835                           
  3836                           ;main.c: 161:     RXPPS = 0x15;
  3837     035F  3015               	movlw	21
  3838     0360  003D               	movlb	29	; select bank29
  3839     0361  00CB               	movwf	75	;volatile
  3840     0362                     l2250:
  3841                           
  3842                           ;main.c: 164:     SPISetup();
  3843     0362  3185  257B  3183   	fcall	_SPISetup
  3844     0365                     l2252:
  3845     0365                     l2254:
  3846                           
  3847                           ;main.c: 168:     char message[10] = {0xFE,0x19,0x01,0x06,0x04,0x00, 0x0, 0x40, 0x0, 0x4
      +                          0};
  3848     0365  30A0               	movlw	low main@F11752
  3849     0366  0086               	movwf	6
  3850     0367  3000               	movlw	high main@F11752
  3851     0368  0087               	movwf	7
  3852     0369  3020               	movlw	low main@message
  3853     036A  0084               	movwf	4
  3854     036B  3001               	movlw	high main@message
  3855     036C  0085               	movwf	5
  3856     036D  300A               	movlw	10
  3857     036E  0020               	movlb	0	; select bank0
  3858     036F  00DD               	movwf	??_main
  3859     0370                     u2270:
  3860     0370  0016               	moviw fsr1++
  3861     0371  001A               	movwi fsr0++
  3862     0372  0BDD               	decfsz	??_main,f
  3863     0373  2B70               	goto	u2270
  3864     0374                     l2256:
  3865     0374                     l2258:
  3866                           
  3867                           ;main.c: 173:     {;main.c: 175:         if(PORTAbits.RA5 == 0)
  3868     0374  0020               	movlb	0	; select bank0
  3869     0375  1A8C               	btfsc	12,5	;volatile
  3870     0376  2B78               	goto	u2281
  3871     0377  2B79               	goto	u2280
  3872     0378                     u2281:
  3873     0378  2B87               	goto	l2264
  3874     0379                     u2280:
  3875     0379                     l2260:
  3876                           
  3877                           ;main.c: 176:         {;main.c: 177:             LATA = 0xF;
  3878     0379  300F               	movlw	15
  3879     037A  0096               	movwf	22	;volatile
  3880     037B                     l2262:
  3881                           
  3882                           ;main.c: 178:    SetPCUInfo();
  3883     037B  3186  260B  3183   	fcall	_SetPCUInfo
  3884                           
  3885                           ;main.c: 179:             GetInfoController();
  3886     037E  3186  263B  3183   	fcall	_GetInfoController
  3887     0381                     l320:	
  3888                           ;main.c: 180:             while(PORTAbits.RA5 == 0){}
  3889                           
  3890     0381  0020               	movlb	0	; select bank0
  3891     0382  1E8C               	btfss	12,5	;volatile
  3892     0383  2B85               	goto	u2291
  3893     0384  2B86               	goto	u2290
  3894     0385                     u2291:
  3895     0385  2B81               	goto	l320
  3896     0386                     u2290:
  3897     0386  2B88               	goto	l2266
  3898     0387                     l2264:
  3899                           
  3900                           ;main.c: 184:         {;main.c: 185:             LATA = 0;
  3901     0387  0196               	clrf	22	;volatile
  3902     0388                     l2266:
  3903                           
  3904                           ;main.c: 188:         if (receive_ready)
  3905     0388  0826               	movf	_receive_ready,w	;volatile
  3906     0389  0427               	iorwf	_receive_ready+1,w	;volatile
  3907     038A  1903               	btfsc	3,2
  3908     038B  2B8D               	goto	u2301
  3909     038C  2B8E               	goto	u2300
  3910     038D                     u2301:
  3911     038D  2BD2               	goto	l2302
  3912     038E                     u2300:
  3913     038E                     l2268:
  3914                           
  3915                           ;main.c: 189:         {;main.c: 190:             if (receive_flag == 1)
  3916     038E  0324               	decf	_receive_flag,w	;volatile
  3917     038F  0425               	iorwf	_receive_flag+1,w	;volatile
  3918     0390  1D03               	btfss	3,2
  3919     0391  2B93               	goto	u2311
  3920     0392  2B94               	goto	u2310
  3921     0393                     u2311:
  3922     0393  2B97               	goto	l2272
  3923     0394                     u2310:
  3924     0394                     l2270:
  3925                           
  3926                           ;main.c: 191:             {;main.c: 192:                 receive_ready = 0;
  3927     0394  01A6               	clrf	_receive_ready	;volatile
  3928     0395  01A7               	clrf	_receive_ready+1	;volatile
  3929                           
  3930                           ;main.c: 193:             }
  3931     0396  2BD2               	goto	l2302
  3932     0397                     l2272:
  3933     0397  3002               	movlw	2
  3934     0398  0624               	xorwf	_receive_flag,w	;volatile
  3935     0399  0425               	iorwf	_receive_flag+1,w	;volatile
  3936     039A  1D03               	btfss	3,2
  3937     039B  2B9D               	goto	u2321
  3938     039C  2B9E               	goto	u2320
  3939     039D                     u2321:
  3940     039D  2BB0               	goto	l2286
  3941     039E                     u2320:
  3942     039E                     l2274:
  3943                           
  3944                           ;main.c: 195:             {;main.c: 196:                 receive_ready = 0;
  3945     039E  01A6               	clrf	_receive_ready	;volatile
  3946     039F  01A7               	clrf	_receive_ready+1	;volatile
  3947     03A0                     l2276:
  3948                           
  3949                           ;main.c: 197:                 shield_code_flag = control_data[10];
  3950     03A0  083B               	movf	_control_data+10,w	;volatile
  3951     03A1  00FB               	movwf	_shield_code_flag	;volatile
  3952     03A2                     l2278:
  3953                           
  3954                           ;main.c: 198:                 repair_code_flag = control_data[11];
  3955     03A2  083C               	movf	_control_data+11,w	;volatile
  3956     03A3  00B0               	movwf	_repair_code_flag	;volatile
  3957     03A4                     l2280:
  3958                           
  3959                           ;main.c: 200:                  if (shield_code_flag != 0)
  3960     03A4  087B               	movf	_shield_code_flag,w	;volatile
  3961     03A5  1903               	btfsc	3,2
  3962     03A6  2BA8               	goto	u2331
  3963     03A7  2BA9               	goto	u2330
  3964     03A8                     u2331:
  3965     03A8  2BAB               	goto	l328
  3966     03A9                     u2330:
  3967     03A9                     l2282:
  3968                           
  3969                           ;main.c: 201:                 {;main.c: 202:                     LATAbits.LATA0 = 1;
  3970     03A9  1416               	bsf	22,0	;volatile
  3971                           
  3972                           ;main.c: 203:                 }
  3973     03AA  2BAC               	goto	l2284
  3974     03AB                     l328:	
  3975                           ;main.c: 204:                 else
  3976                           
  3977                           
  3978                           ;main.c: 205:                 {;main.c: 206:                     LATAbits.LATA0 = 0;
  3979     03AB  1016               	bcf	22,0	;volatile
  3980     03AC                     l2284:
  3981                           
  3982                           ;main.c: 209:                 GetInfoController();
  3983     03AC  3186  263B  3183   	fcall	_GetInfoController
  3984                           
  3985                           ;main.c: 210:             }
  3986     03AF  2BD2               	goto	l2302
  3987     03B0                     l2286:
  3988     03B0  3003               	movlw	3
  3989     03B1  0624               	xorwf	_receive_flag,w	;volatile
  3990     03B2  0425               	iorwf	_receive_flag+1,w	;volatile
  3991     03B3  1D03               	btfss	3,2
  3992     03B4  2BB6               	goto	u2341
  3993     03B5  2BB7               	goto	u2340
  3994     03B6                     u2341:
  3995     03B6  2BD2               	goto	l326
  3996     03B7                     u2340:
  3997     03B7                     l2288:
  3998                           
  3999                           ;main.c: 212:             {;main.c: 213:                 receive_ready = 0;
  4000     03B7  01A6               	clrf	_receive_ready	;volatile
  4001     03B8  01A7               	clrf	_receive_ready+1	;volatile
  4002     03B9                     l2290:
  4003                           
  4004                           ;main.c: 214:                 motor(control_data);
  4005     03B9  3031               	movlw	(low (_control_data| 0))& (0+255)
  4006     03BA  00F9               	movwf	motor@data
  4007     03BB  3182  2238  3183   	fcall	_motor
  4008     03BE                     l2292:
  4009                           
  4010                           ;main.c: 215:                 SWD = ((control_data[21] << 8) + control_data[20]);
  4011     03BE  0020               	movlb	0	; select bank0
  4012     03BF  0846               	movf	_control_data+21,w	;volatile
  4013     03C0  00AF               	movwf	_SWD+1	;volatile
  4014     03C1  0845               	movf	_control_data+20,w	;volatile
  4015     03C2  00AE               	movwf	_SWD	;volatile
  4016     03C3                     l2294:
  4017                           
  4018                           ;main.c: 216:                 SWC = ((control_data[19] << 8) + control_data[18]);
  4019     03C3  0844               	movf	_control_data+19,w	;volatile
  4020     03C4  00AD               	movwf	_SWC+1	;volatile
  4021     03C5  0843               	movf	_control_data+18,w	;volatile
  4022     03C6  00AC               	movwf	_SWC	;volatile
  4023     03C7                     l2296:
  4024                           
  4025                           ;main.c: 217:                 SWA = (control_data[15] << 8) + (control_data[16]);
  4026     03C7  0840               	movf	_control_data+15,w	;volatile
  4027     03C8  00A3               	movwf	_SWA+1	;volatile
  4028     03C9  0841               	movf	_control_data+16,w	;volatile
  4029     03CA  00A2               	movwf	_SWA	;volatile
  4030     03CB                     l2298:
  4031                           
  4032                           ;main.c: 218:                 ShootLaser();
  4033     03CB  3184  2454  3183   	fcall	_ShootLaser
  4034     03CE                     l2300:
  4035                           
  4036                           ;main.c: 219:                 GetInfoPCU();
  4037     03CE  3186  2623  3183   	fcall	_GetInfoPCU
  4038     03D1  2BD2               	goto	l2302
  4039     03D2                     l326:
  4040     03D2                     l2302:
  4041                           
  4042                           ;main.c: 224:         if(SWA >= 2000){
  4043     03D2  0020               	movlb	0	; select bank0
  4044     03D3  0823               	movf	_SWA+1,w	;volatile
  4045     03D4  3A80               	xorlw	128
  4046     03D5  00DD               	movwf	??_main
  4047     03D6  3087               	movlw	135
  4048     03D7  025D               	subwf	??_main,w
  4049     03D8  1D03               	skipz
  4050     03D9  2BDC               	goto	u2355
  4051     03DA  30D0               	movlw	208
  4052     03DB  0222               	subwf	_SWA,w	;volatile
  4053     03DC                     u2355:
  4054     03DC  1C03               	skipc
  4055     03DD  2BDF               	goto	u2351
  4056     03DE  2BE0               	goto	u2350
  4057     03DF                     u2351:
  4058     03DF  2BF6               	goto	l333
  4059     03E0                     u2350:
  4060     03E0                     l2304:
  4061                           
  4062                           ;main.c: 225:             LATAbits.LATA2 = 1;
  4063     03E0  0020               	movlb	0	; select bank0
  4064     03E1  1516               	bsf	22,2	;volatile
  4065     03E2                     l2306:
  4066                           
  4067                           ;main.c: 226:             _delay((unsigned long)((1000)*(32000000/4000.0)));
  4068     03E2  3029               	movlw	41
  4069     03E3  0020               	movlb	0	; select bank0
  4070     03E4  00DE               	movwf	??_main+1
  4071     03E5  3096               	movlw	150
  4072     03E6  00DD               	movwf	??_main
  4073     03E7  307F               	movlw	127
  4074     03E8                     u2367:
  4075     03E8  0B89               	decfsz	9,f
  4076     03E9  2BE8               	goto	u2367
  4077     03EA  0BDD               	decfsz	??_main,f
  4078     03EB  2BE8               	goto	u2367
  4079     03EC  0BDE               	decfsz	??_main+1,f
  4080     03ED  2BE8               	goto	u2367
  4081     03EE                     l2308:
  4082                           
  4083                           ;main.c: 227:             follow(SWA);
  4084     03EE  0020               	movlb	0	; select bank0
  4085     03EF  0822               	movf	_SWA,w	;volatile
  4086     03F0  3180  20E0  3183   	fcall	_follow
  4087     03F3                     l2310:
  4088                           
  4089                           ;main.c: 228:             LATAbits.LATA2 = 0;
  4090     03F3  0020               	movlb	0	; select bank0
  4091     03F4  1116               	bcf	22,2	;volatile
  4092     03F5  2B74               	goto	l2258
  4093     03F6                     l333:	
  4094                           ;main.c: 233:         }
  4095                           
  4096     03F6  2B74               	goto	l2258
  4097     03F7  3180  28B9         	ljmp	start
  4098     03F9                     __end_of_main:
  4099                           
  4100                           	psect	text1
  4101     0238                     __ptext1:	
  4102 ;; *************** function _motor *****************
  4103 ;; Defined at:
  4104 ;;		line 39 in file "misc_funcs.c"
  4105 ;; Parameters:    Size  Location     Type
  4106 ;;  data            1    9[COMMON] PTR unsigned char 
  4107 ;;		 -> control_data(26), 
  4108 ;; Auto vars:     Size  Location     Type
  4109 ;;  msg            10    0[BANK0 ] unsigned char [10]
  4110 ;;  mly             2   16[BANK0 ] int 
  4111 ;;  mry             2   14[BANK0 ] int 
  4112 ;;  ldirec          2   12[BANK0 ] int 
  4113 ;;  rdirec          2   10[BANK0 ] int 
  4114 ;; Return value:  Size  Location     Type
  4115 ;;                  1    wreg      void 
  4116 ;; Registers used:
  4117 ;;		wreg, fsr0l, fsr0h, fsr1l, fsr1h, status,2, status,0, pclath, cstack
  4118 ;; Tracked objects:
  4119 ;;		On entry : 0/0
  4120 ;;		On exit  : 0/0
  4121 ;;		Unchanged: 0/0
  4122 ;; Data sizes:     COMMON   BANK0   BANK1   BANK2   BANK3   BANK4   BANK5   BANK6   BANK7   BANK8   BANK9  BANK10  BANK1
      +1  BANK12
  4123 ;;      Params:         1       0       0       0       0       0       0       0       0       0       0       0       
      +0       0
  4124 ;;      Locals:         0      18       0       0       0       0       0       0       0       0       0       0       
      +0       0
  4125 ;;      Temps:          1       0       0       0       0       0       0       0       0       0       0       0       
      +0       0
  4126 ;;      Totals:         2      18       0       0       0       0       0       0       0       0       0       0       
      +0       0
  4127 ;;Total ram usage:       20 bytes
  4128 ;; Hardware stack levels used: 1
  4129 ;; Hardware stack levels required when called: 2
  4130 ;; This function calls:
  4131 ;;		___awdiv
  4132 ;;		_sendit
  4133 ;; This function is called by:
  4134 ;;		_main
  4135 ;; This function uses a non-reentrant model
  4136 ;;
  4137                           
  4138     0238                     _motor:	
  4139                           ;psect for function _motor
  4140                           
  4141     0238                     l2122:	
  4142                           ;incstack = 0
  4143                           ; Regs used in _motor: [wreg-fsr1h+status,2+status,0+pclath+cstack]
  4144                           
  4145                           
  4146                           ;misc_funcs.c: 42:     int mly = 0;
  4147     0238  0020               	movlb	0	; select bank0
  4148     0239  01DB               	clrf	motor@mly
  4149     023A  01DC               	clrf	motor@mly+1
  4150                           
  4151                           ;misc_funcs.c: 43:     int rdirec = 0;
  4152     023B  01D5               	clrf	motor@rdirec
  4153     023C  01D6               	clrf	motor@rdirec+1
  4154                           
  4155                           ;misc_funcs.c: 44:     int ldirec = 0;
  4156     023D  01D7               	clrf	motor@ldirec
  4157     023E  01D8               	clrf	motor@ldirec+1
  4158     023F                     l2124:
  4159                           
  4160                           ;misc_funcs.c: 45:     char msg[10] = {0xFE,0x19,0x01,0x06,0x04,0x00, 0x0, 0x40, 0x0, 0x
      +                          40};
  4161     023F  30B4               	movlw	low motor@F11724
  4162     0240  0086               	movwf	6
  4163     0241  3000               	movlw	high motor@F11724
  4164     0242  0087               	movwf	7
  4165     0243  304B               	movlw	low motor@msg
  4166     0244  0084               	movwf	4
  4167     0245  3000               	movlw	high motor@msg
  4168     0246  0085               	movwf	5
  4169     0247  300A               	movlw	10
  4170     0248  00FA               	movwf	??_motor
  4171     0249                     u2110:
  4172     0249  0016               	moviw fsr1++
  4173     024A  001A               	movwi fsr0++
  4174     024B  0BFA               	decfsz	??_motor,f
  4175     024C  2A49               	goto	u2110
  4176     024D                     l2126:
  4177                           
  4178                           ;misc_funcs.c: 46:         mry = (data[8]+(data[9]<<8) - 1000)/5;
  4179     024D  3005               	movlw	5
  4180     024E  00F1               	movwf	___awdiv@divisor
  4181     024F  3000               	movlw	0
  4182     0250  00F2               	movwf	___awdiv@divisor+1
  4183     0251  0879               	movf	motor@data,w
  4184     0252  3E09               	addlw	9
  4185     0253  0086               	movwf	6
  4186     0254  0187               	clrf	7
  4187     0255  0879               	movf	motor@data,w
  4188     0256  3E08               	addlw	8
  4189     0257  0084               	movwf	4
  4190     0258  0185               	clrf	5
  4191     0259  0800               	movf	0,w
  4192     025A  3E18               	addlw	24
  4193     025B  00F3               	movwf	___awdiv@dividend
  4194     025C  30FC               	movlw	252
  4195     025D  3D01               	addwfc	1,w
  4196     025E  00F4               	movwf	___awdiv@dividend+1
  4197     025F  3183  23F9  3182   	fcall	___awdiv
  4198     0262  0872               	movf	?___awdiv+1,w
  4199     0263  0020               	movlb	0	; select bank0
  4200     0264  00DA               	movwf	motor@mry+1
  4201     0265  0871               	movf	?___awdiv,w
  4202     0266  00D9               	movwf	motor@mry
  4203     0267                     l2128:
  4204                           
  4205                           ;misc_funcs.c: 47:         mly = (data[10]+(data[11]<<8) - 1000)/5;
  4206     0267  3005               	movlw	5
  4207     0268  00F1               	movwf	___awdiv@divisor
  4208     0269  3000               	movlw	0
  4209     026A  00F2               	movwf	___awdiv@divisor+1
  4210     026B  0879               	movf	motor@data,w
  4211     026C  3E0B               	addlw	11
  4212     026D  0086               	movwf	6
  4213     026E  0187               	clrf	7
  4214     026F  0879               	movf	motor@data,w
  4215     0270  3E0A               	addlw	10
  4216     0271  0084               	movwf	4
  4217     0272  0185               	clrf	5
  4218     0273  0800               	movf	0,w
  4219     0274  3E18               	addlw	24
  4220     0275  00F3               	movwf	___awdiv@dividend
  4221     0276  30FC               	movlw	252
  4222     0277  3D01               	addwfc	1,w
  4223     0278  00F4               	movwf	___awdiv@dividend+1
  4224     0279  3183  23F9  3182   	fcall	___awdiv
  4225     027C  0872               	movf	?___awdiv+1,w
  4226     027D  0020               	movlb	0	; select bank0
  4227     027E  00DC               	movwf	motor@mly+1
  4228     027F  0871               	movf	?___awdiv,w
  4229     0280  00DB               	movwf	motor@mly
  4230     0281                     l2130:
  4231                           
  4232                           ;misc_funcs.c: 48:         if (mry < 110 && mry > 90){rdirec = 0;}
  4233     0281  085A               	movf	motor@mry+1,w
  4234     0282  3A80               	xorlw	128
  4235     0283  00FA               	movwf	??_motor
  4236     0284  3080               	movlw	128
  4237     0285  027A               	subwf	??_motor,w
  4238     0286  1D03               	skipz
  4239     0287  2A8A               	goto	u2125
  4240     0288  306E               	movlw	110
  4241     0289  0259               	subwf	motor@mry,w
  4242     028A                     u2125:
  4243     028A  1803               	skipnc
  4244     028B  2A8D               	goto	u2121
  4245     028C  2A8E               	goto	u2120
  4246     028D                     u2121:
  4247     028D  2AA0               	goto	l2136
  4248     028E                     u2120:
  4249     028E                     l2132:
  4250     028E  0020               	movlb	0	; select bank0
  4251     028F  085A               	movf	motor@mry+1,w
  4252     0290  3A80               	xorlw	128
  4253     0291  00FA               	movwf	??_motor
  4254     0292  3080               	movlw	128
  4255     0293  027A               	subwf	??_motor,w
  4256     0294  1D03               	skipz
  4257     0295  2A98               	goto	u2135
  4258     0296  305B               	movlw	91
  4259     0297  0259               	subwf	motor@mry,w
  4260     0298                     u2135:
  4261     0298  1C03               	skipc
  4262     0299  2A9B               	goto	u2131
  4263     029A  2A9C               	goto	u2130
  4264     029B                     u2131:
  4265     029B  2AA0               	goto	l2136
  4266     029C                     u2130:
  4267     029C                     l2134:
  4268     029C  0020               	movlb	0	; select bank0
  4269     029D  01D5               	clrf	motor@rdirec
  4270     029E  01D6               	clrf	motor@rdirec+1
  4271     029F  2AD6               	goto	l133
  4272     02A0                     l2136:
  4273     02A0  0020               	movlb	0	; select bank0
  4274     02A1  085A               	movf	motor@mry+1,w
  4275     02A2  3A80               	xorlw	128
  4276     02A3  00FA               	movwf	??_motor
  4277     02A4  3080               	movlw	128
  4278     02A5  027A               	subwf	??_motor,w
  4279     02A6  1D03               	skipz
  4280     02A7  2AAA               	goto	u2145
  4281     02A8  306F               	movlw	111
  4282     02A9  0259               	subwf	motor@mry,w
  4283     02AA                     u2145:
  4284     02AA  1C03               	skipc
  4285     02AB  2AAD               	goto	u2141
  4286     02AC  2AAE               	goto	u2140
  4287     02AD                     u2141:
  4288     02AD  2ABA               	goto	l2142
  4289     02AE                     u2140:
  4290     02AE                     l2138:
  4291                           
  4292                           ;misc_funcs.c: 50:         {;misc_funcs.c: 51:             rdirec = 1;
  4293     02AE  3001               	movlw	1
  4294     02AF  0020               	movlb	0	; select bank0
  4295     02B0  00D5               	movwf	motor@rdirec
  4296     02B1  3000               	movlw	0
  4297     02B2  00D6               	movwf	motor@rdirec+1
  4298     02B3                     l2140:
  4299                           
  4300                           ;misc_funcs.c: 52:             mry = mry - 100;
  4301     02B3  0859               	movf	motor@mry,w
  4302     02B4  3E9C               	addlw	156
  4303     02B5  00D9               	movwf	motor@mry
  4304     02B6  30FF               	movlw	255
  4305     02B7  3D5A               	addwfc	motor@mry+1,w
  4306     02B8  00DA               	movwf	motor@mry+1
  4307                           
  4308                           ;misc_funcs.c: 53:         }
  4309     02B9  2AD6               	goto	l133
  4310     02BA                     l2142:
  4311     02BA  0020               	movlb	0	; select bank0
  4312     02BB  085A               	movf	motor@mry+1,w
  4313     02BC  3A80               	xorlw	128
  4314     02BD  00FA               	movwf	??_motor
  4315     02BE  3080               	movlw	128
  4316     02BF  027A               	subwf	??_motor,w
  4317     02C0  1D03               	skipz
  4318     02C1  2AC4               	goto	u2155
  4319     02C2  305A               	movlw	90
  4320     02C3  0259               	subwf	motor@mry,w
  4321     02C4                     u2155:
  4322     02C4  1803               	skipnc
  4323     02C5  2AC7               	goto	u2151
  4324     02C6  2AC8               	goto	u2150
  4325     02C7                     u2151:
  4326     02C7  2AD6               	goto	l133
  4327     02C8                     u2150:
  4328     02C8                     l2144:
  4329                           
  4330                           ;misc_funcs.c: 55:         {;misc_funcs.c: 56:             rdirec = 2;
  4331     02C8  3002               	movlw	2
  4332     02C9  0020               	movlb	0	; select bank0
  4333     02CA  00D5               	movwf	motor@rdirec
  4334     02CB  3000               	movlw	0
  4335     02CC  00D6               	movwf	motor@rdirec+1
  4336                           
  4337                           ;misc_funcs.c: 57:             mry = 100 - mry;
  4338     02CD  3064               	movlw	100
  4339     02CE  00FA               	movwf	??_motor
  4340     02CF  0859               	movf	motor@mry,w
  4341     02D0  027A               	subwf	??_motor,w
  4342     02D1  00D9               	movwf	motor@mry
  4343     02D2  095A               	comf	motor@mry+1,w
  4344     02D3  1803               	skipnc
  4345     02D4  0A89               	incf	9,f
  4346     02D5  00DA               	movwf	motor@mry+1
  4347     02D6                     l133:
  4348                           
  4349                           ;misc_funcs.c: 60:         if (mly < 110 && mly > 90){ldirec = 0;}
  4350     02D6  0020               	movlb	0	; select bank0
  4351     02D7  085C               	movf	motor@mly+1,w
  4352     02D8  3A80               	xorlw	128
  4353     02D9  00FA               	movwf	??_motor
  4354     02DA  3080               	movlw	128
  4355     02DB  027A               	subwf	??_motor,w
  4356     02DC  1D03               	skipz
  4357     02DD  2AE0               	goto	u2165
  4358     02DE  306E               	movlw	110
  4359     02DF  025B               	subwf	motor@mly,w
  4360     02E0                     u2165:
  4361     02E0  1803               	skipnc
  4362     02E1  2AE3               	goto	u2161
  4363     02E2  2AE4               	goto	u2160
  4364     02E3                     u2161:
  4365     02E3  2AF6               	goto	l2150
  4366     02E4                     u2160:
  4367     02E4                     l2146:
  4368     02E4  0020               	movlb	0	; select bank0
  4369     02E5  085C               	movf	motor@mly+1,w
  4370     02E6  3A80               	xorlw	128
  4371     02E7  00FA               	movwf	??_motor
  4372     02E8  3080               	movlw	128
  4373     02E9  027A               	subwf	??_motor,w
  4374     02EA  1D03               	skipz
  4375     02EB  2AEE               	goto	u2175
  4376     02EC  305B               	movlw	91
  4377     02ED  025B               	subwf	motor@mly,w
  4378     02EE                     u2175:
  4379     02EE  1C03               	skipc
  4380     02EF  2AF1               	goto	u2171
  4381     02F0  2AF2               	goto	u2170
  4382     02F1                     u2171:
  4383     02F1  2AF6               	goto	l2150
  4384     02F2                     u2170:
  4385     02F2                     l2148:
  4386     02F2  0020               	movlb	0	; select bank0
  4387     02F3  01D7               	clrf	motor@ldirec
  4388     02F4  01D8               	clrf	motor@ldirec+1
  4389     02F5  2B2C               	goto	l138
  4390     02F6                     l2150:
  4391     02F6  0020               	movlb	0	; select bank0
  4392     02F7  085C               	movf	motor@mly+1,w
  4393     02F8  3A80               	xorlw	128
  4394     02F9  00FA               	movwf	??_motor
  4395     02FA  3080               	movlw	128
  4396     02FB  027A               	subwf	??_motor,w
  4397     02FC  1D03               	skipz
  4398     02FD  2B00               	goto	u2185
  4399     02FE  306F               	movlw	111
  4400     02FF  025B               	subwf	motor@mly,w
  4401     0300                     u2185:
  4402     0300  1C03               	skipc
  4403     0301  2B03               	goto	u2181
  4404     0302  2B04               	goto	u2180
  4405     0303                     u2181:
  4406     0303  2B10               	goto	l2156
  4407     0304                     u2180:
  4408     0304                     l2152:
  4409                           
  4410                           ;misc_funcs.c: 62:         {;misc_funcs.c: 63:             ldirec = 1;
  4411     0304  3001               	movlw	1
  4412     0305  0020               	movlb	0	; select bank0
  4413     0306  00D7               	movwf	motor@ldirec
  4414     0307  3000               	movlw	0
  4415     0308  00D8               	movwf	motor@ldirec+1
  4416     0309                     l2154:
  4417                           
  4418                           ;misc_funcs.c: 64:             mly = mly - 100;
  4419     0309  085B               	movf	motor@mly,w
  4420     030A  3E9C               	addlw	156
  4421     030B  00DB               	movwf	motor@mly
  4422     030C  30FF               	movlw	255
  4423     030D  3D5C               	addwfc	motor@mly+1,w
  4424     030E  00DC               	movwf	motor@mly+1
  4425                           
  4426                           ;misc_funcs.c: 65:         }
  4427     030F  2B2C               	goto	l138
  4428     0310                     l2156:
  4429     0310  0020               	movlb	0	; select bank0
  4430     0311  085C               	movf	motor@mly+1,w
  4431     0312  3A80               	xorlw	128
  4432     0313  00FA               	movwf	??_motor
  4433     0314  3080               	movlw	128
  4434     0315  027A               	subwf	??_motor,w
  4435     0316  1D03               	skipz
  4436     0317  2B1A               	goto	u2195
  4437     0318  305A               	movlw	90
  4438     0319  025B               	subwf	motor@mly,w
  4439     031A                     u2195:
  4440     031A  1803               	skipnc
  4441     031B  2B1D               	goto	u2191
  4442     031C  2B1E               	goto	u2190
  4443     031D                     u2191:
  4444     031D  2B2C               	goto	l138
  4445     031E                     u2190:
  4446     031E                     l2158:
  4447                           
  4448                           ;misc_funcs.c: 67:         {;misc_funcs.c: 68:             ldirec = 2;
  4449     031E  3002               	movlw	2
  4450     031F  0020               	movlb	0	; select bank0
  4451     0320  00D7               	movwf	motor@ldirec
  4452     0321  3000               	movlw	0
  4453     0322  00D8               	movwf	motor@ldirec+1
  4454                           
  4455                           ;misc_funcs.c: 69:             mly = 100 - mly;
  4456     0323  3064               	movlw	100
  4457     0324  00FA               	movwf	??_motor
  4458     0325  085B               	movf	motor@mly,w
  4459     0326  027A               	subwf	??_motor,w
  4460     0327  00DB               	movwf	motor@mly
  4461     0328  095C               	comf	motor@mly+1,w
  4462     0329  1803               	skipnc
  4463     032A  0A89               	incf	9,f
  4464     032B  00DC               	movwf	motor@mly+1
  4465     032C                     l138:
  4466                           
  4467                           ;misc_funcs.c: 72:         msg[6] = ldirec;
  4468     032C  0020               	movlb	0	; select bank0
  4469     032D  0857               	movf	motor@ldirec,w
  4470     032E  00D1               	movwf	motor@msg+6
  4471                           
  4472                           ;misc_funcs.c: 73:         msg[7] = mly;
  4473     032F  085B               	movf	motor@mly,w
  4474     0330  00D2               	movwf	motor@msg+7
  4475                           
  4476                           ;misc_funcs.c: 74:         msg[8] = rdirec;
  4477     0331  0855               	movf	motor@rdirec,w
  4478     0332  00D3               	movwf	motor@msg+8
  4479                           
  4480                           ;misc_funcs.c: 75:         msg[9] = mry;
  4481     0333  0859               	movf	motor@mry,w
  4482     0334  00D4               	movwf	motor@msg+9
  4483     0335                     l2160:
  4484                           
  4485                           ;misc_funcs.c: 77:         sendit(msg, 10);
  4486     0335  304B               	movlw	(low (motor@msg| 0))& (0+255)
  4487     0336  00F1               	movwf	sendit@it
  4488     0337  300A               	movlw	10
  4489     0338  00F2               	movwf	sendit@it_size
  4490     0339  3000               	movlw	0
  4491     033A  00F3               	movwf	sendit@it_size+1
  4492     033B  3185  25A2  3182   	fcall	_sendit
  4493     033E                     l142:
  4494     033E  0008               	return
  4495     033F                     __end_of_motor:
  4496                           
  4497                           	psect	text2
  4498     03F9                     __ptext2:	
  4499 ;; *************** function ___awdiv *****************
  4500 ;; Defined at:
  4501 ;;		line 5 in file "C:\Program Files\Microchip\xc8\v3.00\pic\sources\c99\common\awdiv.c"
  4502 ;; Parameters:    Size  Location     Type
  4503 ;;  divisor         2    1[COMMON] int 
  4504 ;;  dividend        2    3[COMMON] int 
  4505 ;; Auto vars:     Size  Location     Type
  4506 ;;  quotient        2    7[COMMON] int 
  4507 ;;  sign            1    6[COMMON] unsigned char 
  4508 ;;  counter         1    5[COMMON] unsigned char 
  4509 ;; Return value:  Size  Location     Type
  4510 ;;                  2    1[COMMON] int 
  4511 ;; Registers used:
  4512 ;;		wreg, status,2, status,0
  4513 ;; Tracked objects:
  4514 ;;		On entry : 0/0
  4515 ;;		On exit  : 0/0
  4516 ;;		Unchanged: 0/0
  4517 ;; Data sizes:     COMMON   BANK0   BANK1   BANK2   BANK3   BANK4   BANK5   BANK6   BANK7   BANK8   BANK9  BANK10  BANK1
      +1  BANK12
  4518 ;;      Params:         4       0       0       0       0       0       0       0       0       0       0       0       
      +0       0
  4519 ;;      Locals:         4       0       0       0       0       0       0       0       0       0       0       0       
      +0       0
  4520 ;;      Temps:          0       0       0       0       0       0       0       0       0       0       0       0       
      +0       0
  4521 ;;      Totals:         8       0       0       0       0       0       0       0       0       0       0       0       
      +0       0
  4522 ;;Total ram usage:        8 bytes
  4523 ;; Hardware stack levels used: 1
  4524 ;; Hardware stack levels required when called: 1
  4525 ;; This function calls:
  4526 ;;		Nothing
  4527 ;; This function is called by:
  4528 ;;		_motor
  4529 ;; This function uses a non-reentrant model
  4530 ;;
  4531                           
  4532     03F9                     ___awdiv:	
  4533                           ;psect for function ___awdiv
  4534                           
  4535     03F9                     l1986:	
  4536                           ;incstack = 0
  4537                           ; Regs used in ___awdiv: [wreg+status,2+status,0]
  4538                           
  4539     03F9  01F6               	clrf	___awdiv@sign
  4540     03FA                     l1988:
  4541     03FA  1FF2               	btfss	___awdiv@divisor+1,7
  4542     03FB  2BFD               	goto	u1771
  4543     03FC  2BFE               	goto	u1770
  4544     03FD                     u1771:
  4545     03FD  2C05               	goto	l1994
  4546     03FE                     u1770:
  4547     03FE                     l1990:
  4548     03FE  09F1               	comf	___awdiv@divisor,f
  4549     03FF  09F2               	comf	___awdiv@divisor+1,f
  4550     0400  0AF1               	incf	___awdiv@divisor,f
  4551     0401  1903               	skipnz
  4552     0402  0AF2               	incf	___awdiv@divisor+1,f
  4553     0403                     l1992:
  4554     0403  3001               	movlw	1
  4555     0404  00F6               	movwf	___awdiv@sign
  4556     0405                     l1994:
  4557     0405  1FF4               	btfss	___awdiv@dividend+1,7
  4558     0406  2C08               	goto	u1781
  4559     0407  2C09               	goto	u1780
  4560     0408                     u1781:
  4561     0408  2C10               	goto	l2000
  4562     0409                     u1780:
  4563     0409                     l1996:
  4564     0409  09F3               	comf	___awdiv@dividend,f
  4565     040A  09F4               	comf	___awdiv@dividend+1,f
  4566     040B  0AF3               	incf	___awdiv@dividend,f
  4567     040C  1903               	skipnz
  4568     040D  0AF4               	incf	___awdiv@dividend+1,f
  4569     040E                     l1998:
  4570     040E  3001               	movlw	1
  4571     040F  06F6               	xorwf	___awdiv@sign,f
  4572     0410                     l2000:
  4573     0410  01F7               	clrf	___awdiv@quotient
  4574     0411  01F8               	clrf	___awdiv@quotient+1
  4575     0412                     l2002:
  4576     0412  0871               	movf	___awdiv@divisor,w
  4577     0413  0472               	iorwf	___awdiv@divisor+1,w
  4578     0414  1903               	btfsc	3,2
  4579     0415  2C17               	goto	u1791
  4580     0416  2C18               	goto	u1790
  4581     0417                     u1791:
  4582     0417  2C45               	goto	l2022
  4583     0418                     u1790:
  4584     0418                     l2004:
  4585     0418  3001               	movlw	1
  4586     0419  00F5               	movwf	___awdiv@counter
  4587     041A  2C22               	goto	l2010
  4588     041B                     l2006:
  4589     041B  3001               	movlw	1
  4590     041C                     u1805:
  4591     041C  35F1               	lslf	___awdiv@divisor,f
  4592     041D  0DF2               	rlf	___awdiv@divisor+1,f
  4593     041E  0B89               	decfsz	9,f
  4594     041F  2C1C               	goto	u1805
  4595     0420                     l2008:
  4596     0420  3001               	movlw	1
  4597     0421  07F5               	addwf	___awdiv@counter,f
  4598     0422                     l2010:
  4599     0422  1FF2               	btfss	___awdiv@divisor+1,7
  4600     0423  2C25               	goto	u1811
  4601     0424  2C26               	goto	u1810
  4602     0425                     u1811:
  4603     0425  2C1B               	goto	l2006
  4604     0426                     u1810:
  4605     0426                     l2012:
  4606     0426  3001               	movlw	1
  4607     0427                     u1825:
  4608     0427  35F7               	lslf	___awdiv@quotient,f
  4609     0428  0DF8               	rlf	___awdiv@quotient+1,f
  4610     0429  0B89               	decfsz	9,f
  4611     042A  2C27               	goto	u1825
  4612     042B  0872               	movf	___awdiv@divisor+1,w
  4613     042C  0274               	subwf	___awdiv@dividend+1,w
  4614     042D  1D03               	skipz
  4615     042E  2C31               	goto	u1835
  4616     042F  0871               	movf	___awdiv@divisor,w
  4617     0430  0273               	subwf	___awdiv@dividend,w
  4618     0431                     u1835:
  4619     0431  1C03               	skipc
  4620     0432  2C34               	goto	u1831
  4621     0433  2C35               	goto	u1830
  4622     0434                     u1831:
  4623     0434  2C3A               	goto	l2018
  4624     0435                     u1830:
  4625     0435                     l2014:
  4626     0435  0871               	movf	___awdiv@divisor,w
  4627     0436  02F3               	subwf	___awdiv@dividend,f
  4628     0437  0872               	movf	___awdiv@divisor+1,w
  4629     0438  3BF4               	subwfb	___awdiv@dividend+1,f
  4630     0439                     l2016:
  4631     0439  1477               	bsf	___awdiv@quotient,0
  4632     043A                     l2018:
  4633     043A  3001               	movlw	1
  4634     043B                     u1845:
  4635     043B  36F2               	lsrf	___awdiv@divisor+1,f
  4636     043C  0CF1               	rrf	___awdiv@divisor,f
  4637     043D  0B89               	decfsz	9,f
  4638     043E  2C3B               	goto	u1845
  4639     043F                     l2020:
  4640     043F  3001               	movlw	1
  4641     0440  02F5               	subwf	___awdiv@counter,f
  4642     0441  1D03               	btfss	3,2
  4643     0442  2C44               	goto	u1851
  4644     0443  2C45               	goto	u1850
  4645     0444                     u1851:
  4646     0444  2C26               	goto	l2012
  4647     0445                     u1850:
  4648     0445                     l2022:
  4649     0445  0876               	movf	___awdiv@sign,w
  4650     0446  1903               	btfsc	3,2
  4651     0447  2C49               	goto	u1861
  4652     0448  2C4A               	goto	u1860
  4653     0449                     u1861:
  4654     0449  2C4F               	goto	l2026
  4655     044A                     u1860:
  4656     044A                     l2024:
  4657     044A  09F7               	comf	___awdiv@quotient,f
  4658     044B  09F8               	comf	___awdiv@quotient+1,f
  4659     044C  0AF7               	incf	___awdiv@quotient,f
  4660     044D  1903               	skipnz
  4661     044E  0AF8               	incf	___awdiv@quotient+1,f
  4662     044F                     l2026:
  4663     044F  0878               	movf	___awdiv@quotient+1,w
  4664     0450  00F2               	movwf	?___awdiv+1
  4665     0451  0877               	movf	___awdiv@quotient,w
  4666     0452  00F1               	movwf	?___awdiv
  4667     0453                     l641:
  4668     0453  0008               	return
  4669     0454                     __end_of___awdiv:
  4670                           
  4671                           	psect	text3
  4672     00E0                     __ptext3:	
  4673 ;; *************** function _follow *****************
  4674 ;; Defined at:
  4675 ;;		line 75 in file "linefollower.c"
  4676 ;; Parameters:    Size  Location     Type
  4677 ;;  sw              1    wreg     unsigned char 
  4678 ;; Auto vars:     Size  Location     Type
  4679 ;;  sw              1    0[COMMON] unsigned char 
  4680 ;;  center          2   15[BANK0 ] unsigned short 
  4681 ;;  right           2   13[BANK0 ] unsigned short 
  4682 ;;  left            2   11[BANK0 ] unsigned short 
  4683 ;; Return value:  Size  Location     Type
  4684 ;;                  1    wreg      void 
  4685 ;; Registers used:
  4686 ;;		wreg, fsr0l, fsr0h, fsr1l, fsr1h, status,2, status,0, pclath, cstack
  4687 ;; Tracked objects:
  4688 ;;		On entry : 0/0
  4689 ;;		On exit  : 0/0
  4690 ;;		Unchanged: 0/0
  4691 ;; Data sizes:     COMMON   BANK0   BANK1   BANK2   BANK3   BANK4   BANK5   BANK6   BANK7   BANK8   BANK9  BANK10  BANK1
      +1  BANK12
  4692 ;;      Params:         0       0       0       0       0       0       0       0       0       0       0       0       
      +0       0
  4693 ;;      Locals:         0       6       0       0       0       0       0       0       0       0       0       0       
      +0       0
  4694 ;;      Temps:          2       0       0       0       0       0       0       0       0       0       0       0       
      +0       0
  4695 ;;      Totals:         2       6       0       0       0       0       0       0       0       0       0       0       
      +0       0
  4696 ;;Total ram usage:        8 bytes
  4697 ;; Hardware stack levels used: 1
  4698 ;; Hardware stack levels required when called: 3
  4699 ;; This function calls:
  4700 ;;		_rd_adc
  4701 ;;		_runmotor
  4702 ;; This function is called by:
  4703 ;;		_main
  4704 ;; This function uses a non-reentrant model
  4705 ;;
  4706                           
  4707     00E0                     _follow:	
  4708                           ;psect for function _follow
  4709                           
  4710     00E0                     l2030:	
  4711                           ;incstack = 0
  4712                           ; Regs used in _follow: [wreg-fsr1h+status,2+status,0+pclath+cstack]
  4713                           
  4714                           
  4715                           ;linefollower.c: 78:     volatile const uint16_t wlvl = 600;;linefollower.c: 79:     vol
      +                          atile const uint16_t blvl = 850;;linefollower.c: 82:     ANSELB = 0b0111;
  4716     00E0  3007               	movlw	7
  4717     00E1  003E               	movlb	30	; select bank30
  4718     00E2  00C3               	movwf	67	;volatile
  4719                           
  4720                           ;linefollower.c: 83:     TRISB = 0b0111;
  4721     00E3  3007               	movlw	7
  4722     00E4  0020               	movlb	0	; select bank0
  4723     00E5  0092               	movwf	18	;volatile
  4724                           
  4725                           ;linefollower.c: 89:     ADCLK = 0b11111;
  4726     00E6  301F               	movlw	31
  4727     00E7  0021               	movlb	1	; select bank1
  4728     00E8  0098               	movwf	24	;volatile
  4729     00E9                     l2032:
  4730                           
  4731                           ;linefollower.c: 91:     ADREFbits.ADPREF = 0b00;
  4732     00E9  30FC               	movlw	-4
  4733     00EA  059A               	andwf	26,f	;volatile
  4734     00EB                     l2034:
  4735                           
  4736                           ;linefollower.c: 92:     ADREFbits.ADNREF = 0;
  4737     00EB  121A               	bcf	26,4	;volatile
  4738     00EC                     l2036:
  4739                           
  4740                           ;linefollower.c: 96:     ADACQ = 0b001;
  4741     00EC  3001               	movlw	1
  4742     00ED  009D               	movwf	29	;volatile
  4743     00EE                     l2038:
  4744                           
  4745                           ;linefollower.c: 98:     ADCON0bits.ADFRM0 = 1;
  4746     00EE  1513               	bsf	19,2	;volatile
  4747     00EF                     l2040:
  4748                           
  4749                           ;linefollower.c: 100:     ADCON0bits.ADON = 1;
  4750     00EF  1793               	bsf	19,7	;volatile
  4751     00F0                     l2042:
  4752                           
  4753                           ;linefollower.c: 108:         uint16_t left = rd_adc(1);
  4754     00F0  3001               	movlw	1
  4755     00F1  3185  2547  3180   	fcall	_rd_adc
  4756     00F4  0872               	movf	?_rd_adc+1,w
  4757     00F5  0020               	movlb	0	; select bank0
  4758     00F6  00D7               	movwf	follow@left+1
  4759     00F7  0871               	movf	?_rd_adc,w
  4760     00F8  00D6               	movwf	follow@left
  4761     00F9                     l2044:
  4762                           
  4763                           ;linefollower.c: 109:         uint16_t right = rd_adc(2);
  4764     00F9  3002               	movlw	2
  4765     00FA  3185  2547  3180   	fcall	_rd_adc
  4766     00FD  0872               	movf	?_rd_adc+1,w
  4767     00FE  0020               	movlb	0	; select bank0
  4768     00FF  00D9               	movwf	follow@right+1
  4769     0100  0871               	movf	?_rd_adc,w
  4770     0101  00D8               	movwf	follow@right
  4771     0102                     l2046:
  4772                           
  4773                           ;linefollower.c: 110:         uint16_t center = rd_adc(3);
  4774     0102  3003               	movlw	3
  4775     0103  3185  2547  3180   	fcall	_rd_adc
  4776     0106  0872               	movf	?_rd_adc+1,w
  4777     0107  0020               	movlb	0	; select bank0
  4778     0108  00DB               	movwf	follow@center+1
  4779     0109  0871               	movf	?_rd_adc,w
  4780     010A  00DA               	movwf	follow@center
  4781     010B                     l2048:
  4782                           
  4783                           ;linefollower.c: 112:         if (left < wlvl && center > blvl && right < wlvl){
  4784     010B  3069               	movlw	low (follow@wlvl| (0+32768))
  4785     010C  0084               	movwf	4
  4786     010D  3086               	movlw	high (follow@wlvl| (0+32768))
  4787     010E  0085               	movwf	5
  4788     010F  3F00               	moviw [0]fsr0
  4789     0110  00F9               	movwf	??_follow
  4790     0111  3F01               	moviw [1]fsr0
  4791     0112  00FA               	movwf	??_follow+1
  4792     0113  087A               	movf	??_follow+1,w
  4793     0114  0257               	subwf	follow@left+1,w
  4794     0115  1D03               	skipz
  4795     0116  2919               	goto	u1875
  4796     0117  0879               	movf	??_follow,w
  4797     0118  0256               	subwf	follow@left,w
  4798     0119                     u1875:
  4799     0119  1803               	skipnc
  4800     011A  291C               	goto	u1871
  4801     011B  291D               	goto	u1870
  4802     011C                     u1871:
  4803     011C  2946               	goto	l2056
  4804     011D                     u1870:
  4805     011D                     l2050:
  4806     011D  3067               	movlw	low (follow@blvl| (0+32768))
  4807     011E  0084               	movwf	4
  4808     011F  3086               	movlw	high (follow@blvl| (0+32768))
  4809     0120  0085               	movwf	5
  4810     0121  3F00               	moviw [0]fsr0
  4811     0122  00F9               	movwf	??_follow
  4812     0123  3F01               	moviw [1]fsr0
  4813     0124  00FA               	movwf	??_follow+1
  4814     0125  085B               	movf	follow@center+1,w
  4815     0126  027A               	subwf	??_follow+1,w
  4816     0127  1D03               	skipz
  4817     0128  292B               	goto	u1885
  4818     0129  085A               	movf	follow@center,w
  4819     012A  0279               	subwf	??_follow,w
  4820     012B                     u1885:
  4821     012B  1803               	skipnc
  4822     012C  292E               	goto	u1881
  4823     012D  292F               	goto	u1880
  4824     012E                     u1881:
  4825     012E  2946               	goto	l2056
  4826     012F                     u1880:
  4827     012F                     l2052:
  4828     012F  3069               	movlw	low (follow@wlvl| (0+32768))
  4829     0130  0084               	movwf	4
  4830     0131  3086               	movlw	high (follow@wlvl| (0+32768))
  4831     0132  0085               	movwf	5
  4832     0133  3F00               	moviw [0]fsr0
  4833     0134  00F9               	movwf	??_follow
  4834     0135  3F01               	moviw [1]fsr0
  4835     0136  00FA               	movwf	??_follow+1
  4836     0137  087A               	movf	??_follow+1,w
  4837     0138  0259               	subwf	follow@right+1,w
  4838     0139  1D03               	skipz
  4839     013A  293D               	goto	u1895
  4840     013B  0879               	movf	??_follow,w
  4841     013C  0258               	subwf	follow@right,w
  4842     013D                     u1895:
  4843     013D  1803               	skipnc
  4844     013E  2940               	goto	u1891
  4845     013F  2941               	goto	u1890
  4846     0140                     u1891:
  4847     0140  2946               	goto	l2056
  4848     0141                     u1890:
  4849     0141                     l2054:
  4850                           
  4851                           ;linefollower.c: 113:             runmotor(3);
  4852     0141  3003               	movlw	3
  4853     0142  3184  24AC  3180   	fcall	_runmotor
  4854                           
  4855                           ;linefollower.c: 114:         }
  4856     0145  28F0               	goto	l2042
  4857     0146                     l2056:
  4858     0146  3069               	movlw	low (follow@wlvl| (0+32768))
  4859     0147  0084               	movwf	4
  4860     0148  3086               	movlw	high (follow@wlvl| (0+32768))
  4861     0149  0085               	movwf	5
  4862     014A  3F00               	moviw [0]fsr0
  4863     014B  00F9               	movwf	??_follow
  4864     014C  3F01               	moviw [1]fsr0
  4865     014D  00FA               	movwf	??_follow+1
  4866     014E  087A               	movf	??_follow+1,w
  4867     014F  0257               	subwf	follow@left+1,w
  4868     0150  1D03               	skipz
  4869     0151  2954               	goto	u1905
  4870     0152  0879               	movf	??_follow,w
  4871     0153  0256               	subwf	follow@left,w
  4872     0154                     u1905:
  4873     0154  1803               	skipnc
  4874     0155  2957               	goto	u1901
  4875     0156  2958               	goto	u1900
  4876     0157                     u1901:
  4877     0157  2981               	goto	l2064
  4878     0158                     u1900:
  4879     0158                     l2058:
  4880     0158  3067               	movlw	low (follow@blvl| (0+32768))
  4881     0159  0084               	movwf	4
  4882     015A  3086               	movlw	high (follow@blvl| (0+32768))
  4883     015B  0085               	movwf	5
  4884     015C  3F00               	moviw [0]fsr0
  4885     015D  00F9               	movwf	??_follow
  4886     015E  3F01               	moviw [1]fsr0
  4887     015F  00FA               	movwf	??_follow+1
  4888     0160  085B               	movf	follow@center+1,w
  4889     0161  027A               	subwf	??_follow+1,w
  4890     0162  1D03               	skipz
  4891     0163  2966               	goto	u1915
  4892     0164  085A               	movf	follow@center,w
  4893     0165  0279               	subwf	??_follow,w
  4894     0166                     u1915:
  4895     0166  1803               	skipnc
  4896     0167  2969               	goto	u1911
  4897     0168  296A               	goto	u1910
  4898     0169                     u1911:
  4899     0169  2981               	goto	l2064
  4900     016A                     u1910:
  4901     016A                     l2060:
  4902     016A  3067               	movlw	low (follow@blvl| (0+32768))
  4903     016B  0084               	movwf	4
  4904     016C  3086               	movlw	high (follow@blvl| (0+32768))
  4905     016D  0085               	movwf	5
  4906     016E  3F00               	moviw [0]fsr0
  4907     016F  00F9               	movwf	??_follow
  4908     0170  3F01               	moviw [1]fsr0
  4909     0171  00FA               	movwf	??_follow+1
  4910     0172  0859               	movf	follow@right+1,w
  4911     0173  027A               	subwf	??_follow+1,w
  4912     0174  1D03               	skipz
  4913     0175  2978               	goto	u1925
  4914     0176  0858               	movf	follow@right,w
  4915     0177  0279               	subwf	??_follow,w
  4916     0178                     u1925:
  4917     0178  1803               	skipnc
  4918     0179  297B               	goto	u1921
  4919     017A  297C               	goto	u1920
  4920     017B                     u1921:
  4921     017B  2981               	goto	l2064
  4922     017C                     u1920:
  4923     017C                     l2062:
  4924                           
  4925                           ;linefollower.c: 118:             runmotor(2);
  4926     017C  3002               	movlw	2
  4927     017D  3184  24AC  3180   	fcall	_runmotor
  4928                           
  4929                           ;linefollower.c: 119:         }
  4930     0180  28F0               	goto	l2042
  4931     0181                     l2064:
  4932     0181  3069               	movlw	low (follow@wlvl| (0+32768))
  4933     0182  0084               	movwf	4
  4934     0183  3086               	movlw	high (follow@wlvl| (0+32768))
  4935     0184  0085               	movwf	5
  4936     0185  3F00               	moviw [0]fsr0
  4937     0186  00F9               	movwf	??_follow
  4938     0187  3F01               	moviw [1]fsr0
  4939     0188  00FA               	movwf	??_follow+1
  4940     0189  087A               	movf	??_follow+1,w
  4941     018A  0257               	subwf	follow@left+1,w
  4942     018B  1D03               	skipz
  4943     018C  298F               	goto	u1935
  4944     018D  0879               	movf	??_follow,w
  4945     018E  0256               	subwf	follow@left,w
  4946     018F                     u1935:
  4947     018F  1803               	skipnc
  4948     0190  2992               	goto	u1931
  4949     0191  2993               	goto	u1930
  4950     0192                     u1931:
  4951     0192  29BC               	goto	l2072
  4952     0193                     u1930:
  4953     0193                     l2066:
  4954     0193  3069               	movlw	low (follow@wlvl| (0+32768))
  4955     0194  0084               	movwf	4
  4956     0195  3086               	movlw	high (follow@wlvl| (0+32768))
  4957     0196  0085               	movwf	5
  4958     0197  3F00               	moviw [0]fsr0
  4959     0198  00F9               	movwf	??_follow
  4960     0199  3F01               	moviw [1]fsr0
  4961     019A  00FA               	movwf	??_follow+1
  4962     019B  087A               	movf	??_follow+1,w
  4963     019C  025B               	subwf	follow@center+1,w
  4964     019D  1D03               	skipz
  4965     019E  29A1               	goto	u1945
  4966     019F  0879               	movf	??_follow,w
  4967     01A0  025A               	subwf	follow@center,w
  4968     01A1                     u1945:
  4969     01A1  1803               	skipnc
  4970     01A2  29A4               	goto	u1941
  4971     01A3  29A5               	goto	u1940
  4972     01A4                     u1941:
  4973     01A4  29BC               	goto	l2072
  4974     01A5                     u1940:
  4975     01A5                     l2068:
  4976     01A5  3067               	movlw	low (follow@blvl| (0+32768))
  4977     01A6  0084               	movwf	4
  4978     01A7  3086               	movlw	high (follow@blvl| (0+32768))
  4979     01A8  0085               	movwf	5
  4980     01A9  3F00               	moviw [0]fsr0
  4981     01AA  00F9               	movwf	??_follow
  4982     01AB  3F01               	moviw [1]fsr0
  4983     01AC  00FA               	movwf	??_follow+1
  4984     01AD  0859               	movf	follow@right+1,w
  4985     01AE  027A               	subwf	??_follow+1,w
  4986     01AF  1D03               	skipz
  4987     01B0  29B3               	goto	u1955
  4988     01B1  0858               	movf	follow@right,w
  4989     01B2  0279               	subwf	??_follow,w
  4990     01B3                     u1955:
  4991     01B3  1803               	skipnc
  4992     01B4  29B6               	goto	u1951
  4993     01B5  29B7               	goto	u1950
  4994     01B6                     u1951:
  4995     01B6  29BC               	goto	l2072
  4996     01B7                     u1950:
  4997     01B7                     l2070:
  4998                           
  4999                           ;linefollower.c: 124:             runmotor(2);
  5000     01B7  3002               	movlw	2
  5001     01B8  3184  24AC  3180   	fcall	_runmotor
  5002                           
  5003                           ;linefollower.c: 125:         }
  5004     01BB  28F0               	goto	l2042
  5005     01BC                     l2072:
  5006     01BC  3067               	movlw	low (follow@blvl| (0+32768))
  5007     01BD  0084               	movwf	4
  5008     01BE  3086               	movlw	high (follow@blvl| (0+32768))
  5009     01BF  0085               	movwf	5
  5010     01C0  3F00               	moviw [0]fsr0
  5011     01C1  00F9               	movwf	??_follow
  5012     01C2  3F01               	moviw [1]fsr0
  5013     01C3  00FA               	movwf	??_follow+1
  5014     01C4  0857               	movf	follow@left+1,w
  5015     01C5  027A               	subwf	??_follow+1,w
  5016     01C6  1D03               	skipz
  5017     01C7  29CA               	goto	u1965
  5018     01C8  0856               	movf	follow@left,w
  5019     01C9  0279               	subwf	??_follow,w
  5020     01CA                     u1965:
  5021     01CA  1803               	skipnc
  5022     01CB  29CD               	goto	u1961
  5023     01CC  29CE               	goto	u1960
  5024     01CD                     u1961:
  5025     01CD  29F7               	goto	l2080
  5026     01CE                     u1960:
  5027     01CE                     l2074:
  5028     01CE  3069               	movlw	low (follow@wlvl| (0+32768))
  5029     01CF  0084               	movwf	4
  5030     01D0  3086               	movlw	high (follow@wlvl| (0+32768))
  5031     01D1  0085               	movwf	5
  5032     01D2  3F00               	moviw [0]fsr0
  5033     01D3  00F9               	movwf	??_follow
  5034     01D4  3F01               	moviw [1]fsr0
  5035     01D5  00FA               	movwf	??_follow+1
  5036     01D6  087A               	movf	??_follow+1,w
  5037     01D7  025B               	subwf	follow@center+1,w
  5038     01D8  1D03               	skipz
  5039     01D9  29DC               	goto	u1975
  5040     01DA  0879               	movf	??_follow,w
  5041     01DB  025A               	subwf	follow@center,w
  5042     01DC                     u1975:
  5043     01DC  1803               	skipnc
  5044     01DD  29DF               	goto	u1971
  5045     01DE  29E0               	goto	u1970
  5046     01DF                     u1971:
  5047     01DF  29F7               	goto	l2080
  5048     01E0                     u1970:
  5049     01E0                     l2076:
  5050     01E0  3069               	movlw	low (follow@wlvl| (0+32768))
  5051     01E1  0084               	movwf	4
  5052     01E2  3086               	movlw	high (follow@wlvl| (0+32768))
  5053     01E3  0085               	movwf	5
  5054     01E4  3F00               	moviw [0]fsr0
  5055     01E5  00F9               	movwf	??_follow
  5056     01E6  3F01               	moviw [1]fsr0
  5057     01E7  00FA               	movwf	??_follow+1
  5058     01E8  087A               	movf	??_follow+1,w
  5059     01E9  0259               	subwf	follow@right+1,w
  5060     01EA  1D03               	skipz
  5061     01EB  29EE               	goto	u1985
  5062     01EC  0879               	movf	??_follow,w
  5063     01ED  0258               	subwf	follow@right,w
  5064     01EE                     u1985:
  5065     01EE  1803               	skipnc
  5066     01EF  29F1               	goto	u1981
  5067     01F0  29F2               	goto	u1980
  5068     01F1                     u1981:
  5069     01F1  29F7               	goto	l2080
  5070     01F2                     u1980:
  5071     01F2                     l2078:
  5072                           
  5073                           ;linefollower.c: 130:             runmotor(1);
  5074     01F2  3001               	movlw	1
  5075     01F3  3184  24AC  3180   	fcall	_runmotor
  5076                           
  5077                           ;linefollower.c: 131:         }
  5078     01F6  28F0               	goto	l2042
  5079     01F7                     l2080:
  5080     01F7  3067               	movlw	low (follow@blvl| (0+32768))
  5081     01F8  0084               	movwf	4
  5082     01F9  3086               	movlw	high (follow@blvl| (0+32768))
  5083     01FA  0085               	movwf	5
  5084     01FB  3F00               	moviw [0]fsr0
  5085     01FC  00F9               	movwf	??_follow
  5086     01FD  3F01               	moviw [1]fsr0
  5087     01FE  00FA               	movwf	??_follow+1
  5088     01FF  0857               	movf	follow@left+1,w
  5089     0200  027A               	subwf	??_follow+1,w
  5090     0201  1D03               	skipz
  5091     0202  2A05               	goto	u1995
  5092     0203  0856               	movf	follow@left,w
  5093     0204  0279               	subwf	??_follow,w
  5094     0205                     u1995:
  5095     0205  1803               	skipnc
  5096     0206  2A08               	goto	u1991
  5097     0207  2A09               	goto	u1990
  5098     0208                     u1991:
  5099     0208  2A32               	goto	l2088
  5100     0209                     u1990:
  5101     0209                     l2082:
  5102     0209  3067               	movlw	low (follow@blvl| (0+32768))
  5103     020A  0084               	movwf	4
  5104     020B  3086               	movlw	high (follow@blvl| (0+32768))
  5105     020C  0085               	movwf	5
  5106     020D  3F00               	moviw [0]fsr0
  5107     020E  00F9               	movwf	??_follow
  5108     020F  3F01               	moviw [1]fsr0
  5109     0210  00FA               	movwf	??_follow+1
  5110     0211  085B               	movf	follow@center+1,w
  5111     0212  027A               	subwf	??_follow+1,w
  5112     0213  1D03               	skipz
  5113     0214  2A17               	goto	u2005
  5114     0215  085A               	movf	follow@center,w
  5115     0216  0279               	subwf	??_follow,w
  5116     0217                     u2005:
  5117     0217  1803               	skipnc
  5118     0218  2A1A               	goto	u2001
  5119     0219  2A1B               	goto	u2000
  5120     021A                     u2001:
  5121     021A  2A32               	goto	l2088
  5122     021B                     u2000:
  5123     021B                     l2084:
  5124     021B  3069               	movlw	low (follow@wlvl| (0+32768))
  5125     021C  0084               	movwf	4
  5126     021D  3086               	movlw	high (follow@wlvl| (0+32768))
  5127     021E  0085               	movwf	5
  5128     021F  3F00               	moviw [0]fsr0
  5129     0220  00F9               	movwf	??_follow
  5130     0221  3F01               	moviw [1]fsr0
  5131     0222  00FA               	movwf	??_follow+1
  5132     0223  087A               	movf	??_follow+1,w
  5133     0224  0259               	subwf	follow@right+1,w
  5134     0225  1D03               	skipz
  5135     0226  2A29               	goto	u2015
  5136     0227  0879               	movf	??_follow,w
  5137     0228  0258               	subwf	follow@right,w
  5138     0229                     u2015:
  5139     0229  1803               	skipnc
  5140     022A  2A2C               	goto	u2011
  5141     022B  2A2D               	goto	u2010
  5142     022C                     u2011:
  5143     022C  2A32               	goto	l2088
  5144     022D                     u2010:
  5145     022D                     l2086:
  5146                           
  5147                           ;linefollower.c: 135:             runmotor(1);
  5148     022D  3001               	movlw	1
  5149     022E  3184  24AC  3180   	fcall	_runmotor
  5150                           
  5151                           ;linefollower.c: 136:         }
  5152     0231  28F0               	goto	l2042
  5153     0232                     l2088:
  5154                           
  5155                           ;linefollower.c: 139:             runmotor(3);
  5156     0232  3003               	movlw	3
  5157     0233  3184  24AC  3180   	fcall	_runmotor
  5158     0236  28F0               	goto	l2042
  5159     0237  0008               	return
  5160     0238                     __end_of_follow:
  5161                           
  5162                           	psect	text4
  5163     04AC                     __ptext4:	
  5164 ;; *************** function _runmotor *****************
  5165 ;; Defined at:
  5166 ;;		line 42 in file "linefollower.c"
  5167 ;; Parameters:    Size  Location     Type
  5168 ;;  select          1    wreg     unsigned char 
  5169 ;; Auto vars:     Size  Location     Type
  5170 ;;  select          1   10[BANK0 ] unsigned char 
  5171 ;;  msg            10    0[BANK0 ] unsigned char [10]
  5172 ;; Return value:  Size  Location     Type
  5173 ;;                  1    wreg      void 
  5174 ;; Registers used:
  5175 ;;		wreg, fsr0l, fsr0h, fsr1l, fsr1h, status,2, status,0, pclath, cstack
  5176 ;; Tracked objects:
  5177 ;;		On entry : 0/0
  5178 ;;		On exit  : 0/0
  5179 ;;		Unchanged: 0/0
  5180 ;; Data sizes:     COMMON   BANK0   BANK1   BANK2   BANK3   BANK4   BANK5   BANK6   BANK7   BANK8   BANK9  BANK10  BANK1
      +1  BANK12
  5181 ;;      Params:         0       0       0       0       0       0       0       0       0       0       0       0       
      +0       0
  5182 ;;      Locals:         0      11       0       0       0       0       0       0       0       0       0       0       
      +0       0
  5183 ;;      Temps:          2       0       0       0       0       0       0       0       0       0       0       0       
      +0       0
  5184 ;;      Totals:         2      11       0       0       0       0       0       0       0       0       0       0       
      +0       0
  5185 ;;Total ram usage:       13 bytes
  5186 ;; Hardware stack levels used: 1
  5187 ;; Hardware stack levels required when called: 2
  5188 ;; This function calls:
  5189 ;;		_sendit
  5190 ;; This function is called by:
  5191 ;;		_follow
  5192 ;; This function uses a non-reentrant model
  5193 ;;
  5194                           
  5195     04AC                     _runmotor:	
  5196                           ;psect for function _runmotor
  5197                           
  5198                           
  5199                           ;incstack = 0
  5200                           ; Regs used in _runmotor: [wreg-fsr1h+status,2+status,0+pclath+cstack]
  5201                           ;runmotor@select stored from wreg
  5202     04AC  0020               	movlb	0	; select bank0
  5203     04AD  00D5               	movwf	runmotor@select
  5204     04AE                     l1954:
  5205                           
  5206                           ;linefollower.c: 45:     char msg[] = {0xFE,0x19,0x01,0x06,0x04,0x00, 0x0, 0x0, 0x0, 0x0
      +                          };
  5207     04AE  30BE               	movlw	low runmotor@F11742
  5208     04AF  0086               	movwf	6
  5209     04B0  3000               	movlw	high runmotor@F11742
  5210     04B1  0087               	movwf	7
  5211     04B2  304B               	movlw	low runmotor@msg
  5212     04B3  0084               	movwf	4
  5213     04B4  3000               	movlw	high runmotor@msg
  5214     04B5  0085               	movwf	5
  5215     04B6  300A               	movlw	10
  5216     04B7  00F7               	movwf	??_runmotor
  5217     04B8                     u1700:
  5218     04B8  0016               	moviw fsr1++
  5219     04B9  001A               	movwi fsr0++
  5220     04BA  0BF7               	decfsz	??_runmotor,f
  5221     04BB  2CB8               	goto	u1700
  5222     04BC                     l1956:
  5223                           
  5224                           ;linefollower.c: 46:     if (select == 1){
  5225     04BC  0355               	decf	runmotor@select,w
  5226     04BD  1D03               	btfss	3,2
  5227     04BE  2CC0               	goto	u1711
  5228     04BF  2CC1               	goto	u1710
  5229     04C0                     u1711:
  5230     04C0  2CCA               	goto	l1960
  5231     04C1                     u1710:
  5232     04C1                     l1958:
  5233                           
  5234                           ;linefollower.c: 47:         msg[6] = 1;
  5235     04C1  3001               	movlw	1
  5236     04C2  00D1               	movwf	runmotor@msg+6
  5237                           
  5238                           ;linefollower.c: 48:         msg[7] = 70;
  5239     04C3  3046               	movlw	70
  5240     04C4  00D2               	movwf	runmotor@msg+7
  5241                           
  5242                           ;linefollower.c: 49:         msg[8] = 1;
  5243     04C5  3001               	movlw	1
  5244     04C6  00D3               	movwf	runmotor@msg+8
  5245                           
  5246                           ;linefollower.c: 50:         msg[9] = 20;
  5247     04C7  3014               	movlw	20
  5248     04C8  00D4               	movwf	runmotor@msg+9
  5249                           
  5250                           ;linefollower.c: 51:     }
  5251     04C9  2CE7               	goto	l1968
  5252     04CA                     l1960:
  5253     04CA  3002               	movlw	2
  5254     04CB  0655               	xorwf	runmotor@select,w
  5255     04CC  1D03               	btfss	3,2
  5256     04CD  2CCF               	goto	u1721
  5257     04CE  2CD0               	goto	u1720
  5258     04CF                     u1721:
  5259     04CF  2CD9               	goto	l1964
  5260     04D0                     u1720:
  5261     04D0                     l1962:
  5262                           
  5263                           ;linefollower.c: 54:         msg[6] = 1;
  5264     04D0  3001               	movlw	1
  5265     04D1  00D1               	movwf	runmotor@msg+6
  5266                           
  5267                           ;linefollower.c: 55:         msg[7] = 20;
  5268     04D2  3014               	movlw	20
  5269     04D3  00D2               	movwf	runmotor@msg+7
  5270                           
  5271                           ;linefollower.c: 56:         msg[8] = 1;
  5272     04D4  3001               	movlw	1
  5273     04D5  00D3               	movwf	runmotor@msg+8
  5274                           
  5275                           ;linefollower.c: 57:         msg[9] = 70;
  5276     04D6  3046               	movlw	70
  5277     04D7  00D4               	movwf	runmotor@msg+9
  5278                           
  5279                           ;linefollower.c: 58:     }
  5280     04D8  2CE7               	goto	l1968
  5281     04D9                     l1964:
  5282     04D9  3003               	movlw	3
  5283     04DA  0655               	xorwf	runmotor@select,w
  5284     04DB  1D03               	btfss	3,2
  5285     04DC  2CDE               	goto	u1731
  5286     04DD  2CDF               	goto	u1730
  5287     04DE                     u1731:
  5288     04DE  2CE7               	goto	l1968
  5289     04DF                     u1730:
  5290     04DF                     l1966:
  5291                           
  5292                           ;linefollower.c: 61:         msg[6] = 1;
  5293     04DF  3001               	movlw	1
  5294     04E0  00D1               	movwf	runmotor@msg+6
  5295                           
  5296                           ;linefollower.c: 62:         msg[7] = 70;
  5297     04E1  3046               	movlw	70
  5298     04E2  00D2               	movwf	runmotor@msg+7
  5299                           
  5300                           ;linefollower.c: 63:         msg[8] = 1;
  5301     04E3  3001               	movlw	1
  5302     04E4  00D3               	movwf	runmotor@msg+8
  5303                           
  5304                           ;linefollower.c: 64:         msg[9] = 70;
  5305     04E5  3046               	movlw	70
  5306     04E6  00D4               	movwf	runmotor@msg+9
  5307     04E7                     l1968:
  5308                           
  5309                           ;linefollower.c: 69:     sendit(msg, 10);
  5310     04E7  304B               	movlw	(low (runmotor@msg| 0))& (0+255)
  5311     04E8  00F1               	movwf	sendit@it
  5312     04E9  300A               	movlw	10
  5313     04EA  00F2               	movwf	sendit@it_size
  5314     04EB  3000               	movlw	0
  5315     04EC  00F3               	movwf	sendit@it_size+1
  5316     04ED  3185  25A2  3184   	fcall	_sendit
  5317     04F0                     l1970:
  5318                           
  5319                           ;linefollower.c: 71:     _delay((unsigned long)((50)*(32000000/4000.0)));
  5320     04F0  3003               	movlw	3
  5321     04F1  00F8               	movwf	??_runmotor+1
  5322     04F2  3008               	movlw	8
  5323     04F3  00F7               	movwf	??_runmotor
  5324     04F4  3077               	movlw	119
  5325     04F5                     u2377:
  5326     04F5  0B89               	decfsz	9,f
  5327     04F6  2CF5               	goto	u2377
  5328     04F7  0BF7               	decfsz	??_runmotor,f
  5329     04F8  2CF5               	goto	u2377
  5330     04F9  0BF8               	decfsz	??_runmotor+1,f
  5331     04FA  2CF5               	goto	u2377
  5332     04FB  0000               	nop
  5333     04FC                     l43:
  5334     04FC  0008               	return
  5335     04FD                     __end_of_runmotor:
  5336                           
  5337                           	psect	text5
  5338     0547                     __ptext5:	
  5339 ;; *************** function _rd_adc *****************
  5340 ;; Defined at:
  5341 ;;		line 16 in file "linefollower.c"
  5342 ;; Parameters:    Size  Location     Type
  5343 ;;  select          1    wreg     unsigned char 
  5344 ;; Auto vars:     Size  Location     Type
  5345 ;;  select          1    6[COMMON] unsigned char 
  5346 ;;  output          2    4[COMMON] unsigned short 
  5347 ;; Return value:  Size  Location     Type
  5348 ;;                  2    1[COMMON] unsigned short 
  5349 ;; Registers used:
  5350 ;;		wreg, status,2, status,0
  5351 ;; Tracked objects:
  5352 ;;		On entry : 0/0
  5353 ;;		On exit  : 0/0
  5354 ;;		Unchanged: 0/0
  5355 ;; Data sizes:     COMMON   BANK0   BANK1   BANK2   BANK3   BANK4   BANK5   BANK6   BANK7   BANK8   BANK9  BANK10  BANK1
      +1  BANK12
  5356 ;;      Params:         2       0       0       0       0       0       0       0       0       0       0       0       
      +0       0
  5357 ;;      Locals:         3       0       0       0       0       0       0       0       0       0       0       0       
      +0       0
  5358 ;;      Temps:          1       0       0       0       0       0       0       0       0       0       0       0       
      +0       0
  5359 ;;      Totals:         6       0       0       0       0       0       0       0       0       0       0       0       
      +0       0
  5360 ;;Total ram usage:        6 bytes
  5361 ;; Hardware stack levels used: 1
  5362 ;; Hardware stack levels required when called: 1
  5363 ;; This function calls:
  5364 ;;		Nothing
  5365 ;; This function is called by:
  5366 ;;		_follow
  5367 ;; This function uses a non-reentrant model
  5368 ;;
  5369                           
  5370     0547                     _rd_adc:	
  5371                           ;psect for function _rd_adc
  5372                           
  5373                           
  5374                           ;incstack = 0
  5375                           ; Regs used in _rd_adc: [wreg+status,2+status,0]
  5376                           ;rd_adc@select stored from wreg
  5377     0547  00F6               	movwf	rd_adc@select
  5378     0548                     l1934:
  5379                           
  5380                           ;linefollower.c: 20:     if (select == 1){
  5381     0548  0376               	decf	rd_adc@select,w
  5382     0549  1D03               	btfss	3,2
  5383     054A  2D4C               	goto	u1661
  5384     054B  2D4D               	goto	u1660
  5385     054C                     u1661:
  5386     054C  2D51               	goto	l1938
  5387     054D                     u1660:
  5388     054D                     l1936:
  5389                           
  5390                           ;linefollower.c: 21:         ADPCH = 0b001000;
  5391     054D  3008               	movlw	8
  5392     054E  0021               	movlb	1	; select bank1
  5393     054F  009E               	movwf	30	;volatile
  5394                           
  5395                           ;linefollower.c: 22:     }
  5396     0550  2D64               	goto	l1946
  5397     0551                     l1938:
  5398     0551  3002               	movlw	2
  5399     0552  0676               	xorwf	rd_adc@select,w
  5400     0553  1D03               	btfss	3,2
  5401     0554  2D56               	goto	u1671
  5402     0555  2D57               	goto	u1670
  5403     0556                     u1671:
  5404     0556  2D5B               	goto	l1942
  5405     0557                     u1670:
  5406     0557                     l1940:
  5407                           
  5408                           ;linefollower.c: 25:         ADPCH = 0b001001;
  5409     0557  3009               	movlw	9
  5410     0558  0021               	movlb	1	; select bank1
  5411     0559  009E               	movwf	30	;volatile
  5412                           
  5413                           ;linefollower.c: 26:     }
  5414     055A  2D64               	goto	l1946
  5415     055B                     l1942:
  5416     055B  3003               	movlw	3
  5417     055C  0676               	xorwf	rd_adc@select,w
  5418     055D  1D03               	btfss	3,2
  5419     055E  2D60               	goto	u1681
  5420     055F  2D61               	goto	u1680
  5421     0560                     u1681:
  5422     0560  2D64               	goto	l1946
  5423     0561                     u1680:
  5424     0561                     l1944:
  5425                           
  5426                           ;linefollower.c: 29:         ADPCH = 0b001010;
  5427     0561  300A               	movlw	10
  5428     0562  0021               	movlb	1	; select bank1
  5429     0563  009E               	movwf	30	;volatile
  5430     0564                     l1946:
  5431                           
  5432                           ;linefollower.c: 32:     _delay((unsigned long)((1)*(32000000/4000.0)));
  5433     0564  300B               	movlw	11
  5434     0565  00F3               	movwf	??_rd_adc
  5435     0566  3062               	movlw	98
  5436     0567                     u2387:
  5437     0567  0B89               	decfsz	9,f
  5438     0568  2D67               	goto	u2387
  5439     0569  0BF3               	decfsz	??_rd_adc,f
  5440     056A  2D67               	goto	u2387
  5441     056B  3200               	nop2
  5442     056C                     l1948:
  5443                           
  5444                           ;linefollower.c: 34:     ADCON0bits.ADGO = 1;
  5445     056C  0021               	movlb	1	; select bank1
  5446     056D  1413               	bsf	19,0	;volatile
  5447     056E                     l30:	
  5448                           ;linefollower.c: 35:     while(ADCON0bits.ADGO == 1);
  5449                           
  5450     056E  1813               	btfsc	19,0	;volatile
  5451     056F  2D71               	goto	u1691
  5452     0570  2D72               	goto	u1690
  5453     0571                     u1691:
  5454     0571  2D6E               	goto	l30
  5455     0572                     u1690:
  5456     0572                     l1950:
  5457                           
  5458                           ;linefollower.c: 37:     uint16_t output = (uint16_t)ADRESL + ((uint16_t)ADRESH << 8);
  5459     0572  080D               	movf	13,w	;volatile
  5460     0573  00F5               	movwf	rd_adc@output+1
  5461     0574  080C               	movf	12,w	;volatile
  5462     0575  00F4               	movwf	rd_adc@output
  5463                           
  5464                           ;linefollower.c: 38:     return output;
  5465     0576  0875               	movf	rd_adc@output+1,w
  5466     0577  00F2               	movwf	?_rd_adc+1
  5467     0578  0874               	movf	rd_adc@output,w
  5468     0579  00F1               	movwf	?_rd_adc
  5469     057A                     l33:
  5470     057A  0008               	return
  5471     057B                     __end_of_rd_adc:
  5472                           
  5473                           	psect	text6
  5474     0454                     __ptext6:	
  5475 ;; *************** function _ShootLaser *****************
  5476 ;; Defined at:
  5477 ;;		line 25 in file "laser.c"
  5478 ;; Parameters:    Size  Location     Type
  5479 ;;		None
  5480 ;; Auto vars:     Size  Location     Type
  5481 ;;		None
  5482 ;; Return value:  Size  Location     Type
  5483 ;;                  1    wreg      void 
  5484 ;; Registers used:
  5485 ;;		wreg, fsr0l, fsr0h, fsr1l, fsr1h, status,2, status,0, pclath, cstack
  5486 ;; Tracked objects:
  5487 ;;		On entry : 0/0
  5488 ;;		On exit  : 0/0
  5489 ;;		Unchanged: 0/0
  5490 ;; Data sizes:     COMMON   BANK0   BANK1   BANK2   BANK3   BANK4   BANK5   BANK6   BANK7   BANK8   BANK9  BANK10  BANK1
      +1  BANK12
  5491 ;;      Params:         0       0       0       0       0       0       0       0       0       0       0       0       
      +0       0
  5492 ;;      Locals:         0       0       0       0       0       0       0       0       0       0       0       0       
      +0       0
  5493 ;;      Temps:          1       0       0       0       0       0       0       0       0       0       0       0       
      +0       0
  5494 ;;      Totals:         1       0       0       0       0       0       0       0       0       0       0       0       
      +0       0
  5495 ;;Total ram usage:        1 bytes
  5496 ;; Hardware stack levels used: 1
  5497 ;; Hardware stack levels required when called: 3
  5498 ;; This function calls:
  5499 ;;		_ShootAttack
  5500 ;;		_ShootRepair
  5501 ;;		_ShootShield
  5502 ;; This function is called by:
  5503 ;;		_main
  5504 ;; This function uses a non-reentrant model
  5505 ;;
  5506                           
  5507     0454                     _ShootLaser:	
  5508                           ;psect for function _ShootLaser
  5509                           
  5510     0454                     l2090:	
  5511                           ;incstack = 0
  5512                           ; Regs used in _ShootLaser: [wreg-fsr1h+status,2+status,0+pclath+cstack]
  5513                           
  5514                           
  5515                           ;laser.c: 27:     if (SWD > 1600)
  5516     0454  0020               	movlb	0	; select bank0
  5517     0455  082F               	movf	_SWD+1,w	;volatile
  5518     0456  3A80               	xorlw	128
  5519     0457  00F8               	movwf	??_ShootLaser
  5520     0458  3086               	movlw	134
  5521     0459  0278               	subwf	??_ShootLaser,w
  5522     045A  1D03               	skipz
  5523     045B  2C5E               	goto	u2025
  5524     045C  3041               	movlw	65
  5525     045D  022E               	subwf	_SWD,w	;volatile
  5526     045E                     u2025:
  5527     045E  1C03               	skipc
  5528     045F  2C61               	goto	u2021
  5529     0460  2C62               	goto	u2020
  5530     0461                     u2021:
  5531     0461  2CAB               	goto	l99
  5532     0462                     u2020:
  5533     0462                     l2092:
  5534                           
  5535                           ;laser.c: 28:         {;laser.c: 29:             if (SWC > 1800)
  5536     0462  0020               	movlb	0	; select bank0
  5537     0463  082D               	movf	_SWC+1,w	;volatile
  5538     0464  3A80               	xorlw	128
  5539     0465  00F8               	movwf	??_ShootLaser
  5540     0466  3087               	movlw	135
  5541     0467  0278               	subwf	??_ShootLaser,w
  5542     0468  1D03               	skipz
  5543     0469  2C6C               	goto	u2035
  5544     046A  3009               	movlw	9
  5545     046B  022C               	subwf	_SWC,w	;volatile
  5546     046C                     u2035:
  5547     046C  1C03               	skipc
  5548     046D  2C6F               	goto	u2031
  5549     046E  2C70               	goto	u2030
  5550     046F                     u2031:
  5551     046F  2C79               	goto	l2098
  5552     0470                     u2030:
  5553     0470                     l2094:
  5554                           
  5555                           ;laser.c: 30:             {;laser.c: 31:                 if (!shield_code_flag)
  5556     0470  087B               	movf	_shield_code_flag,w	;volatile
  5557     0471  1D03               	btfss	3,2
  5558     0472  2C74               	goto	u2041
  5559     0473  2C75               	goto	u2040
  5560     0474                     u2041:
  5561     0474  2CAB               	goto	l99
  5562     0475                     u2040:
  5563     0475                     l2096:
  5564                           
  5565                           ;laser.c: 32:                 {;laser.c: 33:                     ShootShield();
  5566     0475  3185  25C3  3184   	fcall	_ShootShield
  5567     0478  2CAB               	goto	l99
  5568     0479                     l2098:
  5569     0479  0020               	movlb	0	; select bank0
  5570     047A  082D               	movf	_SWC+1,w	;volatile
  5571     047B  3A80               	xorlw	128
  5572     047C  00F8               	movwf	??_ShootLaser
  5573     047D  3085               	movlw	133
  5574     047E  0278               	subwf	??_ShootLaser,w
  5575     047F  1D03               	skipz
  5576     0480  2C83               	goto	u2055
  5577     0481  3015               	movlw	21
  5578     0482  022C               	subwf	_SWC,w	;volatile
  5579     0483                     u2055:
  5580     0483  1C03               	skipc
  5581     0484  2C86               	goto	u2051
  5582     0485  2C87               	goto	u2050
  5583     0486                     u2051:
  5584     0486  2C99               	goto	l2104
  5585     0487                     u2050:
  5586     0487                     l2100:
  5587     0487  0020               	movlb	0	; select bank0
  5588     0488  082D               	movf	_SWC+1,w	;volatile
  5589     0489  3A80               	xorlw	128
  5590     048A  00F8               	movwf	??_ShootLaser
  5591     048B  3086               	movlw	134
  5592     048C  0278               	subwf	??_ShootLaser,w
  5593     048D  1D03               	skipz
  5594     048E  2C91               	goto	u2065
  5595     048F  30A4               	movlw	164
  5596     0490  022C               	subwf	_SWC,w	;volatile
  5597     0491                     u2065:
  5598     0491  1803               	skipnc
  5599     0492  2C94               	goto	u2061
  5600     0493  2C95               	goto	u2060
  5601     0494                     u2061:
  5602     0494  2C99               	goto	l2104
  5603     0495                     u2060:
  5604     0495                     l2102:
  5605                           
  5606                           ;laser.c: 37:             {;laser.c: 38:                 ShootAttack();
  5607     0495  3185  25F3  3184   	fcall	_ShootAttack
  5608                           
  5609                           ;laser.c: 39:             }
  5610     0498  2CAB               	goto	l99
  5611     0499                     l2104:
  5612     0499  0020               	movlb	0	; select bank0
  5613     049A  082D               	movf	_SWC+1,w	;volatile
  5614     049B  3A80               	xorlw	128
  5615     049C  00F8               	movwf	??_ShootLaser
  5616     049D  3080               	movlw	128
  5617     049E  0278               	subwf	??_ShootLaser,w
  5618     049F  1D03               	skipz
  5619     04A0  2CA3               	goto	u2075
  5620     04A1  30C8               	movlw	200
  5621     04A2  022C               	subwf	_SWC,w	;volatile
  5622     04A3                     u2075:
  5623     04A3  1803               	skipnc
  5624     04A4  2CA6               	goto	u2071
  5625     04A5  2CA7               	goto	u2070
  5626     04A6                     u2071:
  5627     04A6  2CAB               	goto	l94
  5628     04A7                     u2070:
  5629     04A7                     l2108:
  5630                           
  5631                           ;laser.c: 43:                 {;laser.c: 44:                     ShootRepair();
  5632     04A7  3185  25DB  3184   	fcall	_ShootRepair
  5633     04AA  2CAB               	goto	l99
  5634     04AB                     l94:
  5635     04AB                     l99:
  5636     04AB  0008               	return
  5637     04AC                     __end_of_ShootLaser:
  5638                           
  5639                           	psect	text7
  5640     05C3                     __ptext7:	
  5641 ;; *************** function _ShootShield *****************
  5642 ;; Defined at:
  5643 ;;		line 7 in file "laser.c"
  5644 ;; Parameters:    Size  Location     Type
  5645 ;;		None
  5646 ;; Auto vars:     Size  Location     Type
  5647 ;;  tosend          6    0[BANK0 ] unsigned char [6]
  5648 ;; Return value:  Size  Location     Type
  5649 ;;                  1    wreg      void 
  5650 ;; Registers used:
  5651 ;;		wreg, fsr0l, fsr0h, fsr1l, fsr1h, status,2, status,0, pclath, cstack
  5652 ;; Tracked objects:
  5653 ;;		On entry : 0/0
  5654 ;;		On exit  : 0/0
  5655 ;;		Unchanged: 0/0
  5656 ;; Data sizes:     COMMON   BANK0   BANK1   BANK2   BANK3   BANK4   BANK5   BANK6   BANK7   BANK8   BANK9  BANK10  BANK1
      +1  BANK12
  5657 ;;      Params:         0       0       0       0       0       0       0       0       0       0       0       0       
      +0       0
  5658 ;;      Locals:         0       6       0       0       0       0       0       0       0       0       0       0       
      +0       0
  5659 ;;      Temps:          1       0       0       0       0       0       0       0       0       0       0       0       
      +0       0
  5660 ;;      Totals:         1       6       0       0       0       0       0       0       0       0       0       0       
      +0       0
  5661 ;;Total ram usage:        7 bytes
  5662 ;; Hardware stack levels used: 1
  5663 ;; Hardware stack levels required when called: 2
  5664 ;; This function calls:
  5665 ;;		_sendit
  5666 ;; This function is called by:
  5667 ;;		_ShootLaser
  5668 ;; This function uses a non-reentrant model
  5669 ;;
  5670                           
  5671     05C3                     _ShootShield:	
  5672                           ;psect for function _ShootShield
  5673                           
  5674     05C3                     l1974:	
  5675                           ;incstack = 0
  5676                           ; Regs used in _ShootShield: [wreg-fsr1h+status,2+status,0+pclath+cstack]
  5677                           
  5678                           
  5679                           ;laser.c: 9:     char tosend[6] = {0xFE, 0x19, 0x02, 0x09, 0x00, 0x00};
  5680     05C3  305F               	movlw	low ShootShield@F11738
  5681     05C4  0086               	movwf	6
  5682     05C5  3000               	movlw	high ShootShield@F11738
  5683     05C6  0087               	movwf	7
  5684     05C7  304B               	movlw	low ShootShield@tosend
  5685     05C8  0084               	movwf	4
  5686     05C9  3000               	movlw	high ShootShield@tosend
  5687     05CA  0085               	movwf	5
  5688     05CB  3006               	movlw	6
  5689     05CC  00F7               	movwf	??_ShootShield
  5690     05CD                     u1740:
  5691     05CD  0016               	moviw fsr1++
  5692     05CE  001A               	movwi fsr0++
  5693     05CF  0BF7               	decfsz	??_ShootShield,f
  5694     05D0  2DCD               	goto	u1740
  5695     05D1                     l1976:
  5696                           
  5697                           ;laser.c: 10:     sendit(tosend, 6);
  5698     05D1  304B               	movlw	(low (ShootShield@tosend| 0))& (0+255)
  5699     05D2  00F1               	movwf	sendit@it
  5700     05D3  3006               	movlw	6
  5701     05D4  00F2               	movwf	sendit@it_size
  5702     05D5  3000               	movlw	0
  5703     05D6  00F3               	movwf	sendit@it_size+1
  5704     05D7  3185  25A2  3185   	fcall	_sendit
  5705     05DA                     l78:
  5706     05DA  0008               	return
  5707     05DB                     __end_of_ShootShield:
  5708                           
  5709                           	psect	text8
  5710     05DB                     __ptext8:	
  5711 ;; *************** function _ShootRepair *****************
  5712 ;; Defined at:
  5713 ;;		line 19 in file "laser.c"
  5714 ;; Parameters:    Size  Location     Type
  5715 ;;		None
  5716 ;; Auto vars:     Size  Location     Type
  5717 ;;  tosend          6    0[BANK0 ] unsigned char [6]
  5718 ;; Return value:  Size  Location     Type
  5719 ;;                  1    wreg      void 
  5720 ;; Registers used:
  5721 ;;		wreg, fsr0l, fsr0h, fsr1l, fsr1h, status,2, status,0, pclath, cstack
  5722 ;; Tracked objects:
  5723 ;;		On entry : 0/0
  5724 ;;		On exit  : 0/0
  5725 ;;		Unchanged: 0/0
  5726 ;; Data sizes:     COMMON   BANK0   BANK1   BANK2   BANK3   BANK4   BANK5   BANK6   BANK7   BANK8   BANK9  BANK10  BANK1
      +1  BANK12
  5727 ;;      Params:         0       0       0       0       0       0       0       0       0       0       0       0       
      +0       0
  5728 ;;      Locals:         0       6       0       0       0       0       0       0       0       0       0       0       
      +0       0
  5729 ;;      Temps:          1       0       0       0       0       0       0       0       0       0       0       0       
      +0       0
  5730 ;;      Totals:         1       6       0       0       0       0       0       0       0       0       0       0       
      +0       0
  5731 ;;Total ram usage:        7 bytes
  5732 ;; Hardware stack levels used: 1
  5733 ;; Hardware stack levels required when called: 2
  5734 ;; This function calls:
  5735 ;;		_sendit
  5736 ;; This function is called by:
  5737 ;;		_ShootLaser
  5738 ;; This function uses a non-reentrant model
  5739 ;;
  5740                           
  5741     05DB                     _ShootRepair:	
  5742                           ;psect for function _ShootRepair
  5743                           
  5744     05DB                     l1982:	
  5745                           ;incstack = 0
  5746                           ; Regs used in _ShootRepair: [wreg-fsr1h+status,2+status,0+pclath+cstack]
  5747                           
  5748                           
  5749                           ;laser.c: 21:     char tosend[6] = {0xFE, 0x19, 0x04, 0x09, 0x00, 0x00};
  5750     05DB  30E4               	movlw	low ShootRepair@F11744
  5751     05DC  0086               	movwf	6
  5752     05DD  3000               	movlw	high ShootRepair@F11744
  5753     05DE  0087               	movwf	7
  5754     05DF  304B               	movlw	low ShootRepair@tosend
  5755     05E0  0084               	movwf	4
  5756     05E1  3000               	movlw	high ShootRepair@tosend
  5757     05E2  0085               	movwf	5
  5758     05E3  3006               	movlw	6
  5759     05E4  00F7               	movwf	??_ShootRepair
  5760     05E5                     u1760:
  5761     05E5  0016               	moviw fsr1++
  5762     05E6  001A               	movwi fsr0++
  5763     05E7  0BF7               	decfsz	??_ShootRepair,f
  5764     05E8  2DE5               	goto	u1760
  5765     05E9                     l1984:
  5766                           
  5767                           ;laser.c: 22:     sendit(tosend, 6);
  5768     05E9  304B               	movlw	(low (ShootRepair@tosend| 0))& (0+255)
  5769     05EA  00F1               	movwf	sendit@it
  5770     05EB  3006               	movlw	6
  5771     05EC  00F2               	movwf	sendit@it_size
  5772     05ED  3000               	movlw	0
  5773     05EE  00F3               	movwf	sendit@it_size+1
  5774     05EF  3185  25A2  3185   	fcall	_sendit
  5775     05F2                     l88:
  5776     05F2  0008               	return
  5777     05F3                     __end_of_ShootRepair:
  5778                           
  5779                           	psect	text9
  5780     05F3                     __ptext9:	
  5781 ;; *************** function _ShootAttack *****************
  5782 ;; Defined at:
  5783 ;;		line 13 in file "laser.c"
  5784 ;; Parameters:    Size  Location     Type
  5785 ;;		None
  5786 ;; Auto vars:     Size  Location     Type
  5787 ;;  tosend          7    0[BANK0 ] unsigned char [7]
  5788 ;; Return value:  Size  Location     Type
  5789 ;;                  1    wreg      void 
  5790 ;; Registers used:
  5791 ;;		wreg, fsr0l, fsr0h, fsr1l, fsr1h, status,2, status,0, pclath, cstack
  5792 ;; Tracked objects:
  5793 ;;		On entry : 0/0
  5794 ;;		On exit  : 0/0
  5795 ;;		Unchanged: 0/0
  5796 ;; Data sizes:     COMMON   BANK0   BANK1   BANK2   BANK3   BANK4   BANK5   BANK6   BANK7   BANK8   BANK9  BANK10  BANK1
      +1  BANK12
  5797 ;;      Params:         0       0       0       0       0       0       0       0       0       0       0       0       
      +0       0
  5798 ;;      Locals:         0       7       0       0       0       0       0       0       0       0       0       0       
      +0       0
  5799 ;;      Temps:          1       0       0       0       0       0       0       0       0       0       0       0       
      +0       0
  5800 ;;      Totals:         1       7       0       0       0       0       0       0       0       0       0       0       
      +0       0
  5801 ;;Total ram usage:        8 bytes
  5802 ;; Hardware stack levels used: 1
  5803 ;; Hardware stack levels required when called: 2
  5804 ;; This function calls:
  5805 ;;		_sendit
  5806 ;; This function is called by:
  5807 ;;		_ShootLaser
  5808 ;; This function uses a non-reentrant model
  5809 ;;
  5810                           
  5811     05F3                     _ShootAttack:	
  5812                           ;psect for function _ShootAttack
  5813                           
  5814     05F3                     l1978:	
  5815                           ;incstack = 0
  5816                           ; Regs used in _ShootAttack: [wreg-fsr1h+status,2+status,0+pclath+cstack]
  5817                           
  5818                           
  5819                           ;laser.c: 15:     char tosend[7] = {0xFE, 0x19, 0x01, 0x09, 0x01, 0x00, 1};
  5820     05F3  30D1               	movlw	low ShootAttack@F11741
  5821     05F4  0086               	movwf	6
  5822     05F5  3000               	movlw	high ShootAttack@F11741
  5823     05F6  0087               	movwf	7
  5824     05F7  304B               	movlw	low ShootAttack@tosend
  5825     05F8  0084               	movwf	4
  5826     05F9  3000               	movlw	high ShootAttack@tosend
  5827     05FA  0085               	movwf	5
  5828     05FB  3007               	movlw	7
  5829     05FC  00F7               	movwf	??_ShootAttack
  5830     05FD                     u1750:
  5831     05FD  0016               	moviw fsr1++
  5832     05FE  001A               	movwi fsr0++
  5833     05FF  0BF7               	decfsz	??_ShootAttack,f
  5834     0600  2DFD               	goto	u1750
  5835     0601                     l1980:
  5836                           
  5837                           ;laser.c: 16:     sendit(tosend, 7);
  5838     0601  304B               	movlw	(low (ShootAttack@tosend| 0))& (0+255)
  5839     0602  00F1               	movwf	sendit@it
  5840     0603  3007               	movlw	7
  5841     0604  00F2               	movwf	sendit@it_size
  5842     0605  3000               	movlw	0
  5843     0606  00F3               	movwf	sendit@it_size+1
  5844     0607  3185  25A2  3185   	fcall	_sendit
  5845     060A                     l83:
  5846     060A  0008               	return
  5847     060B                     __end_of_ShootAttack:
  5848                           
  5849                           	psect	text10
  5850     060B                     __ptext10:	
  5851 ;; *************** function _SetPCUInfo *****************
  5852 ;; Defined at:
  5853 ;;		line 33 in file "misc_funcs.c"
  5854 ;; Parameters:    Size  Location     Type
  5855 ;;		None
  5856 ;; Auto vars:     Size  Location     Type
  5857 ;;  data            9    0[BANK0 ] unsigned char [9]
  5858 ;; Return value:  Size  Location     Type
  5859 ;;                  1    wreg      void 
  5860 ;; Registers used:
  5861 ;;		wreg, fsr0l, fsr0h, fsr1l, fsr1h, status,2, status,0, pclath, cstack
  5862 ;; Tracked objects:
  5863 ;;		On entry : 0/0
  5864 ;;		On exit  : 0/0
  5865 ;;		Unchanged: 0/0
  5866 ;; Data sizes:     COMMON   BANK0   BANK1   BANK2   BANK3   BANK4   BANK5   BANK6   BANK7   BANK8   BANK9  BANK10  BANK1
      +1  BANK12
  5867 ;;      Params:         0       0       0       0       0       0       0       0       0       0       0       0       
      +0       0
  5868 ;;      Locals:         0       9       0       0       0       0       0       0       0       0       0       0       
      +0       0
  5869 ;;      Temps:          1       0       0       0       0       0       0       0       0       0       0       0       
      +0       0
  5870 ;;      Totals:         1       9       0       0       0       0       0       0       0       0       0       0       
      +0       0
  5871 ;;Total ram usage:       10 bytes
  5872 ;; Hardware stack levels used: 1
  5873 ;; Hardware stack levels required when called: 2
  5874 ;; This function calls:
  5875 ;;		_sendit
  5876 ;; This function is called by:
  5877 ;;		_main
  5878 ;; This function uses a non-reentrant model
  5879 ;;
  5880                           
  5881     060B                     _SetPCUInfo:	
  5882                           ;psect for function _SetPCUInfo
  5883                           
  5884     060B                     l2118:	
  5885                           ;incstack = 0
  5886                           ; Regs used in _SetPCUInfo: [wreg-fsr1h+status,2+status,0+pclath+cstack]
  5887                           
  5888                           
  5889                           ;misc_funcs.c: 35:     char data[9] = {0xFE,0x19,0x03,0x04,0x03,0x00,4,17,1};
  5890     060B  30C8               	movlw	low SetPCUInfo@F11716
  5891     060C  0086               	movwf	6
  5892     060D  3000               	movlw	high SetPCUInfo@F11716
  5893     060E  0087               	movwf	7
  5894     060F  304B               	movlw	low SetPCUInfo@data
  5895     0610  0084               	movwf	4
  5896     0611  3000               	movlw	high SetPCUInfo@data
  5897     0612  0085               	movwf	5
  5898     0613  3009               	movlw	9
  5899     0614  00F7               	movwf	??_SetPCUInfo
  5900     0615                     u2100:
  5901     0615  0016               	moviw fsr1++
  5902     0616  001A               	movwi fsr0++
  5903     0617  0BF7               	decfsz	??_SetPCUInfo,f
  5904     0618  2E15               	goto	u2100
  5905     0619                     l2120:
  5906                           
  5907                           ;misc_funcs.c: 36:     sendit(data,9);
  5908     0619  304B               	movlw	(low (SetPCUInfo@data| 0))& (0+255)
  5909     061A  00F1               	movwf	sendit@it
  5910     061B  3009               	movlw	9
  5911     061C  00F2               	movwf	sendit@it_size
  5912     061D  3000               	movlw	0
  5913     061E  00F3               	movwf	sendit@it_size+1
  5914     061F  3185  25A2  3186   	fcall	_sendit
  5915     0622                     l127:
  5916     0622  0008               	return
  5917     0623                     __end_of_SetPCUInfo:
  5918                           
  5919                           	psect	text11
  5920     057B                     __ptext11:	
  5921 ;; *************** function _SPISetup *****************
  5922 ;; Defined at:
  5923 ;;		line 117 in file "RFID.c"
  5924 ;; Parameters:    Size  Location     Type
  5925 ;;		None
  5926 ;; Auto vars:     Size  Location     Type
  5927 ;;		None
  5928 ;; Return value:  Size  Location     Type
  5929 ;;                  1    wreg      void 
  5930 ;; Registers used:
  5931 ;;		wreg, status,2, status,0
  5932 ;; Tracked objects:
  5933 ;;		On entry : 0/0
  5934 ;;		On exit  : 0/0
  5935 ;;		Unchanged: 0/0
  5936 ;; Data sizes:     COMMON   BANK0   BANK1   BANK2   BANK3   BANK4   BANK5   BANK6   BANK7   BANK8   BANK9  BANK10  BANK1
      +1  BANK12
  5937 ;;      Params:         0       0       0       0       0       0       0       0       0       0       0       0       
      +0       0
  5938 ;;      Locals:         0       0       0       0       0       0       0       0       0       0       0       0       
      +0       0
  5939 ;;      Temps:          0       0       0       0       0       0       0       0       0       0       0       0       
      +0       0
  5940 ;;      Totals:         0       0       0       0       0       0       0       0       0       0       0       0       
      +0       0
  5941 ;;Total ram usage:        0 bytes
  5942 ;; Hardware stack levels used: 1
  5943 ;; Hardware stack levels required when called: 1
  5944 ;; This function calls:
  5945 ;;		Nothing
  5946 ;; This function is called by:
  5947 ;;		_main
  5948 ;; This function uses a non-reentrant model
  5949 ;;
  5950                           
  5951     057B                     _SPISetup:	
  5952                           ;psect for function _SPISetup
  5953                           
  5954     057B                     l2162:	
  5955                           ;incstack = 0
  5956                           ; Regs used in _SPISetup: [wreg+status,2+status,0]
  5957                           
  5958                           
  5959                           ;RFID.c: 121:     SSP1CON1bits.SSPEN = 0;
  5960     057B  0023               	movlb	3	; select bank3
  5961     057C  1290               	bcf	16,5	;volatile
  5962                           
  5963                           ;RFID.c: 125:     TRISBbits.TRISB4 = 1;
  5964     057D  0020               	movlb	0	; select bank0
  5965     057E  1612               	bsf	18,4	;volatile
  5966                           
  5967                           ;RFID.c: 126:     ANSELBbits.ANSB4 = 0;
  5968     057F  003E               	movlb	30	; select bank30
  5969     0580  1243               	bcf	67,4	;volatile
  5970                           
  5971                           ;RFID.c: 127:     SSP1DATPPS = 0x0C;
  5972     0581  300C               	movlw	12
  5973     0582  003D               	movlb	29	; select bank29
  5974     0583  00C6               	movwf	70	;volatile
  5975                           
  5976                           ;RFID.c: 131:     TRISBbits.TRISB5 = 0;
  5977     0584  0020               	movlb	0	; select bank0
  5978     0585  1292               	bcf	18,5	;volatile
  5979                           
  5980                           ;RFID.c: 132:     ANSELBbits.ANSB5 = 0;
  5981     0586  003E               	movlb	30	; select bank30
  5982     0587  12C3               	bcf	67,5	;volatile
  5983                           
  5984                           ;RFID.c: 133:     RB5PPS = 0x15;
  5985     0588  3015               	movlw	21
  5986     0589  009D               	movwf	29	;volatile
  5987                           
  5988                           ;RFID.c: 137:     TRISBbits.TRISB3 = 0;
  5989     058A  0020               	movlb	0	; select bank0
  5990     058B  1192               	bcf	18,3	;volatile
  5991                           
  5992                           ;RFID.c: 138:     ANSELBbits.ANSB3 = 0;
  5993     058C  003E               	movlb	30	; select bank30
  5994     058D  11C3               	bcf	67,3	;volatile
  5995                           
  5996                           ;RFID.c: 139:     RB3PPS = 0x14;
  5997     058E  3014               	movlw	20
  5998     058F  009B               	movwf	27	;volatile
  5999                           
  6000                           ;RFID.c: 143:     TRISCbits.TRISC7 = 0;
  6001     0590  0020               	movlb	0	; select bank0
  6002     0591  1393               	bcf	19,7	;volatile
  6003                           
  6004                           ;RFID.c: 144:     ANSELCbits.ANSC7 = 0;
  6005     0592  003E               	movlb	30	; select bank30
  6006     0593  13CE               	bcf	78,7	;volatile
  6007                           
  6008                           ;RFID.c: 145:     LATCbits.LATC7 = 1;
  6009     0594  0020               	movlb	0	; select bank0
  6010     0595  1798               	bsf	24,7	;volatile
  6011                           
  6012                           ;RFID.c: 147:     SSP1CON1bits.CKP = 0;
  6013     0596  0023               	movlb	3	; select bank3
  6014     0597  1210               	bcf	16,4	;volatile
  6015                           
  6016                           ;RFID.c: 148:     SSP1STATbits.CKE = 1;
  6017     0598  170F               	bsf	15,6	;volatile
  6018                           
  6019                           ;RFID.c: 149:     SSP1STATbits.SMP = 1;
  6020     0599  178F               	bsf	15,7	;volatile
  6021     059A                     l2164:
  6022                           
  6023                           ;RFID.c: 153:     SSP1CON1bits.SSPM = 0b1010;
  6024     059A  0810               	movf	16,w	;volatile
  6025     059B  39F0               	andlw	-16
  6026     059C  380A               	iorlw	10
  6027     059D  0090               	movwf	16	;volatile
  6028     059E                     l2166:
  6029                           
  6030                           ;RFID.c: 154:     SSP1ADD = 159;
  6031     059E  309F               	movlw	159
  6032     059F  008D               	movwf	13	;volatile
  6033     05A0                     l2168:
  6034                           
  6035                           ;RFID.c: 155:     SSP1CON1bits.SSPEN = 1;
  6036     05A0  1690               	bsf	16,5	;volatile
  6037     05A1                     l203:
  6038     05A1  0008               	return
  6039     05A2                     __end_of_SPISetup:
  6040                           
  6041                           	psect	text12
  6042     0623                     __ptext12:	
  6043 ;; *************** function _GetInfoPCU *****************
  6044 ;; Defined at:
  6045 ;;		line 27 in file "misc_funcs.c"
  6046 ;; Parameters:    Size  Location     Type
  6047 ;;		None
  6048 ;; Auto vars:     Size  Location     Type
  6049 ;;  ask             6    0[BANK0 ] unsigned char [6]
  6050 ;; Return value:  Size  Location     Type
  6051 ;;                  1    wreg      void 
  6052 ;; Registers used:
  6053 ;;		wreg, fsr0l, fsr0h, fsr1l, fsr1h, status,2, status,0, pclath, cstack
  6054 ;; Tracked objects:
  6055 ;;		On entry : 0/0
  6056 ;;		On exit  : 0/0
  6057 ;;		Unchanged: 0/0
  6058 ;; Data sizes:     COMMON   BANK0   BANK1   BANK2   BANK3   BANK4   BANK5   BANK6   BANK7   BANK8   BANK9  BANK10  BANK1
      +1  BANK12
  6059 ;;      Params:         0       0       0       0       0       0       0       0       0       0       0       0       
      +0       0
  6060 ;;      Locals:         0       6       0       0       0       0       0       0       0       0       0       0       
      +0       0
  6061 ;;      Temps:          1       0       0       0       0       0       0       0       0       0       0       0       
      +0       0
  6062 ;;      Totals:         1       6       0       0       0       0       0       0       0       0       0       0       
      +0       0
  6063 ;;Total ram usage:        7 bytes
  6064 ;; Hardware stack levels used: 1
  6065 ;; Hardware stack levels required when called: 2
  6066 ;; This function calls:
  6067 ;;		_sendit
  6068 ;; This function is called by:
  6069 ;;		_main
  6070 ;; This function uses a non-reentrant model
  6071 ;;
  6072                           
  6073     0623                     _GetInfoPCU:	
  6074                           ;psect for function _GetInfoPCU
  6075                           
  6076     0623                     l2114:	
  6077                           ;incstack = 0
  6078                           ; Regs used in _GetInfoPCU: [wreg-fsr1h+status,2+status,0+pclath+cstack]
  6079                           
  6080                           
  6081                           ;misc_funcs.c: 29:     char ask[6] = {0xFE,0x19,0x01,0x04,0x00,0x00};
  6082     0623  30D8               	movlw	low GetInfoPCU@F11713
  6083     0624  0086               	movwf	6
  6084     0625  3000               	movlw	high GetInfoPCU@F11713
  6085     0626  0087               	movwf	7
  6086     0627  304B               	movlw	low GetInfoPCU@ask
  6087     0628  0084               	movwf	4
  6088     0629  3000               	movlw	high GetInfoPCU@ask
  6089     062A  0085               	movwf	5
  6090     062B  3006               	movlw	6
  6091     062C  00F7               	movwf	??_GetInfoPCU
  6092     062D                     u2090:
  6093     062D  0016               	moviw fsr1++
  6094     062E  001A               	movwi fsr0++
  6095     062F  0BF7               	decfsz	??_GetInfoPCU,f
  6096     0630  2E2D               	goto	u2090
  6097     0631                     l2116:
  6098                           
  6099                           ;misc_funcs.c: 30:     sendit(ask,6);
  6100     0631  304B               	movlw	(low (GetInfoPCU@ask| 0))& (0+255)
  6101     0632  00F1               	movwf	sendit@it
  6102     0633  3006               	movlw	6
  6103     0634  00F2               	movwf	sendit@it_size
  6104     0635  3000               	movlw	0
  6105     0636  00F3               	movwf	sendit@it_size+1
  6106     0637  3185  25A2  3186   	fcall	_sendit
  6107     063A                     l122:
  6108     063A  0008               	return
  6109     063B                     __end_of_GetInfoPCU:
  6110                           
  6111                           	psect	text13
  6112     063B                     __ptext13:	
  6113 ;; *************** function _GetInfoController *****************
  6114 ;; Defined at:
  6115 ;;		line 20 in file "misc_funcs.c"
  6116 ;; Parameters:    Size  Location     Type
  6117 ;;		None
  6118 ;; Auto vars:     Size  Location     Type
  6119 ;;  ask             6    0[BANK0 ] unsigned char [6]
  6120 ;; Return value:  Size  Location     Type
  6121 ;;                  1    wreg      void 
  6122 ;; Registers used:
  6123 ;;		wreg, fsr0l, fsr0h, fsr1l, fsr1h, status,2, status,0, pclath, cstack
  6124 ;; Tracked objects:
  6125 ;;		On entry : 0/0
  6126 ;;		On exit  : 0/0
  6127 ;;		Unchanged: 0/0
  6128 ;; Data sizes:     COMMON   BANK0   BANK1   BANK2   BANK3   BANK4   BANK5   BANK6   BANK7   BANK8   BANK9  BANK10  BANK1
      +1  BANK12
  6129 ;;      Params:         0       0       0       0       0       0       0       0       0       0       0       0       
      +0       0
  6130 ;;      Locals:         0       6       0       0       0       0       0       0       0       0       0       0       
      +0       0
  6131 ;;      Temps:          1       0       0       0       0       0       0       0       0       0       0       0       
      +0       0
  6132 ;;      Totals:         1       6       0       0       0       0       0       0       0       0       0       0       
      +0       0
  6133 ;;Total ram usage:        7 bytes
  6134 ;; Hardware stack levels used: 1
  6135 ;; Hardware stack levels required when called: 2
  6136 ;; This function calls:
  6137 ;;		_sendit
  6138 ;; This function is called by:
  6139 ;;		_main
  6140 ;; This function uses a non-reentrant model
  6141 ;;
  6142                           
  6143     063B                     _GetInfoController:	
  6144                           ;psect for function _GetInfoController
  6145                           
  6146     063B                     l2110:	
  6147                           ;incstack = 0
  6148                           ; Regs used in _GetInfoController: [wreg-fsr1h+status,2+status,0+pclath+cstack]
  6149                           
  6150                           
  6151                           ;misc_funcs.c: 22:     char ask[6] = {0xFE,0x19,0x01,0x05,0x00,0x00};
  6152     063B  30DE               	movlw	low GetInfoController@F11710
  6153     063C  0086               	movwf	6
  6154     063D  3000               	movlw	high GetInfoController@F11710
  6155     063E  0087               	movwf	7
  6156     063F  304B               	movlw	low GetInfoController@ask
  6157     0640  0084               	movwf	4
  6158     0641  3000               	movlw	high GetInfoController@ask
  6159     0642  0085               	movwf	5
  6160     0643  3006               	movlw	6
  6161     0644  00F7               	movwf	??_GetInfoController
  6162     0645                     u2080:
  6163     0645  0016               	moviw fsr1++
  6164     0646  001A               	movwi fsr0++
  6165     0647  0BF7               	decfsz	??_GetInfoController,f
  6166     0648  2E45               	goto	u2080
  6167     0649                     l2112:
  6168                           
  6169                           ;misc_funcs.c: 23:     sendit(ask,6);
  6170     0649  304B               	movlw	(low (GetInfoController@ask| 0))& (0+255)
  6171     064A  00F1               	movwf	sendit@it
  6172     064B  3006               	movlw	6
  6173     064C  00F2               	movwf	sendit@it_size
  6174     064D  3000               	movlw	0
  6175     064E  00F3               	movwf	sendit@it_size+1
  6176     064F  3185  25A2  3186   	fcall	_sendit
  6177     0652                     l117:
  6178     0652  0008               	return
  6179     0653                     __end_of_GetInfoController:
  6180                           
  6181                           	psect	text14
  6182     05A2                     __ptext14:	
  6183 ;; *************** function _sendit *****************
  6184 ;; Defined at:
  6185 ;;		line 11 in file "misc_funcs.c"
  6186 ;; Parameters:    Size  Location     Type
  6187 ;;  it              1    1[COMMON] PTR unsigned char 
  6188 ;;		 -> GetUID@msg(10), motor@msg(10), SetPCUInfo@data(9), GetInfoPCU@ask(6), 
  6189 ;;		 -> GetInfoController@ask(6), ShootRepair@tosend(6), ShootAttack@tosend(7), ShootShield@tosend(6), 
  6190 ;;		 -> runmotor@msg(10), 
  6191 ;;  it_size         2    2[COMMON] int 
  6192 ;; Auto vars:     Size  Location     Type
  6193 ;;  i               2    5[COMMON] int 
  6194 ;; Return value:  Size  Location     Type
  6195 ;;                  1    wreg      void 
  6196 ;; Registers used:
  6197 ;;		wreg, fsr1l, fsr1h, status,2, status,0
  6198 ;; Tracked objects:
  6199 ;;		On entry : 0/0
  6200 ;;		On exit  : 0/0
  6201 ;;		Unchanged: 0/0
  6202 ;; Data sizes:     COMMON   BANK0   BANK1   BANK2   BANK3   BANK4   BANK5   BANK6   BANK7   BANK8   BANK9  BANK10  BANK1
      +1  BANK12
  6203 ;;      Params:         3       0       0       0       0       0       0       0       0       0       0       0       
      +0       0
  6204 ;;      Locals:         2       0       0       0       0       0       0       0       0       0       0       0       
      +0       0
  6205 ;;      Temps:          1       0       0       0       0       0       0       0       0       0       0       0       
      +0       0
  6206 ;;      Totals:         6       0       0       0       0       0       0       0       0       0       0       0       
      +0       0
  6207 ;;Total ram usage:        6 bytes
  6208 ;; Hardware stack levels used: 1
  6209 ;; Hardware stack levels required when called: 1
  6210 ;; This function calls:
  6211 ;;		Nothing
  6212 ;; This function is called by:
  6213 ;;		_runmotor
  6214 ;;		_ShootShield
  6215 ;;		_ShootAttack
  6216 ;;		_ShootRepair
  6217 ;;		_GetInfoController
  6218 ;;		_GetInfoPCU
  6219 ;;		_SetPCUInfo
  6220 ;;		_motor
  6221 ;;		_GetUID
  6222 ;; This function uses a non-reentrant model
  6223 ;;
  6224                           
  6225     05A2                     _sendit:	
  6226                           ;psect for function _sendit
  6227                           
  6228     05A2                     l1926:	
  6229                           ;incstack = 0
  6230                           ; Regs used in _sendit: [wreg+fsr1l+fsr1h+status,2+status,0]
  6231                           
  6232                           
  6233                           ;misc_funcs.c: 11: void sendit(char it[], int it_size);misc_funcs.c: 12: {;misc_funcs.c:
      +                           13:     for(int i = 0; i < it_size; i++){
  6234     05A2  01F5               	clrf	sendit@i
  6235     05A3  01F6               	clrf	sendit@i+1
  6236     05A4  2DB4               	goto	l1932
  6237     05A5                     l108:
  6238     05A5  0022               	movlb	2	; select bank2
  6239     05A6  1C9E               	btfss	30,1	;volatile
  6240     05A7  2DA9               	goto	u1641
  6241     05A8  2DAA               	goto	u1640
  6242     05A9                     u1641:
  6243     05A9  2DA5               	goto	l108
  6244     05AA                     u1640:
  6245     05AA                     l1928:
  6246                           
  6247                           ;misc_funcs.c: 15:         TX1REG = it[i];
  6248     05AA  0871               	movf	sendit@it,w
  6249     05AB  0775               	addwf	sendit@i,w
  6250     05AC  0086               	movwf	6
  6251     05AD  0187               	clrf	7
  6252     05AE  0801               	movf	1,w
  6253     05AF  009A               	movwf	26	;volatile
  6254     05B0                     l1930:
  6255                           
  6256                           ;misc_funcs.c: 17:     }
  6257     05B0  3001               	movlw	1
  6258     05B1  07F5               	addwf	sendit@i,f
  6259     05B2  3000               	movlw	0
  6260     05B3  3DF6               	addwfc	sendit@i+1,f
  6261     05B4                     l1932:
  6262     05B4  0876               	movf	sendit@i+1,w
  6263     05B5  3A80               	xorlw	128
  6264     05B6  00F4               	movwf	??_sendit
  6265     05B7  0873               	movf	sendit@it_size+1,w
  6266     05B8  3A80               	xorlw	128
  6267     05B9  0274               	subwf	??_sendit,w
  6268     05BA  1D03               	skipz
  6269     05BB  2DBE               	goto	u1655
  6270     05BC  0872               	movf	sendit@it_size,w
  6271     05BD  0275               	subwf	sendit@i,w
  6272     05BE                     u1655:
  6273     05BE  1C03               	skipc
  6274     05BF  2DC1               	goto	u1651
  6275     05C0  2DC2               	goto	u1650
  6276     05C1                     u1651:
  6277     05C1  2DA5               	goto	l108
  6278     05C2                     u1650:
  6279     05C2                     l112:
  6280     05C2  0008               	return
  6281     05C3                     __end_of_sendit:
  6282                           
  6283                           	psect	intentry
  6284     0004                     __pintentry:	
  6285 ;; *************** function _ISR *****************
  6286 ;; Defined at:
  6287 ;;		line 67 in file "main.c"
  6288 ;; Parameters:    Size  Location     Type
  6289 ;;		None
  6290 ;; Auto vars:     Size  Location     Type
  6291 ;;		None
  6292 ;; Return value:  Size  Location     Type
  6293 ;;                  1    wreg      void 
  6294 ;; Registers used:
  6295 ;;		wreg, fsr1l, fsr1h, status,2, status,0
  6296 ;; Tracked objects:
  6297 ;;		On entry : 0/0
  6298 ;;		On exit  : 0/0
  6299 ;;		Unchanged: 0/0
  6300 ;; Data sizes:     COMMON   BANK0   BANK1   BANK2   BANK3   BANK4   BANK5   BANK6   BANK7   BANK8   BANK9  BANK10  BANK1
      +1  BANK12
  6301 ;;      Params:         0       0       0       0       0       0       0       0       0       0       0       0       
      +0       0
  6302 ;;      Locals:         0       0       0       0       0       0       0       0       0       0       0       0       
      +0       0
  6303 ;;      Temps:          1       0       0       0       0       0       0       0       0       0       0       0       
      +0       0
  6304 ;;      Totals:         1       0       0       0       0       0       0       0       0       0       0       0       
      +0       0
  6305 ;;Total ram usage:        1 bytes
  6306 ;; Hardware stack levels used: 1
  6307 ;; This function calls:
  6308 ;;		Nothing
  6309 ;; This function is called by:
  6310 ;;		Interrupt level 1
  6311 ;; This function uses a non-reentrant model
  6312 ;;
  6313                           
  6314     0004                     _ISR:
  6315                           
  6316                           ;incstack = 0
  6317     0004  147E               	bsf	int$flags,0	;set compiler interrupt flag (level 1)
  6318                           
  6319                           ; Regs used in _ISR: [wreg+fsr1l+fsr1h+status,2+status,0]
  6320     0005  3180               	pagesel	$
  6321     0006                     i1l1770:
  6322                           
  6323                           ;main.c: 69:     if (PIR3bits.RCIF) {
  6324     0006  002E               	movlb	14	; select bank14
  6325     0007  1E8F               	btfss	15,5	;volatile
  6326     0008  280A               	goto	u143_21
  6327     0009  280B               	goto	u143_20
  6328     000A                     u143_21:
  6329     000A  28B7               	goto	i1l311
  6330     000B                     u143_20:
  6331     000B                     i1l1772:
  6332                           
  6333                           ;main.c: 70:         control_data[data_index] = RC1REG;
  6334     000B  0020               	movlb	0	; select bank0
  6335     000C  0828               	movf	_data_index,w	;volatile
  6336     000D  3E31               	addlw	(low (_control_data| 0))& (0+255)
  6337     000E  0086               	movwf	6
  6338     000F  0187               	clrf	7
  6339     0010  0022               	movlb	2	; select bank2
  6340     0011  0819               	movf	25,w	;volatile
  6341     0012  0081               	movwf	1
  6342     0013                     i1l1774:
  6343                           
  6344                           ;main.c: 71:         data_index++;
  6345     0013  3001               	movlw	1
  6346     0014  0020               	movlb	0	; select bank0
  6347     0015  07A8               	addwf	_data_index,f	;volatile
  6348     0016  3000               	movlw	0
  6349     0017  3DA9               	addwfc	_data_index+1,f	;volatile
  6350     0018                     i1l1776:
  6351                           
  6352                           ;main.c: 73:         if (RC1STAbits.OERR)
  6353     0018  0022               	movlb	2	; select bank2
  6354     0019  1C9D               	btfss	29,1	;volatile
  6355     001A  281C               	goto	u144_21
  6356     001B  281D               	goto	u144_20
  6357     001C                     u144_21:
  6358     001C  281F               	goto	i1l1780
  6359     001D                     u144_20:
  6360     001D                     i1l1778:
  6361                           
  6362                           ;main.c: 74:         {;main.c: 75:             RC1STAbits.CREN = 0;
  6363     001D  121D               	bcf	29,4	;volatile
  6364                           
  6365                           ;main.c: 76:             RC1STAbits.CREN = 1;
  6366     001E  161D               	bsf	29,4	;volatile
  6367     001F                     i1l1780:
  6368                           
  6369                           ;main.c: 79:         if (data_index == 4)
  6370     001F  3004               	movlw	4
  6371     0020  0020               	movlb	0	; select bank0
  6372     0021  0628               	xorwf	_data_index,w	;volatile
  6373     0022  0429               	iorwf	_data_index+1,w	;volatile
  6374     0023  1D03               	btfss	3,2
  6375     0024  2826               	goto	u145_21
  6376     0025  2827               	goto	u145_20
  6377     0026                     u145_21:
  6378     0026  2852               	goto	i1l300
  6379     0027                     u145_20:
  6380     0027                     i1l1782:
  6381                           
  6382                           ;main.c: 80:         {;main.c: 81:             data_type = (control_data[3]<<8) + contro
      +                          l_data[2];
  6383     0027  0834               	movf	_control_data+3,w	;volatile
  6384     0028  00AB               	movwf	_data_type+1	;volatile
  6385     0029  0833               	movf	_control_data+2,w	;volatile
  6386     002A  00AA               	movwf	_data_type	;volatile
  6387     002B                     i1l1784:
  6388                           
  6389                           ;main.c: 82:             if (data_type == 0x0300)
  6390     002B  3003               	movlw	3
  6391     002C  062B               	xorwf	_data_type+1,w	;volatile
  6392     002D  042A               	iorwf	_data_type,w	;volatile
  6393     002E  1D03               	btfss	3,2
  6394     002F  2831               	goto	u146_21
  6395     0030  2832               	goto	u146_20
  6396     0031                     u146_21:
  6397     0031  2837               	goto	i1l1788
  6398     0032                     u146_20:
  6399     0032                     i1l1786:
  6400                           
  6401                           ;main.c: 83:             {;main.c: 84:                 data_size = 6;
  6402     0032  3006               	movlw	6
  6403     0033  00E5               	movwf	_data_size	;volatile
  6404     0034  3000               	movlw	0
  6405     0035  00E6               	movwf	_data_size+1	;volatile
  6406                           
  6407                           ;main.c: 85:             }
  6408     0036  2852               	goto	i1l300
  6409     0037                     i1l1788:
  6410     0037  3002               	movlw	2
  6411     0038  062A               	xorwf	_data_type,w	;volatile
  6412     0039  3004               	movlw	4
  6413     003A  1903               	skipnz
  6414     003B  062B               	xorwf	_data_type+1,w	;volatile
  6415     003C  1D03               	btfss	3,2
  6416     003D  283F               	goto	u147_21
  6417     003E  2840               	goto	u147_20
  6418     003F                     u147_21:
  6419     003F  2845               	goto	i1l1792
  6420     0040                     u147_20:
  6421     0040                     i1l1790:
  6422                           
  6423                           ;main.c: 87:             {;main.c: 88:                 data_size = 12;
  6424     0040  300C               	movlw	12
  6425     0041  00E5               	movwf	_data_size	;volatile
  6426     0042  3000               	movlw	0
  6427     0043  00E6               	movwf	_data_size+1	;volatile
  6428                           
  6429                           ;main.c: 89:             }
  6430     0044  2852               	goto	i1l300
  6431     0045                     i1l1792:
  6432     0045  3002               	movlw	2
  6433     0046  062A               	xorwf	_data_type,w	;volatile
  6434     0047  3005               	movlw	5
  6435     0048  1903               	skipnz
  6436     0049  062B               	xorwf	_data_type+1,w	;volatile
  6437     004A  1D03               	btfss	3,2
  6438     004B  284D               	goto	u148_21
  6439     004C  284E               	goto	u148_20
  6440     004D                     u148_21:
  6441     004D  2852               	goto	i1l300
  6442     004E                     u148_20:
  6443     004E                     i1l1794:
  6444                           
  6445                           ;main.c: 91:             {;main.c: 92:                 data_size = 26;
  6446     004E  301A               	movlw	26
  6447     004F  00E5               	movwf	_data_size	;volatile
  6448     0050  3000               	movlw	0
  6449     0051  00E6               	movwf	_data_size+1	;volatile
  6450     0052                     i1l300:	
  6451                           ;main.c: 94:         }
  6452                           
  6453                           
  6454                           ;main.c: 95:         if (data_index >= data_size && data_size == 6)
  6455     0052  0829               	movf	_data_index+1,w	;volatile
  6456     0053  3A80               	xorlw	128
  6457     0054  00F0               	movwf	??_ISR
  6458     0055  0866               	movf	_data_size+1,w	;volatile
  6459     0056  3A80               	xorlw	128
  6460     0057  0270               	subwf	??_ISR,w
  6461     0058  1D03               	skipz
  6462     0059  285C               	goto	u149_25
  6463     005A  0865               	movf	_data_size,w	;volatile
  6464     005B  0228               	subwf	_data_index,w	;volatile
  6465     005C                     u149_25:
  6466     005C  1C03               	skipc
  6467     005D  285F               	goto	u149_21
  6468     005E  2860               	goto	u149_20
  6469     005F                     u149_21:
  6470     005F  2873               	goto	i1l1804
  6471     0060                     u149_20:
  6472     0060                     i1l1796:
  6473     0060  3006               	movlw	6
  6474     0061  0020               	movlb	0	; select bank0
  6475     0062  0665               	xorwf	_data_size,w	;volatile
  6476     0063  0466               	iorwf	_data_size+1,w	;volatile
  6477     0064  1D03               	btfss	3,2
  6478     0065  2867               	goto	u150_21
  6479     0066  2868               	goto	u150_20
  6480     0067                     u150_21:
  6481     0067  2873               	goto	i1l1804
  6482     0068                     u150_20:
  6483     0068                     i1l1798:
  6484                           
  6485                           ;main.c: 96:         {;main.c: 97:             data_index = 0;
  6486     0068  01A8               	clrf	_data_index	;volatile
  6487     0069  01A9               	clrf	_data_index+1	;volatile
  6488     006A                     i1l1800:
  6489                           
  6490                           ;main.c: 98:             receive_ready = 1;
  6491     006A  3001               	movlw	1
  6492     006B  00A6               	movwf	_receive_ready	;volatile
  6493     006C  3000               	movlw	0
  6494     006D  00A7               	movwf	_receive_ready+1	;volatile
  6495     006E                     i1l1802:
  6496                           
  6497                           ;main.c: 99:             receive_flag = 1;
  6498     006E  3001               	movlw	1
  6499     006F  00A4               	movwf	_receive_flag	;volatile
  6500     0070  3000               	movlw	0
  6501     0071  00A5               	movwf	_receive_flag+1	;volatile
  6502                           
  6503                           ;main.c: 100:         }
  6504     0072  28B7               	goto	i1l311
  6505     0073                     i1l1804:
  6506     0073  0020               	movlb	0	; select bank0
  6507     0074  0829               	movf	_data_index+1,w	;volatile
  6508     0075  3A80               	xorlw	128
  6509     0076  00F0               	movwf	??_ISR
  6510     0077  0866               	movf	_data_size+1,w	;volatile
  6511     0078  3A80               	xorlw	128
  6512     0079  0270               	subwf	??_ISR,w
  6513     007A  1D03               	skipz
  6514     007B  287E               	goto	u151_25
  6515     007C  0865               	movf	_data_size,w	;volatile
  6516     007D  0228               	subwf	_data_index,w	;volatile
  6517     007E                     u151_25:
  6518     007E  1C03               	skipc
  6519     007F  2881               	goto	u151_21
  6520     0080  2882               	goto	u151_20
  6521     0081                     u151_21:
  6522     0081  2895               	goto	i1l1814
  6523     0082                     u151_20:
  6524     0082                     i1l1806:
  6525     0082  300C               	movlw	12
  6526     0083  0020               	movlb	0	; select bank0
  6527     0084  0665               	xorwf	_data_size,w	;volatile
  6528     0085  0466               	iorwf	_data_size+1,w	;volatile
  6529     0086  1D03               	btfss	3,2
  6530     0087  2889               	goto	u152_21
  6531     0088  288A               	goto	u152_20
  6532     0089                     u152_21:
  6533     0089  2895               	goto	i1l1814
  6534     008A                     u152_20:
  6535     008A                     i1l1808:
  6536                           
  6537                           ;main.c: 102:         {;main.c: 103:             data_index = 0;
  6538     008A  01A8               	clrf	_data_index	;volatile
  6539     008B  01A9               	clrf	_data_index+1	;volatile
  6540     008C                     i1l1810:
  6541                           
  6542                           ;main.c: 104:             receive_ready = 1;
  6543     008C  3001               	movlw	1
  6544     008D  00A6               	movwf	_receive_ready	;volatile
  6545     008E  3000               	movlw	0
  6546     008F  00A7               	movwf	_receive_ready+1	;volatile
  6547     0090                     i1l1812:
  6548                           
  6549                           ;main.c: 105:             receive_flag = 2;
  6550     0090  3002               	movlw	2
  6551     0091  00A4               	movwf	_receive_flag	;volatile
  6552     0092  3000               	movlw	0
  6553     0093  00A5               	movwf	_receive_flag+1	;volatile
  6554                           
  6555                           ;main.c: 106:         }
  6556     0094  28B7               	goto	i1l311
  6557     0095                     i1l1814:
  6558     0095  0020               	movlb	0	; select bank0
  6559     0096  0829               	movf	_data_index+1,w	;volatile
  6560     0097  3A80               	xorlw	128
  6561     0098  00F0               	movwf	??_ISR
  6562     0099  0866               	movf	_data_size+1,w	;volatile
  6563     009A  3A80               	xorlw	128
  6564     009B  0270               	subwf	??_ISR,w
  6565     009C  1D03               	skipz
  6566     009D  28A0               	goto	u153_25
  6567     009E  0865               	movf	_data_size,w	;volatile
  6568     009F  0228               	subwf	_data_index,w	;volatile
  6569     00A0                     u153_25:
  6570     00A0  1C03               	skipc
  6571     00A1  28A3               	goto	u153_21
  6572     00A2  28A4               	goto	u153_20
  6573     00A3                     u153_21:
  6574     00A3  28B7               	goto	i1l307
  6575     00A4                     u153_20:
  6576     00A4                     i1l1816:
  6577     00A4  301A               	movlw	26
  6578     00A5  0020               	movlb	0	; select bank0
  6579     00A6  0665               	xorwf	_data_size,w	;volatile
  6580     00A7  0466               	iorwf	_data_size+1,w	;volatile
  6581     00A8  1D03               	btfss	3,2
  6582     00A9  28AB               	goto	u154_21
  6583     00AA  28AC               	goto	u154_20
  6584     00AB                     u154_21:
  6585     00AB  28B7               	goto	i1l307
  6586     00AC                     u154_20:
  6587     00AC                     i1l1818:
  6588                           
  6589                           ;main.c: 108:         {;main.c: 109:             data_index = 0;
  6590     00AC  01A8               	clrf	_data_index	;volatile
  6591     00AD  01A9               	clrf	_data_index+1	;volatile
  6592     00AE                     i1l1820:
  6593                           
  6594                           ;main.c: 110:             receive_ready = 1;
  6595     00AE  3001               	movlw	1
  6596     00AF  00A6               	movwf	_receive_ready	;volatile
  6597     00B0  3000               	movlw	0
  6598     00B1  00A7               	movwf	_receive_ready+1	;volatile
  6599     00B2                     i1l1822:
  6600                           
  6601                           ;main.c: 111:             receive_flag = 3;
  6602     00B2  3003               	movlw	3
  6603     00B3  00A4               	movwf	_receive_flag	;volatile
  6604     00B4  3000               	movlw	0
  6605     00B5  00A5               	movwf	_receive_flag+1	;volatile
  6606     00B6  28B7               	goto	i1l311
  6607     00B7                     i1l307:
  6608     00B7                     i1l311:
  6609     00B7  107E               	bcf	int$flags,0	;clear compiler interrupt flag (level 1)
  6610     00B8  0009               	retfie
  6611     00B9                     __end_of_ISR:
  6612     0002                     ___latbits      equ	2
  6613     007E                     btemp           set	126	;btemp
  6614     007E                     int$flags       set	126
  6615     007E                     wtemp0          set	126
  6616                           
  6617                           	psect	config
  6618                           
  6619                           ;Config register CONFIG1 @ 0x8007
  6620                           ;	External Oscillator mode selection bits
  6621                           ;	FEXTOSC = ECH, EC above 8MHz; PFM set to high power
  6622                           ;	Power-up default value for COSC bits
  6623                           ;	RSTOSC = HFINT32, HFINTOSC with OSCFRQ= 32 MHz and CDIV = 1:1
  6624                           ;	Clock Out Enable bit
  6625                           ;	CLKOUTEN = OFF, CLKOUT function is disabled; i/o or oscillator function on OSC2
  6626                           ;	Clock Switch Enable bit
  6627                           ;	CSWEN = ON, Writing to NOSC and NDIV is allowed
  6628                           ;	Fail-Safe Clock Monitor Enable bit
  6629                           ;	FCMEN = ON, FSCM timer enabled
  6630     8007                     	org	32775
  6631     8007  3F8F               	dw	16271
  6632                           
  6633                           ;Config register CONFIG2 @ 0x8008
  6634                           ;	Master Clear Enable bit
  6635                           ;	MCLRE = ON, MCLR pin is Master Clear function
  6636                           ;	Power-up Timer Enable bit
  6637                           ;	PWRTE = OFF, PWRT disabled
  6638                           ;	Low-Power BOR enable bit
  6639                           ;	LPBOREN = OFF, ULPBOR disabled
  6640                           ;	Brown-out reset enable bits
  6641                           ;	BOREN = ON, Brown-out Reset Enabled, SBOREN bit is ignored
  6642                           ;	Brown-out Reset Voltage Selection
  6643                           ;	BORV = LO, Brown-out Reset Voltage (VBOR) set to 1.9V on LF, and 2.45V on F Devices
  6644                           ;	Zero-cross detect disable
  6645                           ;	ZCD = OFF, Zero-cross detect circuit is disabled at POR.
  6646                           ;	Peripheral Pin Select one-way control
  6647                           ;	PPS1WAY = ON, The PPSLOCK bit can be cleared and set only once in software
  6648                           ;	Stack Overflow/Underflow Reset Enable bit
  6649                           ;	STVREN = ON, Stack Overflow or Underflow will cause a reset
  6650                           ;	Background Debugger
  6651                           ;	DEBUG = 0x1, unprogrammed default
  6652     8008                     	org	32776
  6653     8008  3FFF               	dw	16383
  6654                           
  6655                           ;Config register CONFIG3 @ 0x8009
  6656                           ;	WDT Period Select bits
  6657                           ;	WDTCPS = WDTCPS_31, Divider ratio 1:65536; software control of WDTPS
  6658                           ;	WDT operating mode
  6659                           ;	WDTE = OFF, WDT Disabled, SWDTEN is ignored
  6660                           ;	WDT Window Select bits
  6661                           ;	WDTCWS = WDTCWS_7, window always open (100%); software control; keyed access not requi
      +                          red
  6662                           ;	WDT input clock selector
  6663                           ;	WDTCCS = SC, Software Control
  6664     8009                     	org	32777
  6665     8009  3F9F               	dw	16287
  6666                           
  6667                           ;Config register CONFIG4 @ 0x800A
  6668                           ;	UserNVM self-write protection bits
  6669                           ;	WRT = OFF, Write protection off
  6670                           ;	Scanner Enable bit
  6671                           ;	SCANE = available, Scanner module is available for use
  6672                           ;	Low Voltage Programming Enable bit
  6673                           ;	LVP = ON, Low Voltage programming enabled. MCLR/Vpp pin function is MCLR.
  6674     800A                     	org	32778
  6675     800A  3FFF               	dw	16383
  6676                           
  6677                           ;Config register CONFIG5 @ 0x800B
  6678                           ;	UserNVM Program memory code protection bit
  6679                           ;	CP = OFF, Program Memory code protection disabled
  6680                           ;	DataNVM code protection bit
  6681                           ;	CPD = OFF, Data EEPROM code protection disabled
  6682     800B                     	org	32779
  6683     800B  3FFF               	dw	16383

Data Sizes:
    Strings     0
    Constant    4
    Data        82
    BSS         44
    Persistent  32
    Stack       0

Auto Spaces:
    Space          Size  Autos    Used
    COMMON           14     11      12
    BANK0            80     20      71
    BANK1            80      0      74
    BANK2            80     10      10
    BANK3            80      0       0
    BANK4            80      0       0
    BANK5            80      0       0
    BANK6            80      0       0
    BANK7            80      0       0
    BANK8            80      0       0
    BANK9            80      0       0
    BANK10           80      0       0
    BANK11           80      0       0
    BANK12           48      0       0

Pointer List with Targets:

    motor@data	PTR unsigned char  size(1) Largest target is 26
		 -> control_data(BANK0[26]), 

    sendit@it	PTR unsigned char  size(1) Largest target is 10
		 -> GetInfoController@ask(BANK0[6]), GetInfoPCU@ask(BANK0[6]), GetUID@msg(COMMON[10]), motor@msg(BANK0[10]), 
		 -> runmotor@msg(BANK0[10]), SetPCUInfo@data(BANK0[9]), ShootAttack@tosend(BANK0[7]), ShootRepair@tosend(BANK0[6]), 
		 -> ShootShield@tosend(BANK0[6]), 


Critical Paths under _main in COMMON

    _main->_follow
    _main->_motor
    _motor->___awdiv
    _follow->_runmotor
    _runmotor->_sendit
    _ShootLaser->_ShootAttack
    _ShootLaser->_ShootRepair
    _ShootLaser->_ShootShield
    _ShootShield->_sendit
    _ShootRepair->_sendit
    _ShootAttack->_sendit
    _SetPCUInfo->_sendit
    _GetInfoPCU->_sendit
    _GetInfoController->_sendit

Critical Paths under _ISR in COMMON

    None.

Critical Paths under _main in BANK0

    _main->_motor
    _follow->_runmotor
    _ShootLaser->_ShootAttack

Critical Paths under _ISR in BANK0

    None.

Critical Paths under _main in BANK1

    None.

Critical Paths under _ISR in BANK1

    None.

Critical Paths under _main in BANK2

    None.

Critical Paths under _ISR in BANK2

    None.

Critical Paths under _main in BANK3

    None.

Critical Paths under _ISR in BANK3

    None.

Critical Paths under _main in BANK4

    None.

Critical Paths under _ISR in BANK4

    None.

Critical Paths under _main in BANK5

    None.

Critical Paths under _ISR in BANK5

    None.

Critical Paths under _main in BANK6

    None.

Critical Paths under _ISR in BANK6

    None.

Critical Paths under _main in BANK7

    None.

Critical Paths under _ISR in BANK7

    None.

Critical Paths under _main in BANK8

    None.

Critical Paths under _ISR in BANK8

    None.

Critical Paths under _main in BANK9

    None.

Critical Paths under _ISR in BANK9

    None.

Critical Paths under _main in BANK10

    None.

Critical Paths under _ISR in BANK10

    None.

Critical Paths under _main in BANK11

    None.

Critical Paths under _ISR in BANK11

    None.

Critical Paths under _main in BANK12

    None.

Critical Paths under _ISR in BANK12

    None.

Call Graph Tables:

 ---------------------------------------------------------------------------------
 (Depth) Function   	        Calls       Base Space   Used Autos Params    Refs
 ---------------------------------------------------------------------------------
 (0) _main                                                16    16      0    4287
                                             18 BANK0      2     2      0
                                              0 BANK2     10    10      0
                  _GetInfoController
                         _GetInfoPCU
                           _SPISetup
                         _SetPCUInfo
                         _ShootLaser
                             _follow
                              _motor
 ---------------------------------------------------------------------------------
 (1) _motor                                               20    19      1    1497
                                              9 COMMON     2     1      1
                                              0 BANK0     18    18      0
                            ___awdiv
                             _sendit
 ---------------------------------------------------------------------------------
 (2) ___awdiv                                              8     4      4     457
                                              1 COMMON     8     4      4
 ---------------------------------------------------------------------------------
 (1) _follow                                               9     9      0    1455
                                              9 COMMON     2     2      0
                                             11 BANK0      6     6      0
                             _rd_adc
                           _runmotor
 ---------------------------------------------------------------------------------
 (2) _runmotor                                            13    13      0     806
                                              7 COMMON     2     2      0
                                              0 BANK0     11    11      0
                             _sendit
 ---------------------------------------------------------------------------------
 (2) _rd_adc                                               6     4      2     175
                                              1 COMMON     6     4      2
 ---------------------------------------------------------------------------------
 (1) _ShootLaser                                           1     1      0     663
                                              8 COMMON     1     1      0
                        _ShootAttack
                        _ShootRepair
                        _ShootShield
 ---------------------------------------------------------------------------------
 (2) _ShootShield                                          7     7      0     221
                                              7 COMMON     1     1      0
                                              0 BANK0      6     6      0
                             _sendit
 ---------------------------------------------------------------------------------
 (2) _ShootRepair                                          7     7      0     221
                                              7 COMMON     1     1      0
                                              0 BANK0      6     6      0
                             _sendit
 ---------------------------------------------------------------------------------
 (2) _ShootAttack                                          8     8      0     221
                                              7 COMMON     1     1      0
                                              0 BANK0      7     7      0
                             _sendit
 ---------------------------------------------------------------------------------
 (1) _SetPCUInfo                                          10    10      0     221
                                              7 COMMON     1     1      0
                                              0 BANK0      9     9      0
                             _sendit
 ---------------------------------------------------------------------------------
 (1) _SPISetup                                             0     0      0       0
 ---------------------------------------------------------------------------------
 (1) _GetInfoPCU                                           7     7      0     221
                                              7 COMMON     1     1      0
                                              0 BANK0      6     6      0
                             _sendit
 ---------------------------------------------------------------------------------
 (1) _GetInfoController                                    7     7      0     221
                                              7 COMMON     1     1      0
                                              0 BANK0      6     6      0
                             _sendit
 ---------------------------------------------------------------------------------
 (2) _sendit                                               6     3      3     184
                                              1 COMMON     6     3      3
 ---------------------------------------------------------------------------------
 Estimated maximum stack depth 2
 ---------------------------------------------------------------------------------
 (Depth) Function   	        Calls       Base Space   Used Autos Params    Refs
 ---------------------------------------------------------------------------------
 (4) _ISR                                                  1     1      0       0
                                              0 COMMON     1     1      0
 ---------------------------------------------------------------------------------
 Estimated maximum stack depth 4
 ---------------------------------------------------------------------------------

 Call Graph Graphs:

 _main (ROOT)
   _GetInfoController
     _sendit
   _GetInfoPCU
     _sendit
   _SPISetup
   _SetPCUInfo
     _sendit
   _ShootLaser
     _ShootAttack
       _sendit
     _ShootRepair
       _sendit
     _ShootShield
       _sendit
   _follow
     _rd_adc
     _runmotor
       _sendit
   _motor
     ___awdiv
     _sendit

 _ISR (ROOT)

Address spaces:
Name               Size   Autos  Total    Usage
BITCOMMON           14      0       0      0.0%
BITBANK0            80      0       0      0.0%
BITBANK1            80      0       0      0.0%
BITBANK2            80      0       0      0.0%
BITBANK3            80      0       0      0.0%
BITBANK4            80      0       0      0.0%
BITBANK5            80      0       0      0.0%
BITBANK6            80      0       0      0.0%
BITBANK7            80      0       0      0.0%
BITBANK8            80      0       0      0.0%
BITBANK9            80      0       0      0.0%
BITBANK10           80      0       0      0.0%
BITBANK11           80      0       0      0.0%
BITBANK12           48      0       0      0.0%
BIGRAM            1008      0       0      0.0%
COMMON              14     11      12     85.7%
BANK0               80     20      71     88.8%
BANK1               80      0      74     92.5%
BANK2               80     10      10     12.5%
BANK3               80      0       0      0.0%
BANK4               80      0       0      0.0%
BANK5               80      0       0      0.0%
BANK6               80      0       0      0.0%
BANK7               80      0       0      0.0%
BANK8               80      0       0      0.0%
BANK9               80      0       0      0.0%
BANK10              80      0       0      0.0%
BANK11              80      0       0      0.0%
BANK12              48      0       0      0.0%
STACK                0      0       0      0.0%
DATA                 0      0     167      0.0%


Microchip Technology PIC Macro Assembler V3.00 build 20241204225717 
Symbol Table                                                                                   Sun Mar 29 14:47:20 2026

                       l30 056E                         l33 057A                         l43 04FC  
                       l83 060A                         l78 05DA                         l94 04AB  
                       l88 05F2                         l99 04AB               ___awdiv@sign 0076  
       __end_offollow@blvl 0669         __end_offollow@wlvl 066B                        l112 05C2  
                      l122 063A                        l203 05A1                        l108 05A5  
                      l117 0652                        l133 02D6                        l142 033E  
                      l127 0622                        l320 0381                        l138 032C  
                      l333 03F6                        l326 03D2                        l328 03AB  
                      l641 0453                        _ISR 0004                        _SWA 0022  
                      _SWB 0020                        _SWC 002C                        _SWD 002E  
                      wreg 0009          ShootShield@tosend 004B                       ?_ISR 0070  
                     l2000 0410                       l2010 0422                       l2002 0412  
                     l2100 0487                       l2020 043F                       l2012 0426  
                     l2004 0418                       l2110 063B                       l2102 0495  
                     l2030 00E0                       l2014 0435                       l2006 041B  
                     l2022 0445                       l2112 0649                       l2120 0619  
                     l2104 0499                       l2040 00EF                       l2032 00E9  
                     l2024 044A                       l2016 0439                       l2008 0420  
                     l2114 0623                       l2050 011D                       l2042 00F0  
                     l2034 00EB                       l2026 044F                       l2018 043A  
                     l2130 0281                       l2122 0238                       l2116 0631  
                     l2108 04A7                       l2060 016A                       l2052 012F  
                     l2044 00F9                       l2036 00EC                       l2140 02B3  
                     l2132 028E                       l2124 023F                       l2300 03CE  
                     l2220 0348                       l2212 033F                       l2118 060B  
                     l2070 01B7                       l2062 017C                       l2054 0141  
                     l2046 0102                       l2038 00EE                       l2150 02F6  
                     l2142 02BA                       l2134 029C                       l2126 024D  
                     l2310 03F3                       l2302 03D2                       l2230 034E  
                     l2222 034A                       l2214 0342                       l2080 01F7  
                     l2072 01BC                       l2064 0181                       l2056 0146  
                     l2048 010B                       l2160 0335                       l2152 0304  
                     l2144 02C8                       l2136 02A0                       l2128 0267  
                     l2304 03E0                       l2240 0358                       l2232 0350  
                     l2224 034B                       l2216 0344                       l2162 057B  
                     l2090 0454                       l2082 0209                       l2074 01CE  
                     l2066 0193                       l2058 0158                       l2154 0309  
                     l2146 02E4                       l2138 02AE                       l2306 03E2  
                     l2250 0362                       l2242 0359                       l2234 0352  
                     l2226 034C                       l2218 0346                       l2164 059A  
                     l2092 0462                       l2084 021B                       l2076 01E0  
                     l2068 01A5                       l2156 0310                       l2148 02F2  
                     l2308 03EE                       l2260 0379                       l2252 0365  
                     l2244 035A                       l2236 0354                       l2228 034D  
                     l2166 059E                       l2094 0470                       l2086 022D  
                     l2078 01F2                       l2158 031E                       l2270 0394  
                     l2262 037B                       l2254 0365                       l2246 035C  
                     l2238 0356                       l2168 05A0                       l2096 0475  
                     l2088 0232                       l2280 03A4                       l2272 0397  
                     l2264 0387                       l2256 0374                       l2248 035F  
                     l2098 0479                       l2290 03B9                       l2282 03A9  
                     l2274 039E                       l2266 0388                       l2258 0374  
                     l2292 03BE                       l2284 03AC                       l2276 03A0  
                     l2268 038E                       l2294 03C3                       l2278 03A2  
                     l2286 03B0                       l2296 03C7                       l2288 03B7  
                     l1930 05B0                       l2298 03CB                       l1932 05B4  
                     l1940 0557                       l1926 05A2                       l1950 0572  
                     l1942 055B                       l1934 0548                       l1928 05AA  
                     l1944 0561                       l1936 054D                       l1960 04CA  
                     l1946 0564                       l1938 0551                       l1970 04F0  
                     l1962 04D0                       l1954 04AE                       l1980 0601  
                     l1948 056C                       l1964 04D9                       l1956 04BC  
                     l1982 05DB                       l1974 05C3                       l1966 04DF  
                     l1958 04C1                       l1990 03FE                       l1984 05E9  
                     l1976 05D1                       l1968 04E7                       l1992 0403  
                     l1978 05F3                       l1994 0405                       l1986 03F9  
                     l1996 0409                       l1988 03FA                       l1998 040E  
                     u2000 021B                       u2001 021A                       u2010 022D  
                     u2011 022C                       u2100 0615                       u2020 0462  
                     u2021 0461                       u2005 0217                       u2030 0470  
                     u2110 0249                       u2031 046F                       u2015 0229  
                     u2040 0475                       u2120 028E                       u2041 0474  
                     u2025 045E                       u2121 028D                       u2050 0487  
                     u2130 029C                       u2051 0486                       u2035 046C  
                     u2131 029B                       u2060 0495                       u2140 02AE  
                     u2300 038E                       u2061 0494                       u2141 02AD  
                     u2125 028A                       u2301 038D                       _LATA 0016  
                     u2070 04A7                       u2150 02C8                       u2310 0394  
                     u2071 04A6                       u2055 0483                       u2151 02C7  
                     u2135 0298                       u2311 0393                       u2080 0645  
                     u2160 02E4                       u2320 039E                       u2065 0491  
                     u2161 02E3                       u2145 02AA                       u2321 039D  
                     u2090 062D                       u2170 02F2                       u2330 03A9  
                     u2075 04A3                       u2171 02F1                       u2155 02C4  
                     u2331 03A8                       u1700 04B8                       u2180 0304  
                     u2340 03B7                       u2181 0303                       u2165 02E0  
                     u2341 03B6                       u1710 04C1                       u2190 031E  
                     u2350 03E0                       u2270 0370                       u1711 04C0  
                     u2191 031D                       u2175 02EE                       u2351 03DF  
                     u1640 05AA                       u1720 04D0                       u2280 0379  
                     u1641 05A9                       u1721 04CF                       u2185 0300  
                     u2281 0378                       u1650 05C2                       u1730 04DF  
                     u1810 0426                       u2290 0386                       u1651 05C1  
                     u1731 04DE                       u1811 0425                       u2195 031A  
                     u2355 03DC                       u2291 0385                       u1740 05CD  
                     u1660 054D                       u1900 0158                       u1661 054C  
                     u1901 0157                       u1805 041C                       u1750 05FD  
                     u1670 0557                       u1910 016A                       u1830 0435  
                     u1655 05BE                       u1671 0556                       u1911 0169  
                     u1831 0434                       u2367 03E8                       u1760 05E5  
                     u1680 0561                       u1920 017C                       u1681 0560  
                     u2377 04F5                       u1921 017B                       u1905 0154  
                     u1825 0427                       u1690 0572                       u1930 0193  
                     u1850 0445                       u1770 03FE                       u1691 0571  
                     u2387 0567                       u1931 0192                       u1915 0166  
                     u1851 0444                       u1835 0431                       u1771 03FD  
                     u1940 01A5                       u1860 044A                       u1780 0409  
                     u1941 01A4                       u1925 0178                       u1861 0449  
                     u1845 043B                       u1781 0408                       u1950 01B7  
                     u1870 011D                       u1790 0418                       u1951 01B6  
                     u1935 018F                       u1871 011C                       u1791 0417  
                     u1960 01CE                       u1880 012F                       u1961 01CD  
                     u1945 01A1                       u1881 012E                       u1970 01E0  
                     u1890 0141                       u1971 01DF                       u1955 01B3  
                     u1891 0140                       u1875 0119                       u1980 01F2  
                     u1981 01F1                       u1965 01CA                       u1885 012B  
                     u1990 0209                       u1991 0208                       u1975 01DC  
                     u1895 013D                       u1985 01EE                       u1995 0205  
              main@message 0120                       _main 033F                       fsr0h 0005  
                     fsr1h 0007                       indf0 0000                       fsr0l 0004  
                     indf1 0001                       fsr1l 0006                       btemp 007E  
                     start 00B9          _GetInfoController 063B                 _GetInfoPCU 0623  
       ?_GetInfoController 0070                      ??_ISR 0070                      _ADACQ 009D  
      ??_GetInfoController 0077                      ?_main 0070                      _ADCLK 0098  
                    _ADPCH 009E            __end_of___awdiv 0454            ___awdiv@divisor 0071  
                    i1l300 0052                      i1l311 00B7                      i1l307 00B7  
          ___awdiv@counter 0075                      _TRISA 0011                      _TRISB 0012  
                    _RXPPS 0ECB                      _motor 0238           __end_of_SPISetup 05A2  
                    status 0003                      wtemp0 007E  __end_of_GetInfoController 0653  
          __initialization 00BB               __end_of_main 03F9                 _SetPCUInfo 060B  
                   ??_main 005D                follow@right 0058                     _ADRESH 008D  
                   _ADRESL 008C           ___awdiv@dividend 0073                     ?_motor 0079  
                   _ANSELA 0F38                     _ANSELB 0F43                     _RC1REG 0119  
                   _RB3PPS 0F1B                     _RB5PPS 0F1D                     _RC6PPS 0F26  
                   i1l1800 006A                     i1l1810 008C                     i1l1802 006E  
                   i1l1820 00AE                     i1l1812 0090                     i1l1804 0073  
                   i1l1822 00B2                     i1l1806 0082                     i1l1814 0095  
                   i1l1816 00A4                     i1l1808 008A                     i1l1818 00AC  
                   i1l1770 0006                     i1l1780 001F                     i1l1772 000B  
                   i1l1790 0040                     i1l1782 0027                     i1l1774 0013  
                   i1l1792 0045                     i1l1784 002B                     i1l1776 0018  
                   i1l1794 004E                     i1l1786 0032                     i1l1778 001D  
                   i1l1796 0060                     i1l1788 0037                     i1l1798 0068  
                   u150_20 0068                     u150_21 0067                     u151_20 0082  
                   u143_20 000B                     u151_21 0081                     u143_21 000A  
                   u151_25 007E                     u152_20 008A                     u144_20 001D  
                   u152_21 0089                     u144_21 001C                     u153_20 00A4  
                   u145_20 0027                     u153_21 00A3                     u145_21 0026  
                   u153_25 00A0                     u154_20 00AC                     u146_20 0032  
                   u154_21 00AB                     u146_21 0031                     u147_20 0040  
                   u147_21 003F                     u148_20 004E                     u148_21 004D  
                   u149_20 0060                     u149_21 005F                     u149_25 005C  
                   _SPBRGH 011C                     _SPBRGL 011B                     _TX1REG 011A  
              ?_GetInfoPCU 0070                  ??___awdiv 0075                 _ShootLaser 0454  
                   _follow 00E0                     _rd_adc 0547           ___awdiv@quotient 0077  
                   _sendit 05A2              ??_ShootAttack 0077              ??_ShootRepair 0077  
            ??_ShootShield 0077           __end_of_runmotor 04FD    __end_of__initialization 00DC  
         SetPCUInfo@F11716 00C8             __pcstackCOMMON 0070               __pidataBANK0 0653  
             __pidataBANK1 04FD              __end_of_motor 033F                ?_SetPCUInfo 0070  
                ?_SPISetup 0070          ShootAttack@F11741 00D1               follow@center 005A  
      __end_of_ShootAttack 060B                    ??_motor 007A        __end_of_ShootRepair 05F3  
      __end_of_ShootShield 05DB                 __pbssBANK0 0020                 _data_index 0028  
           SetPCUInfo@data 004B                 __pmaintext 033F                 __pintentry 0004  
              ?_ShootLaser 0070                    ?_follow 0070                    ?_rd_adc 0071  
             rd_adc@select 0076                    ?_sendit 0071                 ??_SPISetup 0071  
        ShootAttack@tosend 004B               rd_adc@output 0074                    _SSP1ADD 018D  
                  _SSP1BUF 018C              GetInfoPCU@ask 004B                  _ADREFbits 009A  
              motor@F11724 00B4                    ___awdiv 03F9                  ?_runmotor 0070  
                  __ptext1 0238                    __ptext2 03F9                    __ptext3 00E0  
                  __ptext4 04AC                    __ptext5 0547                    __ptext6 0454  
                  __ptext7 05C3                    __ptext8 05DB                    __ptext9 05F3  
              _ShootAttack 05F3                _ShootRepair 05DB                _ShootShield 05C3  
  GetInfoController@F11710 00DE                    clrloop0 0662                motor@ldirec 0057  
            _receive_ready 0026       end_of_initialization 00DC                motor@rdirec 0055  
                  init_ram 065B                    initloop 065C           _shield_code_flag 007B  
                  sendit@i 0075               ??_GetInfoPCU 0077                 main@F11752 00A0  
               ??_runmotor 0077                  _PORTAbits 000C               GetUID@F11761 00AA  
                _TRISAbits 0011                  _TRISBbits 0012                  _TRISCbits 0013  
       __end_of_GetInfoPCU 063B                _BAUDCONbits 011F               ??_SetPCUInfo 0077  
           __end_of_follow 0238               _control_data 0031             __end_of_rd_adc 057B  
           __end_of_sendit 05C3       GetInfoController@ask 004B             runmotor@F11742 00BE  
      start_initialization 00BB                __end_of_ISR 00B9              sendit@it_size 0072  
               follow@blvl 0667                 follow@left 0056                 follow@wlvl 0669  
       __end_of_SetPCUInfo 0623               ??_ShootLaser 0078                __pdataBANK0 005F  
              __pdataBANK1 00A0                   ??_follow 0079                   ??_rd_adc 0073  
           runmotor@select 0055                   ??_sendit 0074                __pbssCOMMON 007B  
                ___latbits 0002              __pcstackBANK0 004B              __pcstackBANK2 0120  
       __end_of_ShootLaser 04AC                  _data_size 0065                  _data_type 002A  
                 ?___awdiv 0071               ?_ShootAttack 0070               ?_ShootRepair 0070  
             ?_ShootShield 0070                runmotor@msg 004B               _receive_flag 0024  
                 _LATAbits 0016                   _LATCbits 0018                  clear_ram0 0661  
                 _PIE3bits 0719                   _PIR3bits 070F                   _SPISetup 057B  
               _ADCON0bits 0093                 _ANSELAbits 0F38                 _ANSELBbits 0F43  
               _ANSELCbits 0F4E                   __ptext10 060B                   __ptext11 057B  
                 __ptext12 0623                   __ptext13 063B                   __ptext14 05A2  
             _SSP1CON1bits 0190                  motor@data 0079                 _RC1STAbits 011D  
                 int$flags 007E               _SSP1STATbits 018F                   _runmotor 04AC  
               _INTCONbits 000B                   follow@sw 0070                   intlevel1 0000  
        ShootRepair@F11744 00E4           _repair_code_flag 0030                   sendit@it 0071  
                 motor@msg 004B                   motor@mly 005B                   motor@mry 0059  
            __pstringtext1 0667              __pstringtext2 0669                 _SSP1DATPPS 0EC6  
        ShootRepair@tosend 004B                 _TX1STAbits 011E          ShootShield@F11738 005F  
         GetInfoPCU@F11713 00D8  
