

Microchip MPLAB XC8 Assembler V3.10 build 20250813170317 
                                                                                               Tue Apr  7 21:39:50 2026

Microchip MPLAB XC8 C Compiler v3.10 (Free license) build 20250813170317 Og1 
     1                           	processor	16F18855
     2                           	pagewidth 120
     3                           	opt	flic
     4                           	psect	idataCOMMON,global,class=CODE,space=0,delta=2,noexec
     5                           	psect	idataBANK0,global,class=CODE,space=0,delta=2,noexec
     6                           	psect	idataBANK1,global,class=CODE,space=0,delta=2,noexec
     7                           	psect	idataBANK2,global,class=CODE,space=0,delta=2,noexec
     8                           	psect	stringtext1,global,class=STRCODE,space=0,delta=2,noexec
     9                           	psect	stringtext2,global,class=STRCODE,space=0,delta=2,noexec
    10                           	psect	cinit,global,class=CODE,space=0,merge=1,delta=2
    11                           	psect	dataCOMMON,global,class=COMMON,space=1,delta=1,noexec
    12                           	psect	bssBANK0,global,class=BANK0,space=1,delta=1,noexec
    13                           	psect	dataBANK0,global,class=BANK0,space=1,delta=1,noexec
    14                           	psect	bssBANK1,global,class=BANK1,space=1,delta=1,noexec
    15                           	psect	dataBANK1,global,class=BANK1,space=1,delta=1,noexec
    16                           	psect	dataBANK2,global,class=BANK2,space=1,delta=1,noexec
    17                           	psect	inittext,global,class=CODE,space=0,delta=2
    18                           	psect	clrtext,global,class=CODE,space=0,delta=2
    19                           	psect	cstackCOMMON,global,class=COMMON,space=1,delta=1,noexec
    20                           	psect	cstackBANK0,global,class=BANK0,space=1,delta=1,noexec
    21                           	psect	maintext,global,class=CODE,space=0,merge=1,split=1,delta=2
    22                           	psect	text1,local,class=CODE,space=0,merge=1,delta=2
    23                           	psect	text2,local,class=CODE,space=0,merge=1,delta=2,group=1
    24                           	psect	text3,local,class=CODE,space=0,merge=1,delta=2
    25                           	psect	text4,local,class=CODE,space=0,merge=1,delta=2
    26                           	psect	text5,local,class=CODE,space=0,merge=1,delta=2
    27                           	psect	text6,local,class=CODE,space=0,merge=1,delta=2
    28                           	psect	text7,local,class=CODE,space=0,merge=1,delta=2
    29                           	psect	text8,local,class=CODE,space=0,merge=1,delta=2
    30                           	psect	text9,local,class=CODE,space=0,merge=1,delta=2
    31                           	psect	text10,local,class=CODE,space=0,merge=1,delta=2
    32                           	psect	text11,local,class=CODE,space=0,merge=1,delta=2
    33                           	psect	text12,local,class=CODE,space=0,merge=1,delta=2
    34                           	psect	text13,local,class=CODE,space=0,merge=1,delta=2
    35                           	psect	text14,local,class=CODE,space=0,merge=1,delta=2
    36                           	psect	intentry,global,class=CODE,space=0,delta=2
    37                           	psect	config,global,abs,ovrld,class=CONFIG,space=4,delta=2,noexec
    38                           	dabs	1,0x7E,2
    39     0000                     
    40                           ; Generated 21/06/2023 GMT
    41                           ; 
    42                           ; Copyright © 2023, Microchip Technology Inc. and its subsidiaries ("Microchip")
    43                           ; All rights reserved.
    44                           ; 
    45                           ; This software is developed by Microchip Technology Inc. and its subsidiaries ("Microch
      +                          ip").
    46                           ; 
    47                           ; Redistribution and use in source and binary forms, with or without modification, are
    48                           ; permitted provided that the following conditions are met:
    49                           ; 
    50                           ;     1. Redistributions of source code must retain the above copyright notice, this lis
      +                          t of
    51                           ;        conditions and the following disclaimer.
    52                           ; 
    53                           ;     2. Redistributions in binary form must reproduce the above copyright notice, this 
      +                          list
    54                           ;        of conditions and the following disclaimer in the documentation and/or other
    55                           ;        materials provided with the distribution. Publication is not required when
    56                           ;        this file is used in an embedded application.
    57                           ; 
    58                           ;     3. Microchip's name may not be used to endorse or promote products derived from th
      +                          is
    59                           ;        software without specific prior written permission.
    60                           ; 
    61                           ; THIS SOFTWARE IS PROVIDED BY MICROCHIP "AS IS" AND ANY EXPRESS OR IMPLIED WARRANTIES,
    62                           ; INCLUDING, BUT NOT LIMITED TO, THE IMPLIED WARRANTIES OF MERCHANTABILITY AND FITNESS F
      +                          OR
    63                           ; PURPOSE ARE DISCLAIMED.  IN NO EVENT SHALL MICROCHIP BE LIABLE FOR ANY DIRECT, INDIREC
      +                          T,
    64                           ; INCIDENTAL, SPECIAL, EXEMPLARY, OR CONSEQUENTIAL DAMAGES (INCLUDING BUT NOT LIMITED TO
    65                           ; PROCUREMENT OF SUBSTITUTE GOODS OR SERVICES; LOSS OF USE, DATA OR PROFITS; OR BUSINESS
    66                           ; INTERRUPTION) HOWSOEVER CAUSED AND ON ANY THEORY OF LIABILITY, WHETHER IN CONTRACT, ST
      +                          RICT
    67                           ; LIABILITY, OR TORT (INCLUDING NEGLIGENCE OR OTHERWISE) ARISING IN ANY WAY OUT OF THE U
      +                          SE OF
    68                           ; THIS SOFTWARE, EVEN IF ADVISED OF THE POSSIBILITY OF SUCH DAMAGE.
    69                           ; 
    70                           ; 
    71                           ; Code-generator required, PIC16F18855 Definitions
    72                           ; 
    73                           ; SFR Addresses
    74     0008                     bsr             equ	8
    75     0005                     fsr0h           equ	5
    76     0004                     fsr0l           equ	4
    77     0007                     fsr1h           equ	7
    78     0006                     fsr1l           equ	6
    79     0000                     indf            equ	0
    80     0000                     indf0           equ	0
    81     0001                     indf1           equ	1
    82     000B                     intcon          equ	11
    83     0002                     pc              equ	2
    84     0002                     pcl             equ	2
    85     000A                     pclath          equ	10
    86     0003                     status          equ	3
    87     0009                     wreg            equ	9
    88     0000                     INDF0           equ	0	;# 
    89     0001                     INDF1           equ	1	;# 
    90     0002                     PCL             equ	2	;# 
    91     0003                     STATUS          equ	3	;# 
    92     0004                     FSR0L           equ	4	;# 
    93     0005                     FSR0H           equ	5	;# 
    94     0006                     FSR1L           equ	6	;# 
    95     0007                     FSR1H           equ	7	;# 
    96     0008                     BSR             equ	8	;# 
    97     0009                     WREG            equ	9	;# 
    98     000A                     PCLATH          equ	10	;# 
    99     000B                     INTCON          equ	11	;# 
   100     000C                     PORTA           equ	12	;# 
   101     000D                     PORTB           equ	13	;# 
   102     000E                     PORTC           equ	14	;# 
   103     0010                     PORTE           equ	16	;# 
   104     0011                     TRISA           equ	17	;# 
   105     0012                     TRISB           equ	18	;# 
   106     0013                     TRISC           equ	19	;# 
   107     0016                     LATA            equ	22	;# 
   108     0017                     LATB            equ	23	;# 
   109     0018                     LATC            equ	24	;# 
   110     001C                     TMR0L           equ	28	;# 
   111     001C                     TMR0            equ	28	;# 
   112     001D                     TMR0H           equ	29	;# 
   113     001D                     PR0             equ	29	;# 
   114     001E                     T0CON0          equ	30	;# 
   115     001F                     T0CON1          equ	31	;# 
   116     008C                     ADRES           equ	140	;# 
   117     008C                     ADRESL          equ	140	;# 
   118     008D                     ADRESH          equ	141	;# 
   119     008E                     ADPREV          equ	142	;# 
   120     008E                     ADPREVL         equ	142	;# 
   121     008F                     ADPREVH         equ	143	;# 
   122     0090                     ADACC           equ	144	;# 
   123     0090                     ADACCL          equ	144	;# 
   124     0091                     ADACCH          equ	145	;# 
   125     0093                     ADCON0          equ	147	;# 
   126     0094                     ADCON1          equ	148	;# 
   127     0095                     ADCON2          equ	149	;# 
   128     0096                     ADCON3          equ	150	;# 
   129     0097                     ADSTAT          equ	151	;# 
   130     0098                     ADCLK           equ	152	;# 
   131     0099                     ADACT           equ	153	;# 
   132     009A                     ADREF           equ	154	;# 
   133     009B                     ADCAP           equ	155	;# 
   134     009C                     ADPRE           equ	156	;# 
   135     009D                     ADACQ           equ	157	;# 
   136     009E                     ADPCH           equ	158	;# 
   137     010C                     ADCNT           equ	268	;# 
   138     010D                     ADRPT           equ	269	;# 
   139     010E                     ADLTH           equ	270	;# 
   140     010E                     ADLTHL          equ	270	;# 
   141     010F                     ADLTHH          equ	271	;# 
   142     0110                     ADUTH           equ	272	;# 
   143     0110                     ADUTHL          equ	272	;# 
   144     0111                     ADUTHH          equ	273	;# 
   145     0112                     ADSTPT          equ	274	;# 
   146     0112                     ADSTPTL         equ	274	;# 
   147     0113                     ADSTPTH         equ	275	;# 
   148     0114                     ADFLTR          equ	276	;# 
   149     0114                     ADFLTRL         equ	276	;# 
   150     0115                     ADFLTRH         equ	277	;# 
   151     0116                     ADERR           equ	278	;# 
   152     0116                     ADERRL          equ	278	;# 
   153     0117                     ADERRH          equ	279	;# 
   154     0119                     RC1REG          equ	281	;# 
   155     0119                     RCREG           equ	281	;# 
   156     0119                     RCREG1          equ	281	;# 
   157     011A                     TX1REG          equ	282	;# 
   158     011A                     TXREG1          equ	282	;# 
   159     011A                     TXREG           equ	282	;# 
   160     011B                     SP1BRG          equ	283	;# 
   161     011B                     SP1BRGL         equ	283	;# 
   162     011B                     SPBRG           equ	283	;# 
   163     011B                     SPBRG1          equ	283	;# 
   164     011B                     SPBRGL          equ	283	;# 
   165     011C                     SP1BRGH         equ	284	;# 
   166     011C                     SPBRGH          equ	284	;# 
   167     011C                     SPBRGH1         equ	284	;# 
   168     011D                     RC1STA          equ	285	;# 
   169     011D                     RCSTA1          equ	285	;# 
   170     011D                     RCSTA           equ	285	;# 
   171     011E                     TX1STA          equ	286	;# 
   172     011E                     TXSTA1          equ	286	;# 
   173     011E                     TXSTA           equ	286	;# 
   174     011F                     BAUD1CON        equ	287	;# 
   175     011F                     BAUDCON1        equ	287	;# 
   176     011F                     BAUDCTL1        equ	287	;# 
   177     011F                     BAUDCON         equ	287	;# 
   178     011F                     BAUDCTL         equ	287	;# 
   179     018C                     SSP1BUF         equ	396	;# 
   180     018D                     SSP1ADD         equ	397	;# 
   181     018E                     SSP1MSK         equ	398	;# 
   182     018F                     SSP1STAT        equ	399	;# 
   183     0190                     SSP1CON1        equ	400	;# 
   184     0191                     SSP1CON2        equ	401	;# 
   185     0192                     SSP1CON3        equ	402	;# 
   186     0196                     SSP2BUF         equ	406	;# 
   187     0197                     SSP2ADD         equ	407	;# 
   188     0198                     SSP2MSK         equ	408	;# 
   189     0199                     SSP2STAT        equ	409	;# 
   190     019A                     SSP2CON1        equ	410	;# 
   191     019B                     SSP2CON2        equ	411	;# 
   192     019C                     SSP2CON3        equ	412	;# 
   193     020C                     TMR1            equ	524	;# 
   194     020C                     TMR1L           equ	524	;# 
   195     020D                     TMR1H           equ	525	;# 
   196     020E                     T1CON           equ	526	;# 
   197     020F                     T1GCON          equ	527	;# 
   198     020F                     PR1             equ	527	;# 
   199     0210                     T1GATE          equ	528	;# 
   200     0210                     TMR1GATE        equ	528	;# 
   201     0211                     T1CLK           equ	529	;# 
   202     0211                     TMR1CLK         equ	529	;# 
   203     0212                     TMR3            equ	530	;# 
   204     0212                     TMR3L           equ	530	;# 
   205     0213                     TMR3H           equ	531	;# 
   206     0214                     T3CON           equ	532	;# 
   207     0215                     T3GCON          equ	533	;# 
   208     0215                     PR3             equ	533	;# 
   209     0216                     T3GATE          equ	534	;# 
   210     0216                     TMR3GATE        equ	534	;# 
   211     0217                     T3CLK           equ	535	;# 
   212     0217                     TMR3CLK         equ	535	;# 
   213     0218                     TMR5            equ	536	;# 
   214     0218                     TMR5L           equ	536	;# 
   215     0219                     TMR5H           equ	537	;# 
   216     021A                     T5CON           equ	538	;# 
   217     021B                     T5GCON          equ	539	;# 
   218     021B                     PR5             equ	539	;# 
   219     021C                     T5GATE          equ	540	;# 
   220     021C                     TMR5GATE        equ	540	;# 
   221     021D                     T5CLK           equ	541	;# 
   222     021D                     TMR5CLK         equ	541	;# 
   223     021E                     CCPTMRS0        equ	542	;# 
   224     021F                     CCPTMRS1        equ	543	;# 
   225     028C                     T2TMR           equ	652	;# 
   226     028C                     TMR2            equ	652	;# 
   227     028D                     T2PR            equ	653	;# 
   228     028D                     PR2             equ	653	;# 
   229     028E                     T2CON           equ	654	;# 
   230     028F                     T2HLT           equ	655	;# 
   231     0290                     T2CLKCON        equ	656	;# 
   232     0290                     T2CLK           equ	656	;# 
   233     0291                     T2RST           equ	657	;# 
   234     0292                     T4TMR           equ	658	;# 
   235     0292                     TMR4            equ	658	;# 
   236     0293                     T4PR            equ	659	;# 
   237     0293                     PR4             equ	659	;# 
   238     0294                     T4CON           equ	660	;# 
   239     0295                     T4HLT           equ	661	;# 
   240     0296                     T4CLKCON        equ	662	;# 
   241     0296                     T4CLK           equ	662	;# 
   242     0297                     T4RST           equ	663	;# 
   243     0298                     T6TMR           equ	664	;# 
   244     0298                     TMR6            equ	664	;# 
   245     0299                     T6PR            equ	665	;# 
   246     0299                     PR6             equ	665	;# 
   247     029A                     T6CON           equ	666	;# 
   248     029B                     T6HLT           equ	667	;# 
   249     029C                     T6CLKCON        equ	668	;# 
   250     029C                     T6CLK           equ	668	;# 
   251     029D                     T6RST           equ	669	;# 
   252     030C                     CCPR1           equ	780	;# 
   253     030C                     CCPR1L          equ	780	;# 
   254     030D                     CCPR1H          equ	781	;# 
   255     030E                     CCP1CON         equ	782	;# 
   256     030F                     CCP1CAP         equ	783	;# 
   257     0310                     CCPR2           equ	784	;# 
   258     0310                     CCPR2L          equ	784	;# 
   259     0311                     CCPR2H          equ	785	;# 
   260     0312                     CCP2CON         equ	786	;# 
   261     0313                     CCP2CAP         equ	787	;# 
   262     0314                     CCPR3           equ	788	;# 
   263     0314                     CCPR3L          equ	788	;# 
   264     0315                     CCPR3H          equ	789	;# 
   265     0316                     CCP3CON         equ	790	;# 
   266     0317                     CCP3CAP         equ	791	;# 
   267     0318                     CCPR4           equ	792	;# 
   268     0318                     CCPR4L          equ	792	;# 
   269     0319                     CCPR4H          equ	793	;# 
   270     031A                     CCP4CON         equ	794	;# 
   271     031B                     CCP4CAP         equ	795	;# 
   272     031C                     CCPR5           equ	796	;# 
   273     031C                     CCPR5L          equ	796	;# 
   274     031D                     CCPR5H          equ	797	;# 
   275     031E                     CCP5CON         equ	798	;# 
   276     031F                     CCP5CAP         equ	799	;# 
   277     038C                     PWM6DC          equ	908	;# 
   278     038C                     PWM6DCL         equ	908	;# 
   279     038D                     PWM6DCH         equ	909	;# 
   280     038E                     PWM6CON         equ	910	;# 
   281     0390                     PWM7DC          equ	912	;# 
   282     0390                     PWM7DCL         equ	912	;# 
   283     0391                     PWM7DCH         equ	913	;# 
   284     0392                     PWM7CON         equ	914	;# 
   285     040C                     SCANLADRL       equ	1036	;# 
   286     040D                     SCANLADRH       equ	1037	;# 
   287     040E                     SCANHADRL       equ	1038	;# 
   288     040F                     SCANHADRH       equ	1039	;# 
   289     0410                     SCANCON0        equ	1040	;# 
   290     0411                     SCANTRIG        equ	1041	;# 
   291     0416                     CRCDATA         equ	1046	;# 
   292     0416                     CRCDATL         equ	1046	;# 
   293     0417                     CRCDATH         equ	1047	;# 
   294     0418                     CRCACC          equ	1048	;# 
   295     0418                     CRCACCL         equ	1048	;# 
   296     0419                     CRCACCH         equ	1049	;# 
   297     041A                     CRCSHFT         equ	1050	;# 
   298     041A                     CRCSHIFTL       equ	1050	;# 
   299     041B                     CRCSHIFTH       equ	1051	;# 
   300     041C                     CRCXOR          equ	1052	;# 
   301     041C                     CRCXORL         equ	1052	;# 
   302     041D                     CRCXORH         equ	1053	;# 
   303     041E                     CRCCON0         equ	1054	;# 
   304     041F                     CRCCON1         equ	1055	;# 
   305     048C                     SMT1TMR         equ	1164	;# 
   306     048C                     SMT1TMRL        equ	1164	;# 
   307     048D                     SMT1TMRH        equ	1165	;# 
   308     048E                     SMT1TMRU        equ	1166	;# 
   309     048F                     SMT1CPR         equ	1167	;# 
   310     048F                     SMT1CPRL        equ	1167	;# 
   311     0490                     SMT1CPRH        equ	1168	;# 
   312     0491                     SMT1CPRU        equ	1169	;# 
   313     0492                     SMT1CPW         equ	1170	;# 
   314     0492                     SMT1CPWL        equ	1170	;# 
   315     0493                     SMT1CPWH        equ	1171	;# 
   316     0494                     SMT1CPWU        equ	1172	;# 
   317     0495                     SMT1PR          equ	1173	;# 
   318     0495                     SMT1PRL         equ	1173	;# 
   319     0496                     SMT1PRH         equ	1174	;# 
   320     0497                     SMT1PRU         equ	1175	;# 
   321     0498                     SMT1CON0        equ	1176	;# 
   322     0499                     SMT1CON1        equ	1177	;# 
   323     049A                     SMT1STAT        equ	1178	;# 
   324     049B                     SMT1CLK         equ	1179	;# 
   325     049C                     SMT1SIG         equ	1180	;# 
   326     049D                     SMT1WIN         equ	1181	;# 
   327     050C                     SMT2TMR         equ	1292	;# 
   328     050C                     SMT2TMRL        equ	1292	;# 
   329     050D                     SMT2TMRH        equ	1293	;# 
   330     050E                     SMT2TMRU        equ	1294	;# 
   331     050F                     SMT2CPR         equ	1295	;# 
   332     050F                     SMT2CPRL        equ	1295	;# 
   333     0510                     SMT2CPRH        equ	1296	;# 
   334     0511                     SMT2CPRU        equ	1297	;# 
   335     0512                     SMT2CPW         equ	1298	;# 
   336     0512                     SMT2CPWL        equ	1298	;# 
   337     0513                     SMT2CPWH        equ	1299	;# 
   338     0514                     SMT2CPWU        equ	1300	;# 
   339     0515                     SMT2PR          equ	1301	;# 
   340     0515                     SMT2PRL         equ	1301	;# 
   341     0516                     SMT2PRH         equ	1302	;# 
   342     0517                     SMT2PRU         equ	1303	;# 
   343     0518                     SMT2CON0        equ	1304	;# 
   344     0519                     SMT2CON1        equ	1305	;# 
   345     051A                     SMT2STAT        equ	1306	;# 
   346     051B                     SMT2CLK         equ	1307	;# 
   347     051C                     SMT2SIG         equ	1308	;# 
   348     051D                     SMT2WIN         equ	1309	;# 
   349     058C                     NCO1ACC         equ	1420	;# 
   350     058C                     NCO1ACCL        equ	1420	;# 
   351     058D                     NCO1ACCH        equ	1421	;# 
   352     058E                     NCO1ACCU        equ	1422	;# 
   353     058F                     NCO1INC         equ	1423	;# 
   354     058F                     NCO1INCL        equ	1423	;# 
   355     0590                     NCO1INCH        equ	1424	;# 
   356     0591                     NCO1INCU        equ	1425	;# 
   357     0592                     NCO1CON         equ	1426	;# 
   358     0593                     NCO1CLK         equ	1427	;# 
   359     060C                     CWG1CLKCON      equ	1548	;# 
   360     060D                     CWG1ISM         equ	1549	;# 
   361     060E                     CWG1DBR         equ	1550	;# 
   362     060F                     CWG1DBF         equ	1551	;# 
   363     0610                     CWG1CON0        equ	1552	;# 
   364     0611                     CWG1CON1        equ	1553	;# 
   365     0612                     CWG1AS0         equ	1554	;# 
   366     0613                     CWG1AS1         equ	1555	;# 
   367     0614                     CWG1STR         equ	1556	;# 
   368     0616                     CWG2CLKCON      equ	1558	;# 
   369     0617                     CWG2ISM         equ	1559	;# 
   370     0618                     CWG2DBR         equ	1560	;# 
   371     0619                     CWG2DBF         equ	1561	;# 
   372     061A                     CWG2CON0        equ	1562	;# 
   373     061B                     CWG2CON1        equ	1563	;# 
   374     061C                     CWG2AS0         equ	1564	;# 
   375     061D                     CWG2AS1         equ	1565	;# 
   376     061E                     CWG2STR         equ	1566	;# 
   377     068C                     CWG3CLKCON      equ	1676	;# 
   378     068D                     CWG3ISM         equ	1677	;# 
   379     068E                     CWG3DBR         equ	1678	;# 
   380     068F                     CWG3DBF         equ	1679	;# 
   381     0690                     CWG3CON0        equ	1680	;# 
   382     0691                     CWG3CON1        equ	1681	;# 
   383     0692                     CWG3AS0         equ	1682	;# 
   384     0693                     CWG3AS1         equ	1683	;# 
   385     0694                     CWG3STR         equ	1684	;# 
   386     070C                     PIR0            equ	1804	;# 
   387     070D                     PIR1            equ	1805	;# 
   388     070E                     PIR2            equ	1806	;# 
   389     070F                     PIR3            equ	1807	;# 
   390     0710                     PIR4            equ	1808	;# 
   391     0711                     PIR5            equ	1809	;# 
   392     0712                     PIR6            equ	1810	;# 
   393     0713                     PIR7            equ	1811	;# 
   394     0714                     PIR8            equ	1812	;# 
   395     0716                     PIE0            equ	1814	;# 
   396     0717                     PIE1            equ	1815	;# 
   397     0718                     PIE2            equ	1816	;# 
   398     0719                     PIE3            equ	1817	;# 
   399     071A                     PIE4            equ	1818	;# 
   400     071B                     PIE5            equ	1819	;# 
   401     071C                     PIE6            equ	1820	;# 
   402     071D                     PIE7            equ	1821	;# 
   403     071E                     PIE8            equ	1822	;# 
   404     0796                     PMD0            equ	1942	;# 
   405     0797                     PMD1            equ	1943	;# 
   406     0798                     PMD2            equ	1944	;# 
   407     0799                     PMD3            equ	1945	;# 
   408     079A                     PMD4            equ	1946	;# 
   409     079B                     PMD5            equ	1947	;# 
   410     080C                     WDTCON0         equ	2060	;# 
   411     080D                     WDTCON1         equ	2061	;# 
   412     080E                     WDTPSL          equ	2062	;# 
   413     080F                     WDTPSH          equ	2063	;# 
   414     0810                     WDTTMR          equ	2064	;# 
   415     0811                     BORCON          equ	2065	;# 
   416     0812                     VREGCON         equ	2066	;# 
   417     0813                     PCON0           equ	2067	;# 
   418     0814                     CCDCON          equ	2068	;# 
   419     081A                     NVMADRL         equ	2074	;# 
   420     081B                     NVMADRH         equ	2075	;# 
   421     081C                     NVMDATL         equ	2076	;# 
   422     081D                     NVMDATH         equ	2077	;# 
   423     081E                     NVMCON1         equ	2078	;# 
   424     081F                     NVMCON2         equ	2079	;# 
   425     088C                     CPUDOZE         equ	2188	;# 
   426     088D                     OSCCON1         equ	2189	;# 
   427     088E                     OSCCON2         equ	2190	;# 
   428     088F                     OSCCON3         equ	2191	;# 
   429     0890                     OSCSTAT         equ	2192	;# 
   430     0891                     OSCEN           equ	2193	;# 
   431     0892                     OSCTUNE         equ	2194	;# 
   432     0893                     OSCFRQ          equ	2195	;# 
   433     0895                     CLKRCON         equ	2197	;# 
   434     0896                     CLKRCLK         equ	2198	;# 
   435     0897                     MDCON0          equ	2199	;# 
   436     0898                     MDCON1          equ	2200	;# 
   437     0899                     MDSRC           equ	2201	;# 
   438     089A                     MDCARL          equ	2202	;# 
   439     089B                     MDCARH          equ	2203	;# 
   440     090C                     FVRCON          equ	2316	;# 
   441     090E                     DAC1CON0        equ	2318	;# 
   442     090F                     DAC1CON1        equ	2319	;# 
   443     091F                     ZCD1CON         equ	2335	;# 
   444     091F                     ZCDCON          equ	2335	;# 
   445     098F                     CMOUT           equ	2447	;# 
   446     098F                     CMSTAT          equ	2447	;# 
   447     0990                     CM1CON0         equ	2448	;# 
   448     0991                     CM1CON1         equ	2449	;# 
   449     0992                     CM1NSEL         equ	2450	;# 
   450     0993                     CM1PSEL         equ	2451	;# 
   451     0994                     CM2CON0         equ	2452	;# 
   452     0995                     CM2CON1         equ	2453	;# 
   453     0996                     CM2NSEL         equ	2454	;# 
   454     0997                     CM2PSEL         equ	2455	;# 
   455     0E0F                     CLCDATA         equ	3599	;# 
   456     0E10                     CLC1CON         equ	3600	;# 
   457     0E11                     CLC1POL         equ	3601	;# 
   458     0E12                     CLC1SEL0        equ	3602	;# 
   459     0E13                     CLC1SEL1        equ	3603	;# 
   460     0E14                     CLC1SEL2        equ	3604	;# 
   461     0E15                     CLC1SEL3        equ	3605	;# 
   462     0E16                     CLC1GLS0        equ	3606	;# 
   463     0E17                     CLC1GLS1        equ	3607	;# 
   464     0E18                     CLC1GLS2        equ	3608	;# 
   465     0E19                     CLC1GLS3        equ	3609	;# 
   466     0E1A                     CLC2CON         equ	3610	;# 
   467     0E1B                     CLC2POL         equ	3611	;# 
   468     0E1C                     CLC2SEL0        equ	3612	;# 
   469     0E1D                     CLC2SEL1        equ	3613	;# 
   470     0E1E                     CLC2SEL2        equ	3614	;# 
   471     0E1F                     CLC2SEL3        equ	3615	;# 
   472     0E20                     CLC2GLS0        equ	3616	;# 
   473     0E21                     CLC2GLS1        equ	3617	;# 
   474     0E22                     CLC2GLS2        equ	3618	;# 
   475     0E23                     CLC2GLS3        equ	3619	;# 
   476     0E24                     CLC3CON         equ	3620	;# 
   477     0E25                     CLC3POL         equ	3621	;# 
   478     0E26                     CLC3SEL0        equ	3622	;# 
   479     0E27                     CLC3SEL1        equ	3623	;# 
   480     0E28                     CLC3SEL2        equ	3624	;# 
   481     0E29                     CLC3SEL3        equ	3625	;# 
   482     0E2A                     CLC3GLS0        equ	3626	;# 
   483     0E2B                     CLC3GLS1        equ	3627	;# 
   484     0E2C                     CLC3GLS2        equ	3628	;# 
   485     0E2D                     CLC3GLS3        equ	3629	;# 
   486     0E2E                     CLC4CON         equ	3630	;# 
   487     0E2F                     CLC4POL         equ	3631	;# 
   488     0E30                     CLC4SEL0        equ	3632	;# 
   489     0E31                     CLC4SEL1        equ	3633	;# 
   490     0E32                     CLC4SEL2        equ	3634	;# 
   491     0E33                     CLC4SEL3        equ	3635	;# 
   492     0E34                     CLC4GLS0        equ	3636	;# 
   493     0E35                     CLC4GLS1        equ	3637	;# 
   494     0E36                     CLC4GLS2        equ	3638	;# 
   495     0E37                     CLC4GLS3        equ	3639	;# 
   496     0E8F                     PPSLOCK         equ	3727	;# 
   497     0E90                     INTPPS          equ	3728	;# 
   498     0E91                     T0CKIPPS        equ	3729	;# 
   499     0E92                     T1CKIPPS        equ	3730	;# 
   500     0E93                     T1GPPS          equ	3731	;# 
   501     0E94                     T3CKIPPS        equ	3732	;# 
   502     0E95                     T3GPPS          equ	3733	;# 
   503     0E96                     T5CKIPPS        equ	3734	;# 
   504     0E97                     T5GPPS          equ	3735	;# 
   505     0E9C                     T2AINPPS        equ	3740	;# 
   506     0E9D                     T4AINPPS        equ	3741	;# 
   507     0E9E                     T6AINPPS        equ	3742	;# 
   508     0EA1                     CCP1PPS         equ	3745	;# 
   509     0EA2                     CCP2PPS         equ	3746	;# 
   510     0EA3                     CCP3PPS         equ	3747	;# 
   511     0EA4                     CCP4PPS         equ	3748	;# 
   512     0EA5                     CCP5PPS         equ	3749	;# 
   513     0EA9                     SMT1WINPPS      equ	3753	;# 
   514     0EAA                     SMT1SIGPPS      equ	3754	;# 
   515     0EAB                     SMT2WINPPS      equ	3755	;# 
   516     0EAC                     SMT2SIGPPS      equ	3756	;# 
   517     0EB1                     CWG1PPS         equ	3761	;# 
   518     0EB2                     CWG2PPS         equ	3762	;# 
   519     0EB3                     CWG3PPS         equ	3763	;# 
   520     0EB8                     MDCARLPPS       equ	3768	;# 
   521     0EB9                     MDCARHPPS       equ	3769	;# 
   522     0EBA                     MDSRCPPS        equ	3770	;# 
   523     0EBB                     CLCIN0PPS       equ	3771	;# 
   524     0EBC                     CLCIN1PPS       equ	3772	;# 
   525     0EBD                     CLCIN2PPS       equ	3773	;# 
   526     0EBE                     CLCIN3PPS       equ	3774	;# 
   527     0EC3                     ADCACTPPS       equ	3779	;# 
   528     0EC5                     SSP1CLKPPS      equ	3781	;# 
   529     0EC6                     SSP1DATPPS      equ	3782	;# 
   530     0EC7                     SSP1SSPPS       equ	3783	;# 
   531     0EC8                     SSP2CLKPPS      equ	3784	;# 
   532     0EC9                     SSP2DATPPS      equ	3785	;# 
   533     0ECA                     SSP2SSPPS       equ	3786	;# 
   534     0ECB                     RXPPS           equ	3787	;# 
   535     0ECC                     TXPPS           equ	3788	;# 
   536     0F10                     RA0PPS          equ	3856	;# 
   537     0F11                     RA1PPS          equ	3857	;# 
   538     0F12                     RA2PPS          equ	3858	;# 
   539     0F13                     RA3PPS          equ	3859	;# 
   540     0F14                     RA4PPS          equ	3860	;# 
   541     0F15                     RA5PPS          equ	3861	;# 
   542     0F16                     RA6PPS          equ	3862	;# 
   543     0F17                     RA7PPS          equ	3863	;# 
   544     0F18                     RB0PPS          equ	3864	;# 
   545     0F19                     RB1PPS          equ	3865	;# 
   546     0F1A                     RB2PPS          equ	3866	;# 
   547     0F1B                     RB3PPS          equ	3867	;# 
   548     0F1C                     RB4PPS          equ	3868	;# 
   549     0F1D                     RB5PPS          equ	3869	;# 
   550     0F1E                     RB6PPS          equ	3870	;# 
   551     0F1F                     RB7PPS          equ	3871	;# 
   552     0F20                     RC0PPS          equ	3872	;# 
   553     0F21                     RC1PPS          equ	3873	;# 
   554     0F22                     RC2PPS          equ	3874	;# 
   555     0F23                     RC3PPS          equ	3875	;# 
   556     0F24                     RC4PPS          equ	3876	;# 
   557     0F25                     RC5PPS          equ	3877	;# 
   558     0F26                     RC6PPS          equ	3878	;# 
   559     0F27                     RC7PPS          equ	3879	;# 
   560     0F38                     ANSELA          equ	3896	;# 
   561     0F39                     WPUA            equ	3897	;# 
   562     0F3A                     ODCONA          equ	3898	;# 
   563     0F3B                     SLRCONA         equ	3899	;# 
   564     0F3C                     INLVLA          equ	3900	;# 
   565     0F3D                     IOCAP           equ	3901	;# 
   566     0F3E                     IOCAN           equ	3902	;# 
   567     0F3F                     IOCAF           equ	3903	;# 
   568     0F40                     CCDNA           equ	3904	;# 
   569     0F41                     CCDPA           equ	3905	;# 
   570     0F43                     ANSELB          equ	3907	;# 
   571     0F44                     WPUB            equ	3908	;# 
   572     0F45                     ODCONB          equ	3909	;# 
   573     0F46                     SLRCONB         equ	3910	;# 
   574     0F47                     INLVLB          equ	3911	;# 
   575     0F48                     IOCBP           equ	3912	;# 
   576     0F49                     IOCBN           equ	3913	;# 
   577     0F4A                     IOCBF           equ	3914	;# 
   578     0F4B                     CCDNB           equ	3915	;# 
   579     0F4C                     CCDPB           equ	3916	;# 
   580     0F4E                     ANSELC          equ	3918	;# 
   581     0F4F                     WPUC            equ	3919	;# 
   582     0F50                     ODCONC          equ	3920	;# 
   583     0F51                     SLRCONC         equ	3921	;# 
   584     0F52                     INLVLC          equ	3922	;# 
   585     0F53                     IOCCP           equ	3923	;# 
   586     0F54                     IOCCN           equ	3924	;# 
   587     0F55                     IOCCF           equ	3925	;# 
   588     0F56                     CCDNC           equ	3926	;# 
   589     0F57                     CCDPC           equ	3927	;# 
   590     0F65                     WPUE            equ	3941	;# 
   591     0F68                     INLVLE          equ	3944	;# 
   592     0F69                     IOCEP           equ	3945	;# 
   593     0F6A                     IOCEN           equ	3946	;# 
   594     0F6B                     IOCEF           equ	3947	;# 
   595     0FE4                     STATUS_SHAD     equ	4068	;# 
   596     0FE5                     WREG_SHAD       equ	4069	;# 
   597     0FE6                     BSR_SHAD        equ	4070	;# 
   598     0FE7                     PCLATH_SHAD     equ	4071	;# 
   599     0FE8                     FSR0L_SHAD      equ	4072	;# 
   600     0FE9                     FSR0H_SHAD      equ	4073	;# 
   601     0FEA                     FSR1L_SHAD      equ	4074	;# 
   602     0FEB                     FSR1H_SHAD      equ	4075	;# 
   603     0FED                     STKPTR          equ	4077	;# 
   604     0FEE                     TOSL            equ	4078	;# 
   605     0FEF                     TOSH            equ	4079	;# 
   606     0000                     INDF0           equ	0	;# 
   607     0001                     INDF1           equ	1	;# 
   608     0002                     PCL             equ	2	;# 
   609     0003                     STATUS          equ	3	;# 
   610     0004                     FSR0L           equ	4	;# 
   611     0005                     FSR0H           equ	5	;# 
   612     0006                     FSR1L           equ	6	;# 
   613     0007                     FSR1H           equ	7	;# 
   614     0008                     BSR             equ	8	;# 
   615     0009                     WREG            equ	9	;# 
   616     000A                     PCLATH          equ	10	;# 
   617     000B                     INTCON          equ	11	;# 
   618     000C                     PORTA           equ	12	;# 
   619     000D                     PORTB           equ	13	;# 
   620     000E                     PORTC           equ	14	;# 
   621     0010                     PORTE           equ	16	;# 
   622     0011                     TRISA           equ	17	;# 
   623     0012                     TRISB           equ	18	;# 
   624     0013                     TRISC           equ	19	;# 
   625     0016                     LATA            equ	22	;# 
   626     0017                     LATB            equ	23	;# 
   627     0018                     LATC            equ	24	;# 
   628     001C                     TMR0L           equ	28	;# 
   629     001C                     TMR0            equ	28	;# 
   630     001D                     TMR0H           equ	29	;# 
   631     001D                     PR0             equ	29	;# 
   632     001E                     T0CON0          equ	30	;# 
   633     001F                     T0CON1          equ	31	;# 
   634     008C                     ADRES           equ	140	;# 
   635     008C                     ADRESL          equ	140	;# 
   636     008D                     ADRESH          equ	141	;# 
   637     008E                     ADPREV          equ	142	;# 
   638     008E                     ADPREVL         equ	142	;# 
   639     008F                     ADPREVH         equ	143	;# 
   640     0090                     ADACC           equ	144	;# 
   641     0090                     ADACCL          equ	144	;# 
   642     0091                     ADACCH          equ	145	;# 
   643     0093                     ADCON0          equ	147	;# 
   644     0094                     ADCON1          equ	148	;# 
   645     0095                     ADCON2          equ	149	;# 
   646     0096                     ADCON3          equ	150	;# 
   647     0097                     ADSTAT          equ	151	;# 
   648     0098                     ADCLK           equ	152	;# 
   649     0099                     ADACT           equ	153	;# 
   650     009A                     ADREF           equ	154	;# 
   651     009B                     ADCAP           equ	155	;# 
   652     009C                     ADPRE           equ	156	;# 
   653     009D                     ADACQ           equ	157	;# 
   654     009E                     ADPCH           equ	158	;# 
   655     010C                     ADCNT           equ	268	;# 
   656     010D                     ADRPT           equ	269	;# 
   657     010E                     ADLTH           equ	270	;# 
   658     010E                     ADLTHL          equ	270	;# 
   659     010F                     ADLTHH          equ	271	;# 
   660     0110                     ADUTH           equ	272	;# 
   661     0110                     ADUTHL          equ	272	;# 
   662     0111                     ADUTHH          equ	273	;# 
   663     0112                     ADSTPT          equ	274	;# 
   664     0112                     ADSTPTL         equ	274	;# 
   665     0113                     ADSTPTH         equ	275	;# 
   666     0114                     ADFLTR          equ	276	;# 
   667     0114                     ADFLTRL         equ	276	;# 
   668     0115                     ADFLTRH         equ	277	;# 
   669     0116                     ADERR           equ	278	;# 
   670     0116                     ADERRL          equ	278	;# 
   671     0117                     ADERRH          equ	279	;# 
   672     0119                     RC1REG          equ	281	;# 
   673     0119                     RCREG           equ	281	;# 
   674     0119                     RCREG1          equ	281	;# 
   675     011A                     TX1REG          equ	282	;# 
   676     011A                     TXREG1          equ	282	;# 
   677     011A                     TXREG           equ	282	;# 
   678     011B                     SP1BRG          equ	283	;# 
   679     011B                     SP1BRGL         equ	283	;# 
   680     011B                     SPBRG           equ	283	;# 
   681     011B                     SPBRG1          equ	283	;# 
   682     011B                     SPBRGL          equ	283	;# 
   683     011C                     SP1BRGH         equ	284	;# 
   684     011C                     SPBRGH          equ	284	;# 
   685     011C                     SPBRGH1         equ	284	;# 
   686     011D                     RC1STA          equ	285	;# 
   687     011D                     RCSTA1          equ	285	;# 
   688     011D                     RCSTA           equ	285	;# 
   689     011E                     TX1STA          equ	286	;# 
   690     011E                     TXSTA1          equ	286	;# 
   691     011E                     TXSTA           equ	286	;# 
   692     011F                     BAUD1CON        equ	287	;# 
   693     011F                     BAUDCON1        equ	287	;# 
   694     011F                     BAUDCTL1        equ	287	;# 
   695     011F                     BAUDCON         equ	287	;# 
   696     011F                     BAUDCTL         equ	287	;# 
   697     018C                     SSP1BUF         equ	396	;# 
   698     018D                     SSP1ADD         equ	397	;# 
   699     018E                     SSP1MSK         equ	398	;# 
   700     018F                     SSP1STAT        equ	399	;# 
   701     0190                     SSP1CON1        equ	400	;# 
   702     0191                     SSP1CON2        equ	401	;# 
   703     0192                     SSP1CON3        equ	402	;# 
   704     0196                     SSP2BUF         equ	406	;# 
   705     0197                     SSP2ADD         equ	407	;# 
   706     0198                     SSP2MSK         equ	408	;# 
   707     0199                     SSP2STAT        equ	409	;# 
   708     019A                     SSP2CON1        equ	410	;# 
   709     019B                     SSP2CON2        equ	411	;# 
   710     019C                     SSP2CON3        equ	412	;# 
   711     020C                     TMR1            equ	524	;# 
   712     020C                     TMR1L           equ	524	;# 
   713     020D                     TMR1H           equ	525	;# 
   714     020E                     T1CON           equ	526	;# 
   715     020F                     T1GCON          equ	527	;# 
   716     020F                     PR1             equ	527	;# 
   717     0210                     T1GATE          equ	528	;# 
   718     0210                     TMR1GATE        equ	528	;# 
   719     0211                     T1CLK           equ	529	;# 
   720     0211                     TMR1CLK         equ	529	;# 
   721     0212                     TMR3            equ	530	;# 
   722     0212                     TMR3L           equ	530	;# 
   723     0213                     TMR3H           equ	531	;# 
   724     0214                     T3CON           equ	532	;# 
   725     0215                     T3GCON          equ	533	;# 
   726     0215                     PR3             equ	533	;# 
   727     0216                     T3GATE          equ	534	;# 
   728     0216                     TMR3GATE        equ	534	;# 
   729     0217                     T3CLK           equ	535	;# 
   730     0217                     TMR3CLK         equ	535	;# 
   731     0218                     TMR5            equ	536	;# 
   732     0218                     TMR5L           equ	536	;# 
   733     0219                     TMR5H           equ	537	;# 
   734     021A                     T5CON           equ	538	;# 
   735     021B                     T5GCON          equ	539	;# 
   736     021B                     PR5             equ	539	;# 
   737     021C                     T5GATE          equ	540	;# 
   738     021C                     TMR5GATE        equ	540	;# 
   739     021D                     T5CLK           equ	541	;# 
   740     021D                     TMR5CLK         equ	541	;# 
   741     021E                     CCPTMRS0        equ	542	;# 
   742     021F                     CCPTMRS1        equ	543	;# 
   743     028C                     T2TMR           equ	652	;# 
   744     028C                     TMR2            equ	652	;# 
   745     028D                     T2PR            equ	653	;# 
   746     028D                     PR2             equ	653	;# 
   747     028E                     T2CON           equ	654	;# 
   748     028F                     T2HLT           equ	655	;# 
   749     0290                     T2CLKCON        equ	656	;# 
   750     0290                     T2CLK           equ	656	;# 
   751     0291                     T2RST           equ	657	;# 
   752     0292                     T4TMR           equ	658	;# 
   753     0292                     TMR4            equ	658	;# 
   754     0293                     T4PR            equ	659	;# 
   755     0293                     PR4             equ	659	;# 
   756     0294                     T4CON           equ	660	;# 
   757     0295                     T4HLT           equ	661	;# 
   758     0296                     T4CLKCON        equ	662	;# 
   759     0296                     T4CLK           equ	662	;# 
   760     0297                     T4RST           equ	663	;# 
   761     0298                     T6TMR           equ	664	;# 
   762     0298                     TMR6            equ	664	;# 
   763     0299                     T6PR            equ	665	;# 
   764     0299                     PR6             equ	665	;# 
   765     029A                     T6CON           equ	666	;# 
   766     029B                     T6HLT           equ	667	;# 
   767     029C                     T6CLKCON        equ	668	;# 
   768     029C                     T6CLK           equ	668	;# 
   769     029D                     T6RST           equ	669	;# 
   770     030C                     CCPR1           equ	780	;# 
   771     030C                     CCPR1L          equ	780	;# 
   772     030D                     CCPR1H          equ	781	;# 
   773     030E                     CCP1CON         equ	782	;# 
   774     030F                     CCP1CAP         equ	783	;# 
   775     0310                     CCPR2           equ	784	;# 
   776     0310                     CCPR2L          equ	784	;# 
   777     0311                     CCPR2H          equ	785	;# 
   778     0312                     CCP2CON         equ	786	;# 
   779     0313                     CCP2CAP         equ	787	;# 
   780     0314                     CCPR3           equ	788	;# 
   781     0314                     CCPR3L          equ	788	;# 
   782     0315                     CCPR3H          equ	789	;# 
   783     0316                     CCP3CON         equ	790	;# 
   784     0317                     CCP3CAP         equ	791	;# 
   785     0318                     CCPR4           equ	792	;# 
   786     0318                     CCPR4L          equ	792	;# 
   787     0319                     CCPR4H          equ	793	;# 
   788     031A                     CCP4CON         equ	794	;# 
   789     031B                     CCP4CAP         equ	795	;# 
   790     031C                     CCPR5           equ	796	;# 
   791     031C                     CCPR5L          equ	796	;# 
   792     031D                     CCPR5H          equ	797	;# 
   793     031E                     CCP5CON         equ	798	;# 
   794     031F                     CCP5CAP         equ	799	;# 
   795     038C                     PWM6DC          equ	908	;# 
   796     038C                     PWM6DCL         equ	908	;# 
   797     038D                     PWM6DCH         equ	909	;# 
   798     038E                     PWM6CON         equ	910	;# 
   799     0390                     PWM7DC          equ	912	;# 
   800     0390                     PWM7DCL         equ	912	;# 
   801     0391                     PWM7DCH         equ	913	;# 
   802     0392                     PWM7CON         equ	914	;# 
   803     040C                     SCANLADRL       equ	1036	;# 
   804     040D                     SCANLADRH       equ	1037	;# 
   805     040E                     SCANHADRL       equ	1038	;# 
   806     040F                     SCANHADRH       equ	1039	;# 
   807     0410                     SCANCON0        equ	1040	;# 
   808     0411                     SCANTRIG        equ	1041	;# 
   809     0416                     CRCDATA         equ	1046	;# 
   810     0416                     CRCDATL         equ	1046	;# 
   811     0417                     CRCDATH         equ	1047	;# 
   812     0418                     CRCACC          equ	1048	;# 
   813     0418                     CRCACCL         equ	1048	;# 
   814     0419                     CRCACCH         equ	1049	;# 
   815     041A                     CRCSHFT         equ	1050	;# 
   816     041A                     CRCSHIFTL       equ	1050	;# 
   817     041B                     CRCSHIFTH       equ	1051	;# 
   818     041C                     CRCXOR          equ	1052	;# 
   819     041C                     CRCXORL         equ	1052	;# 
   820     041D                     CRCXORH         equ	1053	;# 
   821     041E                     CRCCON0         equ	1054	;# 
   822     041F                     CRCCON1         equ	1055	;# 
   823     048C                     SMT1TMR         equ	1164	;# 
   824     048C                     SMT1TMRL        equ	1164	;# 
   825     048D                     SMT1TMRH        equ	1165	;# 
   826     048E                     SMT1TMRU        equ	1166	;# 
   827     048F                     SMT1CPR         equ	1167	;# 
   828     048F                     SMT1CPRL        equ	1167	;# 
   829     0490                     SMT1CPRH        equ	1168	;# 
   830     0491                     SMT1CPRU        equ	1169	;# 
   831     0492                     SMT1CPW         equ	1170	;# 
   832     0492                     SMT1CPWL        equ	1170	;# 
   833     0493                     SMT1CPWH        equ	1171	;# 
   834     0494                     SMT1CPWU        equ	1172	;# 
   835     0495                     SMT1PR          equ	1173	;# 
   836     0495                     SMT1PRL         equ	1173	;# 
   837     0496                     SMT1PRH         equ	1174	;# 
   838     0497                     SMT1PRU         equ	1175	;# 
   839     0498                     SMT1CON0        equ	1176	;# 
   840     0499                     SMT1CON1        equ	1177	;# 
   841     049A                     SMT1STAT        equ	1178	;# 
   842     049B                     SMT1CLK         equ	1179	;# 
   843     049C                     SMT1SIG         equ	1180	;# 
   844     049D                     SMT1WIN         equ	1181	;# 
   845     050C                     SMT2TMR         equ	1292	;# 
   846     050C                     SMT2TMRL        equ	1292	;# 
   847     050D                     SMT2TMRH        equ	1293	;# 
   848     050E                     SMT2TMRU        equ	1294	;# 
   849     050F                     SMT2CPR         equ	1295	;# 
   850     050F                     SMT2CPRL        equ	1295	;# 
   851     0510                     SMT2CPRH        equ	1296	;# 
   852     0511                     SMT2CPRU        equ	1297	;# 
   853     0512                     SMT2CPW         equ	1298	;# 
   854     0512                     SMT2CPWL        equ	1298	;# 
   855     0513                     SMT2CPWH        equ	1299	;# 
   856     0514                     SMT2CPWU        equ	1300	;# 
   857     0515                     SMT2PR          equ	1301	;# 
   858     0515                     SMT2PRL         equ	1301	;# 
   859     0516                     SMT2PRH         equ	1302	;# 
   860     0517                     SMT2PRU         equ	1303	;# 
   861     0518                     SMT2CON0        equ	1304	;# 
   862     0519                     SMT2CON1        equ	1305	;# 
   863     051A                     SMT2STAT        equ	1306	;# 
   864     051B                     SMT2CLK         equ	1307	;# 
   865     051C                     SMT2SIG         equ	1308	;# 
   866     051D                     SMT2WIN         equ	1309	;# 
   867     058C                     NCO1ACC         equ	1420	;# 
   868     058C                     NCO1ACCL        equ	1420	;# 
   869     058D                     NCO1ACCH        equ	1421	;# 
   870     058E                     NCO1ACCU        equ	1422	;# 
   871     058F                     NCO1INC         equ	1423	;# 
   872     058F                     NCO1INCL        equ	1423	;# 
   873     0590                     NCO1INCH        equ	1424	;# 
   874     0591                     NCO1INCU        equ	1425	;# 
   875     0592                     NCO1CON         equ	1426	;# 
   876     0593                     NCO1CLK         equ	1427	;# 
   877     060C                     CWG1CLKCON      equ	1548	;# 
   878     060D                     CWG1ISM         equ	1549	;# 
   879     060E                     CWG1DBR         equ	1550	;# 
   880     060F                     CWG1DBF         equ	1551	;# 
   881     0610                     CWG1CON0        equ	1552	;# 
   882     0611                     CWG1CON1        equ	1553	;# 
   883     0612                     CWG1AS0         equ	1554	;# 
   884     0613                     CWG1AS1         equ	1555	;# 
   885     0614                     CWG1STR         equ	1556	;# 
   886     0616                     CWG2CLKCON      equ	1558	;# 
   887     0617                     CWG2ISM         equ	1559	;# 
   888     0618                     CWG2DBR         equ	1560	;# 
   889     0619                     CWG2DBF         equ	1561	;# 
   890     061A                     CWG2CON0        equ	1562	;# 
   891     061B                     CWG2CON1        equ	1563	;# 
   892     061C                     CWG2AS0         equ	1564	;# 
   893     061D                     CWG2AS1         equ	1565	;# 
   894     061E                     CWG2STR         equ	1566	;# 
   895     068C                     CWG3CLKCON      equ	1676	;# 
   896     068D                     CWG3ISM         equ	1677	;# 
   897     068E                     CWG3DBR         equ	1678	;# 
   898     068F                     CWG3DBF         equ	1679	;# 
   899     0690                     CWG3CON0        equ	1680	;# 
   900     0691                     CWG3CON1        equ	1681	;# 
   901     0692                     CWG3AS0         equ	1682	;# 
   902     0693                     CWG3AS1         equ	1683	;# 
   903     0694                     CWG3STR         equ	1684	;# 
   904     070C                     PIR0            equ	1804	;# 
   905     070D                     PIR1            equ	1805	;# 
   906     070E                     PIR2            equ	1806	;# 
   907     070F                     PIR3            equ	1807	;# 
   908     0710                     PIR4            equ	1808	;# 
   909     0711                     PIR5            equ	1809	;# 
   910     0712                     PIR6            equ	1810	;# 
   911     0713                     PIR7            equ	1811	;# 
   912     0714                     PIR8            equ	1812	;# 
   913     0716                     PIE0            equ	1814	;# 
   914     0717                     PIE1            equ	1815	;# 
   915     0718                     PIE2            equ	1816	;# 
   916     0719                     PIE3            equ	1817	;# 
   917     071A                     PIE4            equ	1818	;# 
   918     071B                     PIE5            equ	1819	;# 
   919     071C                     PIE6            equ	1820	;# 
   920     071D                     PIE7            equ	1821	;# 
   921     071E                     PIE8            equ	1822	;# 
   922     0796                     PMD0            equ	1942	;# 
   923     0797                     PMD1            equ	1943	;# 
   924     0798                     PMD2            equ	1944	;# 
   925     0799                     PMD3            equ	1945	;# 
   926     079A                     PMD4            equ	1946	;# 
   927     079B                     PMD5            equ	1947	;# 
   928     080C                     WDTCON0         equ	2060	;# 
   929     080D                     WDTCON1         equ	2061	;# 
   930     080E                     WDTPSL          equ	2062	;# 
   931     080F                     WDTPSH          equ	2063	;# 
   932     0810                     WDTTMR          equ	2064	;# 
   933     0811                     BORCON          equ	2065	;# 
   934     0812                     VREGCON         equ	2066	;# 
   935     0813                     PCON0           equ	2067	;# 
   936     0814                     CCDCON          equ	2068	;# 
   937     081A                     NVMADRL         equ	2074	;# 
   938     081B                     NVMADRH         equ	2075	;# 
   939     081C                     NVMDATL         equ	2076	;# 
   940     081D                     NVMDATH         equ	2077	;# 
   941     081E                     NVMCON1         equ	2078	;# 
   942     081F                     NVMCON2         equ	2079	;# 
   943     088C                     CPUDOZE         equ	2188	;# 
   944     088D                     OSCCON1         equ	2189	;# 
   945     088E                     OSCCON2         equ	2190	;# 
   946     088F                     OSCCON3         equ	2191	;# 
   947     0890                     OSCSTAT         equ	2192	;# 
   948     0891                     OSCEN           equ	2193	;# 
   949     0892                     OSCTUNE         equ	2194	;# 
   950     0893                     OSCFRQ          equ	2195	;# 
   951     0895                     CLKRCON         equ	2197	;# 
   952     0896                     CLKRCLK         equ	2198	;# 
   953     0897                     MDCON0          equ	2199	;# 
   954     0898                     MDCON1          equ	2200	;# 
   955     0899                     MDSRC           equ	2201	;# 
   956     089A                     MDCARL          equ	2202	;# 
   957     089B                     MDCARH          equ	2203	;# 
   958     090C                     FVRCON          equ	2316	;# 
   959     090E                     DAC1CON0        equ	2318	;# 
   960     090F                     DAC1CON1        equ	2319	;# 
   961     091F                     ZCD1CON         equ	2335	;# 
   962     091F                     ZCDCON          equ	2335	;# 
   963     098F                     CMOUT           equ	2447	;# 
   964     098F                     CMSTAT          equ	2447	;# 
   965     0990                     CM1CON0         equ	2448	;# 
   966     0991                     CM1CON1         equ	2449	;# 
   967     0992                     CM1NSEL         equ	2450	;# 
   968     0993                     CM1PSEL         equ	2451	;# 
   969     0994                     CM2CON0         equ	2452	;# 
   970     0995                     CM2CON1         equ	2453	;# 
   971     0996                     CM2NSEL         equ	2454	;# 
   972     0997                     CM2PSEL         equ	2455	;# 
   973     0E0F                     CLCDATA         equ	3599	;# 
   974     0E10                     CLC1CON         equ	3600	;# 
   975     0E11                     CLC1POL         equ	3601	;# 
   976     0E12                     CLC1SEL0        equ	3602	;# 
   977     0E13                     CLC1SEL1        equ	3603	;# 
   978     0E14                     CLC1SEL2        equ	3604	;# 
   979     0E15                     CLC1SEL3        equ	3605	;# 
   980     0E16                     CLC1GLS0        equ	3606	;# 
   981     0E17                     CLC1GLS1        equ	3607	;# 
   982     0E18                     CLC1GLS2        equ	3608	;# 
   983     0E19                     CLC1GLS3        equ	3609	;# 
   984     0E1A                     CLC2CON         equ	3610	;# 
   985     0E1B                     CLC2POL         equ	3611	;# 
   986     0E1C                     CLC2SEL0        equ	3612	;# 
   987     0E1D                     CLC2SEL1        equ	3613	;# 
   988     0E1E                     CLC2SEL2        equ	3614	;# 
   989     0E1F                     CLC2SEL3        equ	3615	;# 
   990     0E20                     CLC2GLS0        equ	3616	;# 
   991     0E21                     CLC2GLS1        equ	3617	;# 
   992     0E22                     CLC2GLS2        equ	3618	;# 
   993     0E23                     CLC2GLS3        equ	3619	;# 
   994     0E24                     CLC3CON         equ	3620	;# 
   995     0E25                     CLC3POL         equ	3621	;# 
   996     0E26                     CLC3SEL0        equ	3622	;# 
   997     0E27                     CLC3SEL1        equ	3623	;# 
   998     0E28                     CLC3SEL2        equ	3624	;# 
   999     0E29                     CLC3SEL3        equ	3625	;# 
  1000     0E2A                     CLC3GLS0        equ	3626	;# 
  1001     0E2B                     CLC3GLS1        equ	3627	;# 
  1002     0E2C                     CLC3GLS2        equ	3628	;# 
  1003     0E2D                     CLC3GLS3        equ	3629	;# 
  1004     0E2E                     CLC4CON         equ	3630	;# 
  1005     0E2F                     CLC4POL         equ	3631	;# 
  1006     0E30                     CLC4SEL0        equ	3632	;# 
  1007     0E31                     CLC4SEL1        equ	3633	;# 
  1008     0E32                     CLC4SEL2        equ	3634	;# 
  1009     0E33                     CLC4SEL3        equ	3635	;# 
  1010     0E34                     CLC4GLS0        equ	3636	;# 
  1011     0E35                     CLC4GLS1        equ	3637	;# 
  1012     0E36                     CLC4GLS2        equ	3638	;# 
  1013     0E37                     CLC4GLS3        equ	3639	;# 
  1014     0E8F                     PPSLOCK         equ	3727	;# 
  1015     0E90                     INTPPS          equ	3728	;# 
  1016     0E91                     T0CKIPPS        equ	3729	;# 
  1017     0E92                     T1CKIPPS        equ	3730	;# 
  1018     0E93                     T1GPPS          equ	3731	;# 
  1019     0E94                     T3CKIPPS        equ	3732	;# 
  1020     0E95                     T3GPPS          equ	3733	;# 
  1021     0E96                     T5CKIPPS        equ	3734	;# 
  1022     0E97                     T5GPPS          equ	3735	;# 
  1023     0E9C                     T2AINPPS        equ	3740	;# 
  1024     0E9D                     T4AINPPS        equ	3741	;# 
  1025     0E9E                     T6AINPPS        equ	3742	;# 
  1026     0EA1                     CCP1PPS         equ	3745	;# 
  1027     0EA2                     CCP2PPS         equ	3746	;# 
  1028     0EA3                     CCP3PPS         equ	3747	;# 
  1029     0EA4                     CCP4PPS         equ	3748	;# 
  1030     0EA5                     CCP5PPS         equ	3749	;# 
  1031     0EA9                     SMT1WINPPS      equ	3753	;# 
  1032     0EAA                     SMT1SIGPPS      equ	3754	;# 
  1033     0EAB                     SMT2WINPPS      equ	3755	;# 
  1034     0EAC                     SMT2SIGPPS      equ	3756	;# 
  1035     0EB1                     CWG1PPS         equ	3761	;# 
  1036     0EB2                     CWG2PPS         equ	3762	;# 
  1037     0EB3                     CWG3PPS         equ	3763	;# 
  1038     0EB8                     MDCARLPPS       equ	3768	;# 
  1039     0EB9                     MDCARHPPS       equ	3769	;# 
  1040     0EBA                     MDSRCPPS        equ	3770	;# 
  1041     0EBB                     CLCIN0PPS       equ	3771	;# 
  1042     0EBC                     CLCIN1PPS       equ	3772	;# 
  1043     0EBD                     CLCIN2PPS       equ	3773	;# 
  1044     0EBE                     CLCIN3PPS       equ	3774	;# 
  1045     0EC3                     ADCACTPPS       equ	3779	;# 
  1046     0EC5                     SSP1CLKPPS      equ	3781	;# 
  1047     0EC6                     SSP1DATPPS      equ	3782	;# 
  1048     0EC7                     SSP1SSPPS       equ	3783	;# 
  1049     0EC8                     SSP2CLKPPS      equ	3784	;# 
  1050     0EC9                     SSP2DATPPS      equ	3785	;# 
  1051     0ECA                     SSP2SSPPS       equ	3786	;# 
  1052     0ECB                     RXPPS           equ	3787	;# 
  1053     0ECC                     TXPPS           equ	3788	;# 
  1054     0F10                     RA0PPS          equ	3856	;# 
  1055     0F11                     RA1PPS          equ	3857	;# 
  1056     0F12                     RA2PPS          equ	3858	;# 
  1057     0F13                     RA3PPS          equ	3859	;# 
  1058     0F14                     RA4PPS          equ	3860	;# 
  1059     0F15                     RA5PPS          equ	3861	;# 
  1060     0F16                     RA6PPS          equ	3862	;# 
  1061     0F17                     RA7PPS          equ	3863	;# 
  1062     0F18                     RB0PPS          equ	3864	;# 
  1063     0F19                     RB1PPS          equ	3865	;# 
  1064     0F1A                     RB2PPS          equ	3866	;# 
  1065     0F1B                     RB3PPS          equ	3867	;# 
  1066     0F1C                     RB4PPS          equ	3868	;# 
  1067     0F1D                     RB5PPS          equ	3869	;# 
  1068     0F1E                     RB6PPS          equ	3870	;# 
  1069     0F1F                     RB7PPS          equ	3871	;# 
  1070     0F20                     RC0PPS          equ	3872	;# 
  1071     0F21                     RC1PPS          equ	3873	;# 
  1072     0F22                     RC2PPS          equ	3874	;# 
  1073     0F23                     RC3PPS          equ	3875	;# 
  1074     0F24                     RC4PPS          equ	3876	;# 
  1075     0F25                     RC5PPS          equ	3877	;# 
  1076     0F26                     RC6PPS          equ	3878	;# 
  1077     0F27                     RC7PPS          equ	3879	;# 
  1078     0F38                     ANSELA          equ	3896	;# 
  1079     0F39                     WPUA            equ	3897	;# 
  1080     0F3A                     ODCONA          equ	3898	;# 
  1081     0F3B                     SLRCONA         equ	3899	;# 
  1082     0F3C                     INLVLA          equ	3900	;# 
  1083     0F3D                     IOCAP           equ	3901	;# 
  1084     0F3E                     IOCAN           equ	3902	;# 
  1085     0F3F                     IOCAF           equ	3903	;# 
  1086     0F40                     CCDNA           equ	3904	;# 
  1087     0F41                     CCDPA           equ	3905	;# 
  1088     0F43                     ANSELB          equ	3907	;# 
  1089     0F44                     WPUB            equ	3908	;# 
  1090     0F45                     ODCONB          equ	3909	;# 
  1091     0F46                     SLRCONB         equ	3910	;# 
  1092     0F47                     INLVLB          equ	3911	;# 
  1093     0F48                     IOCBP           equ	3912	;# 
  1094     0F49                     IOCBN           equ	3913	;# 
  1095     0F4A                     IOCBF           equ	3914	;# 
  1096     0F4B                     CCDNB           equ	3915	;# 
  1097     0F4C                     CCDPB           equ	3916	;# 
  1098     0F4E                     ANSELC          equ	3918	;# 
  1099     0F4F                     WPUC            equ	3919	;# 
  1100     0F50                     ODCONC          equ	3920	;# 
  1101     0F51                     SLRCONC         equ	3921	;# 
  1102     0F52                     INLVLC          equ	3922	;# 
  1103     0F53                     IOCCP           equ	3923	;# 
  1104     0F54                     IOCCN           equ	3924	;# 
  1105     0F55                     IOCCF           equ	3925	;# 
  1106     0F56                     CCDNC           equ	3926	;# 
  1107     0F57                     CCDPC           equ	3927	;# 
  1108     0F65                     WPUE            equ	3941	;# 
  1109     0F68                     INLVLE          equ	3944	;# 
  1110     0F69                     IOCEP           equ	3945	;# 
  1111     0F6A                     IOCEN           equ	3946	;# 
  1112     0F6B                     IOCEF           equ	3947	;# 
  1113     0FE4                     STATUS_SHAD     equ	4068	;# 
  1114     0FE5                     WREG_SHAD       equ	4069	;# 
  1115     0FE6                     BSR_SHAD        equ	4070	;# 
  1116     0FE7                     PCLATH_SHAD     equ	4071	;# 
  1117     0FE8                     FSR0L_SHAD      equ	4072	;# 
  1118     0FE9                     FSR0H_SHAD      equ	4073	;# 
  1119     0FEA                     FSR1L_SHAD      equ	4074	;# 
  1120     0FEB                     FSR1H_SHAD      equ	4075	;# 
  1121     0FED                     STKPTR          equ	4077	;# 
  1122     0FEE                     TOSL            equ	4078	;# 
  1123     0FEF                     TOSH            equ	4079	;# 
  1124     0000                     INDF0           equ	0	;# 
  1125     0001                     INDF1           equ	1	;# 
  1126     0002                     PCL             equ	2	;# 
  1127     0003                     STATUS          equ	3	;# 
  1128     0004                     FSR0L           equ	4	;# 
  1129     0005                     FSR0H           equ	5	;# 
  1130     0006                     FSR1L           equ	6	;# 
  1131     0007                     FSR1H           equ	7	;# 
  1132     0008                     BSR             equ	8	;# 
  1133     0009                     WREG            equ	9	;# 
  1134     000A                     PCLATH          equ	10	;# 
  1135     000B                     INTCON          equ	11	;# 
  1136     000C                     PORTA           equ	12	;# 
  1137     000D                     PORTB           equ	13	;# 
  1138     000E                     PORTC           equ	14	;# 
  1139     0010                     PORTE           equ	16	;# 
  1140     0011                     TRISA           equ	17	;# 
  1141     0012                     TRISB           equ	18	;# 
  1142     0013                     TRISC           equ	19	;# 
  1143     0016                     LATA            equ	22	;# 
  1144     0017                     LATB            equ	23	;# 
  1145     0018                     LATC            equ	24	;# 
  1146     001C                     TMR0L           equ	28	;# 
  1147     001C                     TMR0            equ	28	;# 
  1148     001D                     TMR0H           equ	29	;# 
  1149     001D                     PR0             equ	29	;# 
  1150     001E                     T0CON0          equ	30	;# 
  1151     001F                     T0CON1          equ	31	;# 
  1152     008C                     ADRES           equ	140	;# 
  1153     008C                     ADRESL          equ	140	;# 
  1154     008D                     ADRESH          equ	141	;# 
  1155     008E                     ADPREV          equ	142	;# 
  1156     008E                     ADPREVL         equ	142	;# 
  1157     008F                     ADPREVH         equ	143	;# 
  1158     0090                     ADACC           equ	144	;# 
  1159     0090                     ADACCL          equ	144	;# 
  1160     0091                     ADACCH          equ	145	;# 
  1161     0093                     ADCON0          equ	147	;# 
  1162     0094                     ADCON1          equ	148	;# 
  1163     0095                     ADCON2          equ	149	;# 
  1164     0096                     ADCON3          equ	150	;# 
  1165     0097                     ADSTAT          equ	151	;# 
  1166     0098                     ADCLK           equ	152	;# 
  1167     0099                     ADACT           equ	153	;# 
  1168     009A                     ADREF           equ	154	;# 
  1169     009B                     ADCAP           equ	155	;# 
  1170     009C                     ADPRE           equ	156	;# 
  1171     009D                     ADACQ           equ	157	;# 
  1172     009E                     ADPCH           equ	158	;# 
  1173     010C                     ADCNT           equ	268	;# 
  1174     010D                     ADRPT           equ	269	;# 
  1175     010E                     ADLTH           equ	270	;# 
  1176     010E                     ADLTHL          equ	270	;# 
  1177     010F                     ADLTHH          equ	271	;# 
  1178     0110                     ADUTH           equ	272	;# 
  1179     0110                     ADUTHL          equ	272	;# 
  1180     0111                     ADUTHH          equ	273	;# 
  1181     0112                     ADSTPT          equ	274	;# 
  1182     0112                     ADSTPTL         equ	274	;# 
  1183     0113                     ADSTPTH         equ	275	;# 
  1184     0114                     ADFLTR          equ	276	;# 
  1185     0114                     ADFLTRL         equ	276	;# 
  1186     0115                     ADFLTRH         equ	277	;# 
  1187     0116                     ADERR           equ	278	;# 
  1188     0116                     ADERRL          equ	278	;# 
  1189     0117                     ADERRH          equ	279	;# 
  1190     0119                     RC1REG          equ	281	;# 
  1191     0119                     RCREG           equ	281	;# 
  1192     0119                     RCREG1          equ	281	;# 
  1193     011A                     TX1REG          equ	282	;# 
  1194     011A                     TXREG1          equ	282	;# 
  1195     011A                     TXREG           equ	282	;# 
  1196     011B                     SP1BRG          equ	283	;# 
  1197     011B                     SP1BRGL         equ	283	;# 
  1198     011B                     SPBRG           equ	283	;# 
  1199     011B                     SPBRG1          equ	283	;# 
  1200     011B                     SPBRGL          equ	283	;# 
  1201     011C                     SP1BRGH         equ	284	;# 
  1202     011C                     SPBRGH          equ	284	;# 
  1203     011C                     SPBRGH1         equ	284	;# 
  1204     011D                     RC1STA          equ	285	;# 
  1205     011D                     RCSTA1          equ	285	;# 
  1206     011D                     RCSTA           equ	285	;# 
  1207     011E                     TX1STA          equ	286	;# 
  1208     011E                     TXSTA1          equ	286	;# 
  1209     011E                     TXSTA           equ	286	;# 
  1210     011F                     BAUD1CON        equ	287	;# 
  1211     011F                     BAUDCON1        equ	287	;# 
  1212     011F                     BAUDCTL1        equ	287	;# 
  1213     011F                     BAUDCON         equ	287	;# 
  1214     011F                     BAUDCTL         equ	287	;# 
  1215     018C                     SSP1BUF         equ	396	;# 
  1216     018D                     SSP1ADD         equ	397	;# 
  1217     018E                     SSP1MSK         equ	398	;# 
  1218     018F                     SSP1STAT        equ	399	;# 
  1219     0190                     SSP1CON1        equ	400	;# 
  1220     0191                     SSP1CON2        equ	401	;# 
  1221     0192                     SSP1CON3        equ	402	;# 
  1222     0196                     SSP2BUF         equ	406	;# 
  1223     0197                     SSP2ADD         equ	407	;# 
  1224     0198                     SSP2MSK         equ	408	;# 
  1225     0199                     SSP2STAT        equ	409	;# 
  1226     019A                     SSP2CON1        equ	410	;# 
  1227     019B                     SSP2CON2        equ	411	;# 
  1228     019C                     SSP2CON3        equ	412	;# 
  1229     020C                     TMR1            equ	524	;# 
  1230     020C                     TMR1L           equ	524	;# 
  1231     020D                     TMR1H           equ	525	;# 
  1232     020E                     T1CON           equ	526	;# 
  1233     020F                     T1GCON          equ	527	;# 
  1234     020F                     PR1             equ	527	;# 
  1235     0210                     T1GATE          equ	528	;# 
  1236     0210                     TMR1GATE        equ	528	;# 
  1237     0211                     T1CLK           equ	529	;# 
  1238     0211                     TMR1CLK         equ	529	;# 
  1239     0212                     TMR3            equ	530	;# 
  1240     0212                     TMR3L           equ	530	;# 
  1241     0213                     TMR3H           equ	531	;# 
  1242     0214                     T3CON           equ	532	;# 
  1243     0215                     T3GCON          equ	533	;# 
  1244     0215                     PR3             equ	533	;# 
  1245     0216                     T3GATE          equ	534	;# 
  1246     0216                     TMR3GATE        equ	534	;# 
  1247     0217                     T3CLK           equ	535	;# 
  1248     0217                     TMR3CLK         equ	535	;# 
  1249     0218                     TMR5            equ	536	;# 
  1250     0218                     TMR5L           equ	536	;# 
  1251     0219                     TMR5H           equ	537	;# 
  1252     021A                     T5CON           equ	538	;# 
  1253     021B                     T5GCON          equ	539	;# 
  1254     021B                     PR5             equ	539	;# 
  1255     021C                     T5GATE          equ	540	;# 
  1256     021C                     TMR5GATE        equ	540	;# 
  1257     021D                     T5CLK           equ	541	;# 
  1258     021D                     TMR5CLK         equ	541	;# 
  1259     021E                     CCPTMRS0        equ	542	;# 
  1260     021F                     CCPTMRS1        equ	543	;# 
  1261     028C                     T2TMR           equ	652	;# 
  1262     028C                     TMR2            equ	652	;# 
  1263     028D                     T2PR            equ	653	;# 
  1264     028D                     PR2             equ	653	;# 
  1265     028E                     T2CON           equ	654	;# 
  1266     028F                     T2HLT           equ	655	;# 
  1267     0290                     T2CLKCON        equ	656	;# 
  1268     0290                     T2CLK           equ	656	;# 
  1269     0291                     T2RST           equ	657	;# 
  1270     0292                     T4TMR           equ	658	;# 
  1271     0292                     TMR4            equ	658	;# 
  1272     0293                     T4PR            equ	659	;# 
  1273     0293                     PR4             equ	659	;# 
  1274     0294                     T4CON           equ	660	;# 
  1275     0295                     T4HLT           equ	661	;# 
  1276     0296                     T4CLKCON        equ	662	;# 
  1277     0296                     T4CLK           equ	662	;# 
  1278     0297                     T4RST           equ	663	;# 
  1279     0298                     T6TMR           equ	664	;# 
  1280     0298                     TMR6            equ	664	;# 
  1281     0299                     T6PR            equ	665	;# 
  1282     0299                     PR6             equ	665	;# 
  1283     029A                     T6CON           equ	666	;# 
  1284     029B                     T6HLT           equ	667	;# 
  1285     029C                     T6CLKCON        equ	668	;# 
  1286     029C                     T6CLK           equ	668	;# 
  1287     029D                     T6RST           equ	669	;# 
  1288     030C                     CCPR1           equ	780	;# 
  1289     030C                     CCPR1L          equ	780	;# 
  1290     030D                     CCPR1H          equ	781	;# 
  1291     030E                     CCP1CON         equ	782	;# 
  1292     030F                     CCP1CAP         equ	783	;# 
  1293     0310                     CCPR2           equ	784	;# 
  1294     0310                     CCPR2L          equ	784	;# 
  1295     0311                     CCPR2H          equ	785	;# 
  1296     0312                     CCP2CON         equ	786	;# 
  1297     0313                     CCP2CAP         equ	787	;# 
  1298     0314                     CCPR3           equ	788	;# 
  1299     0314                     CCPR3L          equ	788	;# 
  1300     0315                     CCPR3H          equ	789	;# 
  1301     0316                     CCP3CON         equ	790	;# 
  1302     0317                     CCP3CAP         equ	791	;# 
  1303     0318                     CCPR4           equ	792	;# 
  1304     0318                     CCPR4L          equ	792	;# 
  1305     0319                     CCPR4H          equ	793	;# 
  1306     031A                     CCP4CON         equ	794	;# 
  1307     031B                     CCP4CAP         equ	795	;# 
  1308     031C                     CCPR5           equ	796	;# 
  1309     031C                     CCPR5L          equ	796	;# 
  1310     031D                     CCPR5H          equ	797	;# 
  1311     031E                     CCP5CON         equ	798	;# 
  1312     031F                     CCP5CAP         equ	799	;# 
  1313     038C                     PWM6DC          equ	908	;# 
  1314     038C                     PWM6DCL         equ	908	;# 
  1315     038D                     PWM6DCH         equ	909	;# 
  1316     038E                     PWM6CON         equ	910	;# 
  1317     0390                     PWM7DC          equ	912	;# 
  1318     0390                     PWM7DCL         equ	912	;# 
  1319     0391                     PWM7DCH         equ	913	;# 
  1320     0392                     PWM7CON         equ	914	;# 
  1321     040C                     SCANLADRL       equ	1036	;# 
  1322     040D                     SCANLADRH       equ	1037	;# 
  1323     040E                     SCANHADRL       equ	1038	;# 
  1324     040F                     SCANHADRH       equ	1039	;# 
  1325     0410                     SCANCON0        equ	1040	;# 
  1326     0411                     SCANTRIG        equ	1041	;# 
  1327     0416                     CRCDATA         equ	1046	;# 
  1328     0416                     CRCDATL         equ	1046	;# 
  1329     0417                     CRCDATH         equ	1047	;# 
  1330     0418                     CRCACC          equ	1048	;# 
  1331     0418                     CRCACCL         equ	1048	;# 
  1332     0419                     CRCACCH         equ	1049	;# 
  1333     041A                     CRCSHFT         equ	1050	;# 
  1334     041A                     CRCSHIFTL       equ	1050	;# 
  1335     041B                     CRCSHIFTH       equ	1051	;# 
  1336     041C                     CRCXOR          equ	1052	;# 
  1337     041C                     CRCXORL         equ	1052	;# 
  1338     041D                     CRCXORH         equ	1053	;# 
  1339     041E                     CRCCON0         equ	1054	;# 
  1340     041F                     CRCCON1         equ	1055	;# 
  1341     048C                     SMT1TMR         equ	1164	;# 
  1342     048C                     SMT1TMRL        equ	1164	;# 
  1343     048D                     SMT1TMRH        equ	1165	;# 
  1344     048E                     SMT1TMRU        equ	1166	;# 
  1345     048F                     SMT1CPR         equ	1167	;# 
  1346     048F                     SMT1CPRL        equ	1167	;# 
  1347     0490                     SMT1CPRH        equ	1168	;# 
  1348     0491                     SMT1CPRU        equ	1169	;# 
  1349     0492                     SMT1CPW         equ	1170	;# 
  1350     0492                     SMT1CPWL        equ	1170	;# 
  1351     0493                     SMT1CPWH        equ	1171	;# 
  1352     0494                     SMT1CPWU        equ	1172	;# 
  1353     0495                     SMT1PR          equ	1173	;# 
  1354     0495                     SMT1PRL         equ	1173	;# 
  1355     0496                     SMT1PRH         equ	1174	;# 
  1356     0497                     SMT1PRU         equ	1175	;# 
  1357     0498                     SMT1CON0        equ	1176	;# 
  1358     0499                     SMT1CON1        equ	1177	;# 
  1359     049A                     SMT1STAT        equ	1178	;# 
  1360     049B                     SMT1CLK         equ	1179	;# 
  1361     049C                     SMT1SIG         equ	1180	;# 
  1362     049D                     SMT1WIN         equ	1181	;# 
  1363     050C                     SMT2TMR         equ	1292	;# 
  1364     050C                     SMT2TMRL        equ	1292	;# 
  1365     050D                     SMT2TMRH        equ	1293	;# 
  1366     050E                     SMT2TMRU        equ	1294	;# 
  1367     050F                     SMT2CPR         equ	1295	;# 
  1368     050F                     SMT2CPRL        equ	1295	;# 
  1369     0510                     SMT2CPRH        equ	1296	;# 
  1370     0511                     SMT2CPRU        equ	1297	;# 
  1371     0512                     SMT2CPW         equ	1298	;# 
  1372     0512                     SMT2CPWL        equ	1298	;# 
  1373     0513                     SMT2CPWH        equ	1299	;# 
  1374     0514                     SMT2CPWU        equ	1300	;# 
  1375     0515                     SMT2PR          equ	1301	;# 
  1376     0515                     SMT2PRL         equ	1301	;# 
  1377     0516                     SMT2PRH         equ	1302	;# 
  1378     0517                     SMT2PRU         equ	1303	;# 
  1379     0518                     SMT2CON0        equ	1304	;# 
  1380     0519                     SMT2CON1        equ	1305	;# 
  1381     051A                     SMT2STAT        equ	1306	;# 
  1382     051B                     SMT2CLK         equ	1307	;# 
  1383     051C                     SMT2SIG         equ	1308	;# 
  1384     051D                     SMT2WIN         equ	1309	;# 
  1385     058C                     NCO1ACC         equ	1420	;# 
  1386     058C                     NCO1ACCL        equ	1420	;# 
  1387     058D                     NCO1ACCH        equ	1421	;# 
  1388     058E                     NCO1ACCU        equ	1422	;# 
  1389     058F                     NCO1INC         equ	1423	;# 
  1390     058F                     NCO1INCL        equ	1423	;# 
  1391     0590                     NCO1INCH        equ	1424	;# 
  1392     0591                     NCO1INCU        equ	1425	;# 
  1393     0592                     NCO1CON         equ	1426	;# 
  1394     0593                     NCO1CLK         equ	1427	;# 
  1395     060C                     CWG1CLKCON      equ	1548	;# 
  1396     060D                     CWG1ISM         equ	1549	;# 
  1397     060E                     CWG1DBR         equ	1550	;# 
  1398     060F                     CWG1DBF         equ	1551	;# 
  1399     0610                     CWG1CON0        equ	1552	;# 
  1400     0611                     CWG1CON1        equ	1553	;# 
  1401     0612                     CWG1AS0         equ	1554	;# 
  1402     0613                     CWG1AS1         equ	1555	;# 
  1403     0614                     CWG1STR         equ	1556	;# 
  1404     0616                     CWG2CLKCON      equ	1558	;# 
  1405     0617                     CWG2ISM         equ	1559	;# 
  1406     0618                     CWG2DBR         equ	1560	;# 
  1407     0619                     CWG2DBF         equ	1561	;# 
  1408     061A                     CWG2CON0        equ	1562	;# 
  1409     061B                     CWG2CON1        equ	1563	;# 
  1410     061C                     CWG2AS0         equ	1564	;# 
  1411     061D                     CWG2AS1         equ	1565	;# 
  1412     061E                     CWG2STR         equ	1566	;# 
  1413     068C                     CWG3CLKCON      equ	1676	;# 
  1414     068D                     CWG3ISM         equ	1677	;# 
  1415     068E                     CWG3DBR         equ	1678	;# 
  1416     068F                     CWG3DBF         equ	1679	;# 
  1417     0690                     CWG3CON0        equ	1680	;# 
  1418     0691                     CWG3CON1        equ	1681	;# 
  1419     0692                     CWG3AS0         equ	1682	;# 
  1420     0693                     CWG3AS1         equ	1683	;# 
  1421     0694                     CWG3STR         equ	1684	;# 
  1422     070C                     PIR0            equ	1804	;# 
  1423     070D                     PIR1            equ	1805	;# 
  1424     070E                     PIR2            equ	1806	;# 
  1425     070F                     PIR3            equ	1807	;# 
  1426     0710                     PIR4            equ	1808	;# 
  1427     0711                     PIR5            equ	1809	;# 
  1428     0712                     PIR6            equ	1810	;# 
  1429     0713                     PIR7            equ	1811	;# 
  1430     0714                     PIR8            equ	1812	;# 
  1431     0716                     PIE0            equ	1814	;# 
  1432     0717                     PIE1            equ	1815	;# 
  1433     0718                     PIE2            equ	1816	;# 
  1434     0719                     PIE3            equ	1817	;# 
  1435     071A                     PIE4            equ	1818	;# 
  1436     071B                     PIE5            equ	1819	;# 
  1437     071C                     PIE6            equ	1820	;# 
  1438     071D                     PIE7            equ	1821	;# 
  1439     071E                     PIE8            equ	1822	;# 
  1440     0796                     PMD0            equ	1942	;# 
  1441     0797                     PMD1            equ	1943	;# 
  1442     0798                     PMD2            equ	1944	;# 
  1443     0799                     PMD3            equ	1945	;# 
  1444     079A                     PMD4            equ	1946	;# 
  1445     079B                     PMD5            equ	1947	;# 
  1446     080C                     WDTCON0         equ	2060	;# 
  1447     080D                     WDTCON1         equ	2061	;# 
  1448     080E                     WDTPSL          equ	2062	;# 
  1449     080F                     WDTPSH          equ	2063	;# 
  1450     0810                     WDTTMR          equ	2064	;# 
  1451     0811                     BORCON          equ	2065	;# 
  1452     0812                     VREGCON         equ	2066	;# 
  1453     0813                     PCON0           equ	2067	;# 
  1454     0814                     CCDCON          equ	2068	;# 
  1455     081A                     NVMADRL         equ	2074	;# 
  1456     081B                     NVMADRH         equ	2075	;# 
  1457     081C                     NVMDATL         equ	2076	;# 
  1458     081D                     NVMDATH         equ	2077	;# 
  1459     081E                     NVMCON1         equ	2078	;# 
  1460     081F                     NVMCON2         equ	2079	;# 
  1461     088C                     CPUDOZE         equ	2188	;# 
  1462     088D                     OSCCON1         equ	2189	;# 
  1463     088E                     OSCCON2         equ	2190	;# 
  1464     088F                     OSCCON3         equ	2191	;# 
  1465     0890                     OSCSTAT         equ	2192	;# 
  1466     0891                     OSCEN           equ	2193	;# 
  1467     0892                     OSCTUNE         equ	2194	;# 
  1468     0893                     OSCFRQ          equ	2195	;# 
  1469     0895                     CLKRCON         equ	2197	;# 
  1470     0896                     CLKRCLK         equ	2198	;# 
  1471     0897                     MDCON0          equ	2199	;# 
  1472     0898                     MDCON1          equ	2200	;# 
  1473     0899                     MDSRC           equ	2201	;# 
  1474     089A                     MDCARL          equ	2202	;# 
  1475     089B                     MDCARH          equ	2203	;# 
  1476     090C                     FVRCON          equ	2316	;# 
  1477     090E                     DAC1CON0        equ	2318	;# 
  1478     090F                     DAC1CON1        equ	2319	;# 
  1479     091F                     ZCD1CON         equ	2335	;# 
  1480     091F                     ZCDCON          equ	2335	;# 
  1481     098F                     CMOUT           equ	2447	;# 
  1482     098F                     CMSTAT          equ	2447	;# 
  1483     0990                     CM1CON0         equ	2448	;# 
  1484     0991                     CM1CON1         equ	2449	;# 
  1485     0992                     CM1NSEL         equ	2450	;# 
  1486     0993                     CM1PSEL         equ	2451	;# 
  1487     0994                     CM2CON0         equ	2452	;# 
  1488     0995                     CM2CON1         equ	2453	;# 
  1489     0996                     CM2NSEL         equ	2454	;# 
  1490     0997                     CM2PSEL         equ	2455	;# 
  1491     0E0F                     CLCDATA         equ	3599	;# 
  1492     0E10                     CLC1CON         equ	3600	;# 
  1493     0E11                     CLC1POL         equ	3601	;# 
  1494     0E12                     CLC1SEL0        equ	3602	;# 
  1495     0E13                     CLC1SEL1        equ	3603	;# 
  1496     0E14                     CLC1SEL2        equ	3604	;# 
  1497     0E15                     CLC1SEL3        equ	3605	;# 
  1498     0E16                     CLC1GLS0        equ	3606	;# 
  1499     0E17                     CLC1GLS1        equ	3607	;# 
  1500     0E18                     CLC1GLS2        equ	3608	;# 
  1501     0E19                     CLC1GLS3        equ	3609	;# 
  1502     0E1A                     CLC2CON         equ	3610	;# 
  1503     0E1B                     CLC2POL         equ	3611	;# 
  1504     0E1C                     CLC2SEL0        equ	3612	;# 
  1505     0E1D                     CLC2SEL1        equ	3613	;# 
  1506     0E1E                     CLC2SEL2        equ	3614	;# 
  1507     0E1F                     CLC2SEL3        equ	3615	;# 
  1508     0E20                     CLC2GLS0        equ	3616	;# 
  1509     0E21                     CLC2GLS1        equ	3617	;# 
  1510     0E22                     CLC2GLS2        equ	3618	;# 
  1511     0E23                     CLC2GLS3        equ	3619	;# 
  1512     0E24                     CLC3CON         equ	3620	;# 
  1513     0E25                     CLC3POL         equ	3621	;# 
  1514     0E26                     CLC3SEL0        equ	3622	;# 
  1515     0E27                     CLC3SEL1        equ	3623	;# 
  1516     0E28                     CLC3SEL2        equ	3624	;# 
  1517     0E29                     CLC3SEL3        equ	3625	;# 
  1518     0E2A                     CLC3GLS0        equ	3626	;# 
  1519     0E2B                     CLC3GLS1        equ	3627	;# 
  1520     0E2C                     CLC3GLS2        equ	3628	;# 
  1521     0E2D                     CLC3GLS3        equ	3629	;# 
  1522     0E2E                     CLC4CON         equ	3630	;# 
  1523     0E2F                     CLC4POL         equ	3631	;# 
  1524     0E30                     CLC4SEL0        equ	3632	;# 
  1525     0E31                     CLC4SEL1        equ	3633	;# 
  1526     0E32                     CLC4SEL2        equ	3634	;# 
  1527     0E33                     CLC4SEL3        equ	3635	;# 
  1528     0E34                     CLC4GLS0        equ	3636	;# 
  1529     0E35                     CLC4GLS1        equ	3637	;# 
  1530     0E36                     CLC4GLS2        equ	3638	;# 
  1531     0E37                     CLC4GLS3        equ	3639	;# 
  1532     0E8F                     PPSLOCK         equ	3727	;# 
  1533     0E90                     INTPPS          equ	3728	;# 
  1534     0E91                     T0CKIPPS        equ	3729	;# 
  1535     0E92                     T1CKIPPS        equ	3730	;# 
  1536     0E93                     T1GPPS          equ	3731	;# 
  1537     0E94                     T3CKIPPS        equ	3732	;# 
  1538     0E95                     T3GPPS          equ	3733	;# 
  1539     0E96                     T5CKIPPS        equ	3734	;# 
  1540     0E97                     T5GPPS          equ	3735	;# 
  1541     0E9C                     T2AINPPS        equ	3740	;# 
  1542     0E9D                     T4AINPPS        equ	3741	;# 
  1543     0E9E                     T6AINPPS        equ	3742	;# 
  1544     0EA1                     CCP1PPS         equ	3745	;# 
  1545     0EA2                     CCP2PPS         equ	3746	;# 
  1546     0EA3                     CCP3PPS         equ	3747	;# 
  1547     0EA4                     CCP4PPS         equ	3748	;# 
  1548     0EA5                     CCP5PPS         equ	3749	;# 
  1549     0EA9                     SMT1WINPPS      equ	3753	;# 
  1550     0EAA                     SMT1SIGPPS      equ	3754	;# 
  1551     0EAB                     SMT2WINPPS      equ	3755	;# 
  1552     0EAC                     SMT2SIGPPS      equ	3756	;# 
  1553     0EB1                     CWG1PPS         equ	3761	;# 
  1554     0EB2                     CWG2PPS         equ	3762	;# 
  1555     0EB3                     CWG3PPS         equ	3763	;# 
  1556     0EB8                     MDCARLPPS       equ	3768	;# 
  1557     0EB9                     MDCARHPPS       equ	3769	;# 
  1558     0EBA                     MDSRCPPS        equ	3770	;# 
  1559     0EBB                     CLCIN0PPS       equ	3771	;# 
  1560     0EBC                     CLCIN1PPS       equ	3772	;# 
  1561     0EBD                     CLCIN2PPS       equ	3773	;# 
  1562     0EBE                     CLCIN3PPS       equ	3774	;# 
  1563     0EC3                     ADCACTPPS       equ	3779	;# 
  1564     0EC5                     SSP1CLKPPS      equ	3781	;# 
  1565     0EC6                     SSP1DATPPS      equ	3782	;# 
  1566     0EC7                     SSP1SSPPS       equ	3783	;# 
  1567     0EC8                     SSP2CLKPPS      equ	3784	;# 
  1568     0EC9                     SSP2DATPPS      equ	3785	;# 
  1569     0ECA                     SSP2SSPPS       equ	3786	;# 
  1570     0ECB                     RXPPS           equ	3787	;# 
  1571     0ECC                     TXPPS           equ	3788	;# 
  1572     0F10                     RA0PPS          equ	3856	;# 
  1573     0F11                     RA1PPS          equ	3857	;# 
  1574     0F12                     RA2PPS          equ	3858	;# 
  1575     0F13                     RA3PPS          equ	3859	;# 
  1576     0F14                     RA4PPS          equ	3860	;# 
  1577     0F15                     RA5PPS          equ	3861	;# 
  1578     0F16                     RA6PPS          equ	3862	;# 
  1579     0F17                     RA7PPS          equ	3863	;# 
  1580     0F18                     RB0PPS          equ	3864	;# 
  1581     0F19                     RB1PPS          equ	3865	;# 
  1582     0F1A                     RB2PPS          equ	3866	;# 
  1583     0F1B                     RB3PPS          equ	3867	;# 
  1584     0F1C                     RB4PPS          equ	3868	;# 
  1585     0F1D                     RB5PPS          equ	3869	;# 
  1586     0F1E                     RB6PPS          equ	3870	;# 
  1587     0F1F                     RB7PPS          equ	3871	;# 
  1588     0F20                     RC0PPS          equ	3872	;# 
  1589     0F21                     RC1PPS          equ	3873	;# 
  1590     0F22                     RC2PPS          equ	3874	;# 
  1591     0F23                     RC3PPS          equ	3875	;# 
  1592     0F24                     RC4PPS          equ	3876	;# 
  1593     0F25                     RC5PPS          equ	3877	;# 
  1594     0F26                     RC6PPS          equ	3878	;# 
  1595     0F27                     RC7PPS          equ	3879	;# 
  1596     0F38                     ANSELA          equ	3896	;# 
  1597     0F39                     WPUA            equ	3897	;# 
  1598     0F3A                     ODCONA          equ	3898	;# 
  1599     0F3B                     SLRCONA         equ	3899	;# 
  1600     0F3C                     INLVLA          equ	3900	;# 
  1601     0F3D                     IOCAP           equ	3901	;# 
  1602     0F3E                     IOCAN           equ	3902	;# 
  1603     0F3F                     IOCAF           equ	3903	;# 
  1604     0F40                     CCDNA           equ	3904	;# 
  1605     0F41                     CCDPA           equ	3905	;# 
  1606     0F43                     ANSELB          equ	3907	;# 
  1607     0F44                     WPUB            equ	3908	;# 
  1608     0F45                     ODCONB          equ	3909	;# 
  1609     0F46                     SLRCONB         equ	3910	;# 
  1610     0F47                     INLVLB          equ	3911	;# 
  1611     0F48                     IOCBP           equ	3912	;# 
  1612     0F49                     IOCBN           equ	3913	;# 
  1613     0F4A                     IOCBF           equ	3914	;# 
  1614     0F4B                     CCDNB           equ	3915	;# 
  1615     0F4C                     CCDPB           equ	3916	;# 
  1616     0F4E                     ANSELC          equ	3918	;# 
  1617     0F4F                     WPUC            equ	3919	;# 
  1618     0F50                     ODCONC          equ	3920	;# 
  1619     0F51                     SLRCONC         equ	3921	;# 
  1620     0F52                     INLVLC          equ	3922	;# 
  1621     0F53                     IOCCP           equ	3923	;# 
  1622     0F54                     IOCCN           equ	3924	;# 
  1623     0F55                     IOCCF           equ	3925	;# 
  1624     0F56                     CCDNC           equ	3926	;# 
  1625     0F57                     CCDPC           equ	3927	;# 
  1626     0F65                     WPUE            equ	3941	;# 
  1627     0F68                     INLVLE          equ	3944	;# 
  1628     0F69                     IOCEP           equ	3945	;# 
  1629     0F6A                     IOCEN           equ	3946	;# 
  1630     0F6B                     IOCEF           equ	3947	;# 
  1631     0FE4                     STATUS_SHAD     equ	4068	;# 
  1632     0FE5                     WREG_SHAD       equ	4069	;# 
  1633     0FE6                     BSR_SHAD        equ	4070	;# 
  1634     0FE7                     PCLATH_SHAD     equ	4071	;# 
  1635     0FE8                     FSR0L_SHAD      equ	4072	;# 
  1636     0FE9                     FSR0H_SHAD      equ	4073	;# 
  1637     0FEA                     FSR1L_SHAD      equ	4074	;# 
  1638     0FEB                     FSR1H_SHAD      equ	4075	;# 
  1639     0FED                     STKPTR          equ	4077	;# 
  1640     0FEE                     TOSL            equ	4078	;# 
  1641     0FEF                     TOSH            equ	4079	;# 
  1642     0000                     INDF0           equ	0	;# 
  1643     0001                     INDF1           equ	1	;# 
  1644     0002                     PCL             equ	2	;# 
  1645     0003                     STATUS          equ	3	;# 
  1646     0004                     FSR0L           equ	4	;# 
  1647     0005                     FSR0H           equ	5	;# 
  1648     0006                     FSR1L           equ	6	;# 
  1649     0007                     FSR1H           equ	7	;# 
  1650     0008                     BSR             equ	8	;# 
  1651     0009                     WREG            equ	9	;# 
  1652     000A                     PCLATH          equ	10	;# 
  1653     000B                     INTCON          equ	11	;# 
  1654     000C                     PORTA           equ	12	;# 
  1655     000D                     PORTB           equ	13	;# 
  1656     000E                     PORTC           equ	14	;# 
  1657     0010                     PORTE           equ	16	;# 
  1658     0011                     TRISA           equ	17	;# 
  1659     0012                     TRISB           equ	18	;# 
  1660     0013                     TRISC           equ	19	;# 
  1661     0016                     LATA            equ	22	;# 
  1662     0017                     LATB            equ	23	;# 
  1663     0018                     LATC            equ	24	;# 
  1664     001C                     TMR0L           equ	28	;# 
  1665     001C                     TMR0            equ	28	;# 
  1666     001D                     TMR0H           equ	29	;# 
  1667     001D                     PR0             equ	29	;# 
  1668     001E                     T0CON0          equ	30	;# 
  1669     001F                     T0CON1          equ	31	;# 
  1670     008C                     ADRES           equ	140	;# 
  1671     008C                     ADRESL          equ	140	;# 
  1672     008D                     ADRESH          equ	141	;# 
  1673     008E                     ADPREV          equ	142	;# 
  1674     008E                     ADPREVL         equ	142	;# 
  1675     008F                     ADPREVH         equ	143	;# 
  1676     0090                     ADACC           equ	144	;# 
  1677     0090                     ADACCL          equ	144	;# 
  1678     0091                     ADACCH          equ	145	;# 
  1679     0093                     ADCON0          equ	147	;# 
  1680     0094                     ADCON1          equ	148	;# 
  1681     0095                     ADCON2          equ	149	;# 
  1682     0096                     ADCON3          equ	150	;# 
  1683     0097                     ADSTAT          equ	151	;# 
  1684     0098                     ADCLK           equ	152	;# 
  1685     0099                     ADACT           equ	153	;# 
  1686     009A                     ADREF           equ	154	;# 
  1687     009B                     ADCAP           equ	155	;# 
  1688     009C                     ADPRE           equ	156	;# 
  1689     009D                     ADACQ           equ	157	;# 
  1690     009E                     ADPCH           equ	158	;# 
  1691     010C                     ADCNT           equ	268	;# 
  1692     010D                     ADRPT           equ	269	;# 
  1693     010E                     ADLTH           equ	270	;# 
  1694     010E                     ADLTHL          equ	270	;# 
  1695     010F                     ADLTHH          equ	271	;# 
  1696     0110                     ADUTH           equ	272	;# 
  1697     0110                     ADUTHL          equ	272	;# 
  1698     0111                     ADUTHH          equ	273	;# 
  1699     0112                     ADSTPT          equ	274	;# 
  1700     0112                     ADSTPTL         equ	274	;# 
  1701     0113                     ADSTPTH         equ	275	;# 
  1702     0114                     ADFLTR          equ	276	;# 
  1703     0114                     ADFLTRL         equ	276	;# 
  1704     0115                     ADFLTRH         equ	277	;# 
  1705     0116                     ADERR           equ	278	;# 
  1706     0116                     ADERRL          equ	278	;# 
  1707     0117                     ADERRH          equ	279	;# 
  1708     0119                     RC1REG          equ	281	;# 
  1709     0119                     RCREG           equ	281	;# 
  1710     0119                     RCREG1          equ	281	;# 
  1711     011A                     TX1REG          equ	282	;# 
  1712     011A                     TXREG1          equ	282	;# 
  1713     011A                     TXREG           equ	282	;# 
  1714     011B                     SP1BRG          equ	283	;# 
  1715     011B                     SP1BRGL         equ	283	;# 
  1716     011B                     SPBRG           equ	283	;# 
  1717     011B                     SPBRG1          equ	283	;# 
  1718     011B                     SPBRGL          equ	283	;# 
  1719     011C                     SP1BRGH         equ	284	;# 
  1720     011C                     SPBRGH          equ	284	;# 
  1721     011C                     SPBRGH1         equ	284	;# 
  1722     011D                     RC1STA          equ	285	;# 
  1723     011D                     RCSTA1          equ	285	;# 
  1724     011D                     RCSTA           equ	285	;# 
  1725     011E                     TX1STA          equ	286	;# 
  1726     011E                     TXSTA1          equ	286	;# 
  1727     011E                     TXSTA           equ	286	;# 
  1728     011F                     BAUD1CON        equ	287	;# 
  1729     011F                     BAUDCON1        equ	287	;# 
  1730     011F                     BAUDCTL1        equ	287	;# 
  1731     011F                     BAUDCON         equ	287	;# 
  1732     011F                     BAUDCTL         equ	287	;# 
  1733     018C                     SSP1BUF         equ	396	;# 
  1734     018D                     SSP1ADD         equ	397	;# 
  1735     018E                     SSP1MSK         equ	398	;# 
  1736     018F                     SSP1STAT        equ	399	;# 
  1737     0190                     SSP1CON1        equ	400	;# 
  1738     0191                     SSP1CON2        equ	401	;# 
  1739     0192                     SSP1CON3        equ	402	;# 
  1740     0196                     SSP2BUF         equ	406	;# 
  1741     0197                     SSP2ADD         equ	407	;# 
  1742     0198                     SSP2MSK         equ	408	;# 
  1743     0199                     SSP2STAT        equ	409	;# 
  1744     019A                     SSP2CON1        equ	410	;# 
  1745     019B                     SSP2CON2        equ	411	;# 
  1746     019C                     SSP2CON3        equ	412	;# 
  1747     020C                     TMR1            equ	524	;# 
  1748     020C                     TMR1L           equ	524	;# 
  1749     020D                     TMR1H           equ	525	;# 
  1750     020E                     T1CON           equ	526	;# 
  1751     020F                     T1GCON          equ	527	;# 
  1752     020F                     PR1             equ	527	;# 
  1753     0210                     T1GATE          equ	528	;# 
  1754     0210                     TMR1GATE        equ	528	;# 
  1755     0211                     T1CLK           equ	529	;# 
  1756     0211                     TMR1CLK         equ	529	;# 
  1757     0212                     TMR3            equ	530	;# 
  1758     0212                     TMR3L           equ	530	;# 
  1759     0213                     TMR3H           equ	531	;# 
  1760     0214                     T3CON           equ	532	;# 
  1761     0215                     T3GCON          equ	533	;# 
  1762     0215                     PR3             equ	533	;# 
  1763     0216                     T3GATE          equ	534	;# 
  1764     0216                     TMR3GATE        equ	534	;# 
  1765     0217                     T3CLK           equ	535	;# 
  1766     0217                     TMR3CLK         equ	535	;# 
  1767     0218                     TMR5            equ	536	;# 
  1768     0218                     TMR5L           equ	536	;# 
  1769     0219                     TMR5H           equ	537	;# 
  1770     021A                     T5CON           equ	538	;# 
  1771     021B                     T5GCON          equ	539	;# 
  1772     021B                     PR5             equ	539	;# 
  1773     021C                     T5GATE          equ	540	;# 
  1774     021C                     TMR5GATE        equ	540	;# 
  1775     021D                     T5CLK           equ	541	;# 
  1776     021D                     TMR5CLK         equ	541	;# 
  1777     021E                     CCPTMRS0        equ	542	;# 
  1778     021F                     CCPTMRS1        equ	543	;# 
  1779     028C                     T2TMR           equ	652	;# 
  1780     028C                     TMR2            equ	652	;# 
  1781     028D                     T2PR            equ	653	;# 
  1782     028D                     PR2             equ	653	;# 
  1783     028E                     T2CON           equ	654	;# 
  1784     028F                     T2HLT           equ	655	;# 
  1785     0290                     T2CLKCON        equ	656	;# 
  1786     0290                     T2CLK           equ	656	;# 
  1787     0291                     T2RST           equ	657	;# 
  1788     0292                     T4TMR           equ	658	;# 
  1789     0292                     TMR4            equ	658	;# 
  1790     0293                     T4PR            equ	659	;# 
  1791     0293                     PR4             equ	659	;# 
  1792     0294                     T4CON           equ	660	;# 
  1793     0295                     T4HLT           equ	661	;# 
  1794     0296                     T4CLKCON        equ	662	;# 
  1795     0296                     T4CLK           equ	662	;# 
  1796     0297                     T4RST           equ	663	;# 
  1797     0298                     T6TMR           equ	664	;# 
  1798     0298                     TMR6            equ	664	;# 
  1799     0299                     T6PR            equ	665	;# 
  1800     0299                     PR6             equ	665	;# 
  1801     029A                     T6CON           equ	666	;# 
  1802     029B                     T6HLT           equ	667	;# 
  1803     029C                     T6CLKCON        equ	668	;# 
  1804     029C                     T6CLK           equ	668	;# 
  1805     029D                     T6RST           equ	669	;# 
  1806     030C                     CCPR1           equ	780	;# 
  1807     030C                     CCPR1L          equ	780	;# 
  1808     030D                     CCPR1H          equ	781	;# 
  1809     030E                     CCP1CON         equ	782	;# 
  1810     030F                     CCP1CAP         equ	783	;# 
  1811     0310                     CCPR2           equ	784	;# 
  1812     0310                     CCPR2L          equ	784	;# 
  1813     0311                     CCPR2H          equ	785	;# 
  1814     0312                     CCP2CON         equ	786	;# 
  1815     0313                     CCP2CAP         equ	787	;# 
  1816     0314                     CCPR3           equ	788	;# 
  1817     0314                     CCPR3L          equ	788	;# 
  1818     0315                     CCPR3H          equ	789	;# 
  1819     0316                     CCP3CON         equ	790	;# 
  1820     0317                     CCP3CAP         equ	791	;# 
  1821     0318                     CCPR4           equ	792	;# 
  1822     0318                     CCPR4L          equ	792	;# 
  1823     0319                     CCPR4H          equ	793	;# 
  1824     031A                     CCP4CON         equ	794	;# 
  1825     031B                     CCP4CAP         equ	795	;# 
  1826     031C                     CCPR5           equ	796	;# 
  1827     031C                     CCPR5L          equ	796	;# 
  1828     031D                     CCPR5H          equ	797	;# 
  1829     031E                     CCP5CON         equ	798	;# 
  1830     031F                     CCP5CAP         equ	799	;# 
  1831     038C                     PWM6DC          equ	908	;# 
  1832     038C                     PWM6DCL         equ	908	;# 
  1833     038D                     PWM6DCH         equ	909	;# 
  1834     038E                     PWM6CON         equ	910	;# 
  1835     0390                     PWM7DC          equ	912	;# 
  1836     0390                     PWM7DCL         equ	912	;# 
  1837     0391                     PWM7DCH         equ	913	;# 
  1838     0392                     PWM7CON         equ	914	;# 
  1839     040C                     SCANLADRL       equ	1036	;# 
  1840     040D                     SCANLADRH       equ	1037	;# 
  1841     040E                     SCANHADRL       equ	1038	;# 
  1842     040F                     SCANHADRH       equ	1039	;# 
  1843     0410                     SCANCON0        equ	1040	;# 
  1844     0411                     SCANTRIG        equ	1041	;# 
  1845     0416                     CRCDATA         equ	1046	;# 
  1846     0416                     CRCDATL         equ	1046	;# 
  1847     0417                     CRCDATH         equ	1047	;# 
  1848     0418                     CRCACC          equ	1048	;# 
  1849     0418                     CRCACCL         equ	1048	;# 
  1850     0419                     CRCACCH         equ	1049	;# 
  1851     041A                     CRCSHFT         equ	1050	;# 
  1852     041A                     CRCSHIFTL       equ	1050	;# 
  1853     041B                     CRCSHIFTH       equ	1051	;# 
  1854     041C                     CRCXOR          equ	1052	;# 
  1855     041C                     CRCXORL         equ	1052	;# 
  1856     041D                     CRCXORH         equ	1053	;# 
  1857     041E                     CRCCON0         equ	1054	;# 
  1858     041F                     CRCCON1         equ	1055	;# 
  1859     048C                     SMT1TMR         equ	1164	;# 
  1860     048C                     SMT1TMRL        equ	1164	;# 
  1861     048D                     SMT1TMRH        equ	1165	;# 
  1862     048E                     SMT1TMRU        equ	1166	;# 
  1863     048F                     SMT1CPR         equ	1167	;# 
  1864     048F                     SMT1CPRL        equ	1167	;# 
  1865     0490                     SMT1CPRH        equ	1168	;# 
  1866     0491                     SMT1CPRU        equ	1169	;# 
  1867     0492                     SMT1CPW         equ	1170	;# 
  1868     0492                     SMT1CPWL        equ	1170	;# 
  1869     0493                     SMT1CPWH        equ	1171	;# 
  1870     0494                     SMT1CPWU        equ	1172	;# 
  1871     0495                     SMT1PR          equ	1173	;# 
  1872     0495                     SMT1PRL         equ	1173	;# 
  1873     0496                     SMT1PRH         equ	1174	;# 
  1874     0497                     SMT1PRU         equ	1175	;# 
  1875     0498                     SMT1CON0        equ	1176	;# 
  1876     0499                     SMT1CON1        equ	1177	;# 
  1877     049A                     SMT1STAT        equ	1178	;# 
  1878     049B                     SMT1CLK         equ	1179	;# 
  1879     049C                     SMT1SIG         equ	1180	;# 
  1880     049D                     SMT1WIN         equ	1181	;# 
  1881     050C                     SMT2TMR         equ	1292	;# 
  1882     050C                     SMT2TMRL        equ	1292	;# 
  1883     050D                     SMT2TMRH        equ	1293	;# 
  1884     050E                     SMT2TMRU        equ	1294	;# 
  1885     050F                     SMT2CPR         equ	1295	;# 
  1886     050F                     SMT2CPRL        equ	1295	;# 
  1887     0510                     SMT2CPRH        equ	1296	;# 
  1888     0511                     SMT2CPRU        equ	1297	;# 
  1889     0512                     SMT2CPW         equ	1298	;# 
  1890     0512                     SMT2CPWL        equ	1298	;# 
  1891     0513                     SMT2CPWH        equ	1299	;# 
  1892     0514                     SMT2CPWU        equ	1300	;# 
  1893     0515                     SMT2PR          equ	1301	;# 
  1894     0515                     SMT2PRL         equ	1301	;# 
  1895     0516                     SMT2PRH         equ	1302	;# 
  1896     0517                     SMT2PRU         equ	1303	;# 
  1897     0518                     SMT2CON0        equ	1304	;# 
  1898     0519                     SMT2CON1        equ	1305	;# 
  1899     051A                     SMT2STAT        equ	1306	;# 
  1900     051B                     SMT2CLK         equ	1307	;# 
  1901     051C                     SMT2SIG         equ	1308	;# 
  1902     051D                     SMT2WIN         equ	1309	;# 
  1903     058C                     NCO1ACC         equ	1420	;# 
  1904     058C                     NCO1ACCL        equ	1420	;# 
  1905     058D                     NCO1ACCH        equ	1421	;# 
  1906     058E                     NCO1ACCU        equ	1422	;# 
  1907     058F                     NCO1INC         equ	1423	;# 
  1908     058F                     NCO1INCL        equ	1423	;# 
  1909     0590                     NCO1INCH        equ	1424	;# 
  1910     0591                     NCO1INCU        equ	1425	;# 
  1911     0592                     NCO1CON         equ	1426	;# 
  1912     0593                     NCO1CLK         equ	1427	;# 
  1913     060C                     CWG1CLKCON      equ	1548	;# 
  1914     060D                     CWG1ISM         equ	1549	;# 
  1915     060E                     CWG1DBR         equ	1550	;# 
  1916     060F                     CWG1DBF         equ	1551	;# 
  1917     0610                     CWG1CON0        equ	1552	;# 
  1918     0611                     CWG1CON1        equ	1553	;# 
  1919     0612                     CWG1AS0         equ	1554	;# 
  1920     0613                     CWG1AS1         equ	1555	;# 
  1921     0614                     CWG1STR         equ	1556	;# 
  1922     0616                     CWG2CLKCON      equ	1558	;# 
  1923     0617                     CWG2ISM         equ	1559	;# 
  1924     0618                     CWG2DBR         equ	1560	;# 
  1925     0619                     CWG2DBF         equ	1561	;# 
  1926     061A                     CWG2CON0        equ	1562	;# 
  1927     061B                     CWG2CON1        equ	1563	;# 
  1928     061C                     CWG2AS0         equ	1564	;# 
  1929     061D                     CWG2AS1         equ	1565	;# 
  1930     061E                     CWG2STR         equ	1566	;# 
  1931     068C                     CWG3CLKCON      equ	1676	;# 
  1932     068D                     CWG3ISM         equ	1677	;# 
  1933     068E                     CWG3DBR         equ	1678	;# 
  1934     068F                     CWG3DBF         equ	1679	;# 
  1935     0690                     CWG3CON0        equ	1680	;# 
  1936     0691                     CWG3CON1        equ	1681	;# 
  1937     0692                     CWG3AS0         equ	1682	;# 
  1938     0693                     CWG3AS1         equ	1683	;# 
  1939     0694                     CWG3STR         equ	1684	;# 
  1940     070C                     PIR0            equ	1804	;# 
  1941     070D                     PIR1            equ	1805	;# 
  1942     070E                     PIR2            equ	1806	;# 
  1943     070F                     PIR3            equ	1807	;# 
  1944     0710                     PIR4            equ	1808	;# 
  1945     0711                     PIR5            equ	1809	;# 
  1946     0712                     PIR6            equ	1810	;# 
  1947     0713                     PIR7            equ	1811	;# 
  1948     0714                     PIR8            equ	1812	;# 
  1949     0716                     PIE0            equ	1814	;# 
  1950     0717                     PIE1            equ	1815	;# 
  1951     0718                     PIE2            equ	1816	;# 
  1952     0719                     PIE3            equ	1817	;# 
  1953     071A                     PIE4            equ	1818	;# 
  1954     071B                     PIE5            equ	1819	;# 
  1955     071C                     PIE6            equ	1820	;# 
  1956     071D                     PIE7            equ	1821	;# 
  1957     071E                     PIE8            equ	1822	;# 
  1958     0796                     PMD0            equ	1942	;# 
  1959     0797                     PMD1            equ	1943	;# 
  1960     0798                     PMD2            equ	1944	;# 
  1961     0799                     PMD3            equ	1945	;# 
  1962     079A                     PMD4            equ	1946	;# 
  1963     079B                     PMD5            equ	1947	;# 
  1964     080C                     WDTCON0         equ	2060	;# 
  1965     080D                     WDTCON1         equ	2061	;# 
  1966     080E                     WDTPSL          equ	2062	;# 
  1967     080F                     WDTPSH          equ	2063	;# 
  1968     0810                     WDTTMR          equ	2064	;# 
  1969     0811                     BORCON          equ	2065	;# 
  1970     0812                     VREGCON         equ	2066	;# 
  1971     0813                     PCON0           equ	2067	;# 
  1972     0814                     CCDCON          equ	2068	;# 
  1973     081A                     NVMADRL         equ	2074	;# 
  1974     081B                     NVMADRH         equ	2075	;# 
  1975     081C                     NVMDATL         equ	2076	;# 
  1976     081D                     NVMDATH         equ	2077	;# 
  1977     081E                     NVMCON1         equ	2078	;# 
  1978     081F                     NVMCON2         equ	2079	;# 
  1979     088C                     CPUDOZE         equ	2188	;# 
  1980     088D                     OSCCON1         equ	2189	;# 
  1981     088E                     OSCCON2         equ	2190	;# 
  1982     088F                     OSCCON3         equ	2191	;# 
  1983     0890                     OSCSTAT         equ	2192	;# 
  1984     0891                     OSCEN           equ	2193	;# 
  1985     0892                     OSCTUNE         equ	2194	;# 
  1986     0893                     OSCFRQ          equ	2195	;# 
  1987     0895                     CLKRCON         equ	2197	;# 
  1988     0896                     CLKRCLK         equ	2198	;# 
  1989     0897                     MDCON0          equ	2199	;# 
  1990     0898                     MDCON1          equ	2200	;# 
  1991     0899                     MDSRC           equ	2201	;# 
  1992     089A                     MDCARL          equ	2202	;# 
  1993     089B                     MDCARH          equ	2203	;# 
  1994     090C                     FVRCON          equ	2316	;# 
  1995     090E                     DAC1CON0        equ	2318	;# 
  1996     090F                     DAC1CON1        equ	2319	;# 
  1997     091F                     ZCD1CON         equ	2335	;# 
  1998     091F                     ZCDCON          equ	2335	;# 
  1999     098F                     CMOUT           equ	2447	;# 
  2000     098F                     CMSTAT          equ	2447	;# 
  2001     0990                     CM1CON0         equ	2448	;# 
  2002     0991                     CM1CON1         equ	2449	;# 
  2003     0992                     CM1NSEL         equ	2450	;# 
  2004     0993                     CM1PSEL         equ	2451	;# 
  2005     0994                     CM2CON0         equ	2452	;# 
  2006     0995                     CM2CON1         equ	2453	;# 
  2007     0996                     CM2NSEL         equ	2454	;# 
  2008     0997                     CM2PSEL         equ	2455	;# 
  2009     0E0F                     CLCDATA         equ	3599	;# 
  2010     0E10                     CLC1CON         equ	3600	;# 
  2011     0E11                     CLC1POL         equ	3601	;# 
  2012     0E12                     CLC1SEL0        equ	3602	;# 
  2013     0E13                     CLC1SEL1        equ	3603	;# 
  2014     0E14                     CLC1SEL2        equ	3604	;# 
  2015     0E15                     CLC1SEL3        equ	3605	;# 
  2016     0E16                     CLC1GLS0        equ	3606	;# 
  2017     0E17                     CLC1GLS1        equ	3607	;# 
  2018     0E18                     CLC1GLS2        equ	3608	;# 
  2019     0E19                     CLC1GLS3        equ	3609	;# 
  2020     0E1A                     CLC2CON         equ	3610	;# 
  2021     0E1B                     CLC2POL         equ	3611	;# 
  2022     0E1C                     CLC2SEL0        equ	3612	;# 
  2023     0E1D                     CLC2SEL1        equ	3613	;# 
  2024     0E1E                     CLC2SEL2        equ	3614	;# 
  2025     0E1F                     CLC2SEL3        equ	3615	;# 
  2026     0E20                     CLC2GLS0        equ	3616	;# 
  2027     0E21                     CLC2GLS1        equ	3617	;# 
  2028     0E22                     CLC2GLS2        equ	3618	;# 
  2029     0E23                     CLC2GLS3        equ	3619	;# 
  2030     0E24                     CLC3CON         equ	3620	;# 
  2031     0E25                     CLC3POL         equ	3621	;# 
  2032     0E26                     CLC3SEL0        equ	3622	;# 
  2033     0E27                     CLC3SEL1        equ	3623	;# 
  2034     0E28                     CLC3SEL2        equ	3624	;# 
  2035     0E29                     CLC3SEL3        equ	3625	;# 
  2036     0E2A                     CLC3GLS0        equ	3626	;# 
  2037     0E2B                     CLC3GLS1        equ	3627	;# 
  2038     0E2C                     CLC3GLS2        equ	3628	;# 
  2039     0E2D                     CLC3GLS3        equ	3629	;# 
  2040     0E2E                     CLC4CON         equ	3630	;# 
  2041     0E2F                     CLC4POL         equ	3631	;# 
  2042     0E30                     CLC4SEL0        equ	3632	;# 
  2043     0E31                     CLC4SEL1        equ	3633	;# 
  2044     0E32                     CLC4SEL2        equ	3634	;# 
  2045     0E33                     CLC4SEL3        equ	3635	;# 
  2046     0E34                     CLC4GLS0        equ	3636	;# 
  2047     0E35                     CLC4GLS1        equ	3637	;# 
  2048     0E36                     CLC4GLS2        equ	3638	;# 
  2049     0E37                     CLC4GLS3        equ	3639	;# 
  2050     0E8F                     PPSLOCK         equ	3727	;# 
  2051     0E90                     INTPPS          equ	3728	;# 
  2052     0E91                     T0CKIPPS        equ	3729	;# 
  2053     0E92                     T1CKIPPS        equ	3730	;# 
  2054     0E93                     T1GPPS          equ	3731	;# 
  2055     0E94                     T3CKIPPS        equ	3732	;# 
  2056     0E95                     T3GPPS          equ	3733	;# 
  2057     0E96                     T5CKIPPS        equ	3734	;# 
  2058     0E97                     T5GPPS          equ	3735	;# 
  2059     0E9C                     T2AINPPS        equ	3740	;# 
  2060     0E9D                     T4AINPPS        equ	3741	;# 
  2061     0E9E                     T6AINPPS        equ	3742	;# 
  2062     0EA1                     CCP1PPS         equ	3745	;# 
  2063     0EA2                     CCP2PPS         equ	3746	;# 
  2064     0EA3                     CCP3PPS         equ	3747	;# 
  2065     0EA4                     CCP4PPS         equ	3748	;# 
  2066     0EA5                     CCP5PPS         equ	3749	;# 
  2067     0EA9                     SMT1WINPPS      equ	3753	;# 
  2068     0EAA                     SMT1SIGPPS      equ	3754	;# 
  2069     0EAB                     SMT2WINPPS      equ	3755	;# 
  2070     0EAC                     SMT2SIGPPS      equ	3756	;# 
  2071     0EB1                     CWG1PPS         equ	3761	;# 
  2072     0EB2                     CWG2PPS         equ	3762	;# 
  2073     0EB3                     CWG3PPS         equ	3763	;# 
  2074     0EB8                     MDCARLPPS       equ	3768	;# 
  2075     0EB9                     MDCARHPPS       equ	3769	;# 
  2076     0EBA                     MDSRCPPS        equ	3770	;# 
  2077     0EBB                     CLCIN0PPS       equ	3771	;# 
  2078     0EBC                     CLCIN1PPS       equ	3772	;# 
  2079     0EBD                     CLCIN2PPS       equ	3773	;# 
  2080     0EBE                     CLCIN3PPS       equ	3774	;# 
  2081     0EC3                     ADCACTPPS       equ	3779	;# 
  2082     0EC5                     SSP1CLKPPS      equ	3781	;# 
  2083     0EC6                     SSP1DATPPS      equ	3782	;# 
  2084     0EC7                     SSP1SSPPS       equ	3783	;# 
  2085     0EC8                     SSP2CLKPPS      equ	3784	;# 
  2086     0EC9                     SSP2DATPPS      equ	3785	;# 
  2087     0ECA                     SSP2SSPPS       equ	3786	;# 
  2088     0ECB                     RXPPS           equ	3787	;# 
  2089     0ECC                     TXPPS           equ	3788	;# 
  2090     0F10                     RA0PPS          equ	3856	;# 
  2091     0F11                     RA1PPS          equ	3857	;# 
  2092     0F12                     RA2PPS          equ	3858	;# 
  2093     0F13                     RA3PPS          equ	3859	;# 
  2094     0F14                     RA4PPS          equ	3860	;# 
  2095     0F15                     RA5PPS          equ	3861	;# 
  2096     0F16                     RA6PPS          equ	3862	;# 
  2097     0F17                     RA7PPS          equ	3863	;# 
  2098     0F18                     RB0PPS          equ	3864	;# 
  2099     0F19                     RB1PPS          equ	3865	;# 
  2100     0F1A                     RB2PPS          equ	3866	;# 
  2101     0F1B                     RB3PPS          equ	3867	;# 
  2102     0F1C                     RB4PPS          equ	3868	;# 
  2103     0F1D                     RB5PPS          equ	3869	;# 
  2104     0F1E                     RB6PPS          equ	3870	;# 
  2105     0F1F                     RB7PPS          equ	3871	;# 
  2106     0F20                     RC0PPS          equ	3872	;# 
  2107     0F21                     RC1PPS          equ	3873	;# 
  2108     0F22                     RC2PPS          equ	3874	;# 
  2109     0F23                     RC3PPS          equ	3875	;# 
  2110     0F24                     RC4PPS          equ	3876	;# 
  2111     0F25                     RC5PPS          equ	3877	;# 
  2112     0F26                     RC6PPS          equ	3878	;# 
  2113     0F27                     RC7PPS          equ	3879	;# 
  2114     0F38                     ANSELA          equ	3896	;# 
  2115     0F39                     WPUA            equ	3897	;# 
  2116     0F3A                     ODCONA          equ	3898	;# 
  2117     0F3B                     SLRCONA         equ	3899	;# 
  2118     0F3C                     INLVLA          equ	3900	;# 
  2119     0F3D                     IOCAP           equ	3901	;# 
  2120     0F3E                     IOCAN           equ	3902	;# 
  2121     0F3F                     IOCAF           equ	3903	;# 
  2122     0F40                     CCDNA           equ	3904	;# 
  2123     0F41                     CCDPA           equ	3905	;# 
  2124     0F43                     ANSELB          equ	3907	;# 
  2125     0F44                     WPUB            equ	3908	;# 
  2126     0F45                     ODCONB          equ	3909	;# 
  2127     0F46                     SLRCONB         equ	3910	;# 
  2128     0F47                     INLVLB          equ	3911	;# 
  2129     0F48                     IOCBP           equ	3912	;# 
  2130     0F49                     IOCBN           equ	3913	;# 
  2131     0F4A                     IOCBF           equ	3914	;# 
  2132     0F4B                     CCDNB           equ	3915	;# 
  2133     0F4C                     CCDPB           equ	3916	;# 
  2134     0F4E                     ANSELC          equ	3918	;# 
  2135     0F4F                     WPUC            equ	3919	;# 
  2136     0F50                     ODCONC          equ	3920	;# 
  2137     0F51                     SLRCONC         equ	3921	;# 
  2138     0F52                     INLVLC          equ	3922	;# 
  2139     0F53                     IOCCP           equ	3923	;# 
  2140     0F54                     IOCCN           equ	3924	;# 
  2141     0F55                     IOCCF           equ	3925	;# 
  2142     0F56                     CCDNC           equ	3926	;# 
  2143     0F57                     CCDPC           equ	3927	;# 
  2144     0F65                     WPUE            equ	3941	;# 
  2145     0F68                     INLVLE          equ	3944	;# 
  2146     0F69                     IOCEP           equ	3945	;# 
  2147     0F6A                     IOCEN           equ	3946	;# 
  2148     0F6B                     IOCEF           equ	3947	;# 
  2149     0FE4                     STATUS_SHAD     equ	4068	;# 
  2150     0FE5                     WREG_SHAD       equ	4069	;# 
  2151     0FE6                     BSR_SHAD        equ	4070	;# 
  2152     0FE7                     PCLATH_SHAD     equ	4071	;# 
  2153     0FE8                     FSR0L_SHAD      equ	4072	;# 
  2154     0FE9                     FSR0H_SHAD      equ	4073	;# 
  2155     0FEA                     FSR1L_SHAD      equ	4074	;# 
  2156     0FEB                     FSR1H_SHAD      equ	4075	;# 
  2157     0FED                     STKPTR          equ	4077	;# 
  2158     0FEE                     TOSL            equ	4078	;# 
  2159     0FEF                     TOSH            equ	4079	;# 
  2160     0000                     INDF0           equ	0	;# 
  2161     0001                     INDF1           equ	1	;# 
  2162     0002                     PCL             equ	2	;# 
  2163     0003                     STATUS          equ	3	;# 
  2164     0004                     FSR0L           equ	4	;# 
  2165     0005                     FSR0H           equ	5	;# 
  2166     0006                     FSR1L           equ	6	;# 
  2167     0007                     FSR1H           equ	7	;# 
  2168     0008                     BSR             equ	8	;# 
  2169     0009                     WREG            equ	9	;# 
  2170     000A                     PCLATH          equ	10	;# 
  2171     000B                     INTCON          equ	11	;# 
  2172     000C                     PORTA           equ	12	;# 
  2173     000D                     PORTB           equ	13	;# 
  2174     000E                     PORTC           equ	14	;# 
  2175     0010                     PORTE           equ	16	;# 
  2176     0011                     TRISA           equ	17	;# 
  2177     0012                     TRISB           equ	18	;# 
  2178     0013                     TRISC           equ	19	;# 
  2179     0016                     LATA            equ	22	;# 
  2180     0017                     LATB            equ	23	;# 
  2181     0018                     LATC            equ	24	;# 
  2182     001C                     TMR0L           equ	28	;# 
  2183     001C                     TMR0            equ	28	;# 
  2184     001D                     TMR0H           equ	29	;# 
  2185     001D                     PR0             equ	29	;# 
  2186     001E                     T0CON0          equ	30	;# 
  2187     001F                     T0CON1          equ	31	;# 
  2188     008C                     ADRES           equ	140	;# 
  2189     008C                     ADRESL          equ	140	;# 
  2190     008D                     ADRESH          equ	141	;# 
  2191     008E                     ADPREV          equ	142	;# 
  2192     008E                     ADPREVL         equ	142	;# 
  2193     008F                     ADPREVH         equ	143	;# 
  2194     0090                     ADACC           equ	144	;# 
  2195     0090                     ADACCL          equ	144	;# 
  2196     0091                     ADACCH          equ	145	;# 
  2197     0093                     ADCON0          equ	147	;# 
  2198     0094                     ADCON1          equ	148	;# 
  2199     0095                     ADCON2          equ	149	;# 
  2200     0096                     ADCON3          equ	150	;# 
  2201     0097                     ADSTAT          equ	151	;# 
  2202     0098                     ADCLK           equ	152	;# 
  2203     0099                     ADACT           equ	153	;# 
  2204     009A                     ADREF           equ	154	;# 
  2205     009B                     ADCAP           equ	155	;# 
  2206     009C                     ADPRE           equ	156	;# 
  2207     009D                     ADACQ           equ	157	;# 
  2208     009E                     ADPCH           equ	158	;# 
  2209     010C                     ADCNT           equ	268	;# 
  2210     010D                     ADRPT           equ	269	;# 
  2211     010E                     ADLTH           equ	270	;# 
  2212     010E                     ADLTHL          equ	270	;# 
  2213     010F                     ADLTHH          equ	271	;# 
  2214     0110                     ADUTH           equ	272	;# 
  2215     0110                     ADUTHL          equ	272	;# 
  2216     0111                     ADUTHH          equ	273	;# 
  2217     0112                     ADSTPT          equ	274	;# 
  2218     0112                     ADSTPTL         equ	274	;# 
  2219     0113                     ADSTPTH         equ	275	;# 
  2220     0114                     ADFLTR          equ	276	;# 
  2221     0114                     ADFLTRL         equ	276	;# 
  2222     0115                     ADFLTRH         equ	277	;# 
  2223     0116                     ADERR           equ	278	;# 
  2224     0116                     ADERRL          equ	278	;# 
  2225     0117                     ADERRH          equ	279	;# 
  2226     0119                     RC1REG          equ	281	;# 
  2227     0119                     RCREG           equ	281	;# 
  2228     0119                     RCREG1          equ	281	;# 
  2229     011A                     TX1REG          equ	282	;# 
  2230     011A                     TXREG1          equ	282	;# 
  2231     011A                     TXREG           equ	282	;# 
  2232     011B                     SP1BRG          equ	283	;# 
  2233     011B                     SP1BRGL         equ	283	;# 
  2234     011B                     SPBRG           equ	283	;# 
  2235     011B                     SPBRG1          equ	283	;# 
  2236     011B                     SPBRGL          equ	283	;# 
  2237     011C                     SP1BRGH         equ	284	;# 
  2238     011C                     SPBRGH          equ	284	;# 
  2239     011C                     SPBRGH1         equ	284	;# 
  2240     011D                     RC1STA          equ	285	;# 
  2241     011D                     RCSTA1          equ	285	;# 
  2242     011D                     RCSTA           equ	285	;# 
  2243     011E                     TX1STA          equ	286	;# 
  2244     011E                     TXSTA1          equ	286	;# 
  2245     011E                     TXSTA           equ	286	;# 
  2246     011F                     BAUD1CON        equ	287	;# 
  2247     011F                     BAUDCON1        equ	287	;# 
  2248     011F                     BAUDCTL1        equ	287	;# 
  2249     011F                     BAUDCON         equ	287	;# 
  2250     011F                     BAUDCTL         equ	287	;# 
  2251     018C                     SSP1BUF         equ	396	;# 
  2252     018D                     SSP1ADD         equ	397	;# 
  2253     018E                     SSP1MSK         equ	398	;# 
  2254     018F                     SSP1STAT        equ	399	;# 
  2255     0190                     SSP1CON1        equ	400	;# 
  2256     0191                     SSP1CON2        equ	401	;# 
  2257     0192                     SSP1CON3        equ	402	;# 
  2258     0196                     SSP2BUF         equ	406	;# 
  2259     0197                     SSP2ADD         equ	407	;# 
  2260     0198                     SSP2MSK         equ	408	;# 
  2261     0199                     SSP2STAT        equ	409	;# 
  2262     019A                     SSP2CON1        equ	410	;# 
  2263     019B                     SSP2CON2        equ	411	;# 
  2264     019C                     SSP2CON3        equ	412	;# 
  2265     020C                     TMR1            equ	524	;# 
  2266     020C                     TMR1L           equ	524	;# 
  2267     020D                     TMR1H           equ	525	;# 
  2268     020E                     T1CON           equ	526	;# 
  2269     020F                     T1GCON          equ	527	;# 
  2270     020F                     PR1             equ	527	;# 
  2271     0210                     T1GATE          equ	528	;# 
  2272     0210                     TMR1GATE        equ	528	;# 
  2273     0211                     T1CLK           equ	529	;# 
  2274     0211                     TMR1CLK         equ	529	;# 
  2275     0212                     TMR3            equ	530	;# 
  2276     0212                     TMR3L           equ	530	;# 
  2277     0213                     TMR3H           equ	531	;# 
  2278     0214                     T3CON           equ	532	;# 
  2279     0215                     T3GCON          equ	533	;# 
  2280     0215                     PR3             equ	533	;# 
  2281     0216                     T3GATE          equ	534	;# 
  2282     0216                     TMR3GATE        equ	534	;# 
  2283     0217                     T3CLK           equ	535	;# 
  2284     0217                     TMR3CLK         equ	535	;# 
  2285     0218                     TMR5            equ	536	;# 
  2286     0218                     TMR5L           equ	536	;# 
  2287     0219                     TMR5H           equ	537	;# 
  2288     021A                     T5CON           equ	538	;# 
  2289     021B                     T5GCON          equ	539	;# 
  2290     021B                     PR5             equ	539	;# 
  2291     021C                     T5GATE          equ	540	;# 
  2292     021C                     TMR5GATE        equ	540	;# 
  2293     021D                     T5CLK           equ	541	;# 
  2294     021D                     TMR5CLK         equ	541	;# 
  2295     021E                     CCPTMRS0        equ	542	;# 
  2296     021F                     CCPTMRS1        equ	543	;# 
  2297     028C                     T2TMR           equ	652	;# 
  2298     028C                     TMR2            equ	652	;# 
  2299     028D                     T2PR            equ	653	;# 
  2300     028D                     PR2             equ	653	;# 
  2301     028E                     T2CON           equ	654	;# 
  2302     028F                     T2HLT           equ	655	;# 
  2303     0290                     T2CLKCON        equ	656	;# 
  2304     0290                     T2CLK           equ	656	;# 
  2305     0291                     T2RST           equ	657	;# 
  2306     0292                     T4TMR           equ	658	;# 
  2307     0292                     TMR4            equ	658	;# 
  2308     0293                     T4PR            equ	659	;# 
  2309     0293                     PR4             equ	659	;# 
  2310     0294                     T4CON           equ	660	;# 
  2311     0295                     T4HLT           equ	661	;# 
  2312     0296                     T4CLKCON        equ	662	;# 
  2313     0296                     T4CLK           equ	662	;# 
  2314     0297                     T4RST           equ	663	;# 
  2315     0298                     T6TMR           equ	664	;# 
  2316     0298                     TMR6            equ	664	;# 
  2317     0299                     T6PR            equ	665	;# 
  2318     0299                     PR6             equ	665	;# 
  2319     029A                     T6CON           equ	666	;# 
  2320     029B                     T6HLT           equ	667	;# 
  2321     029C                     T6CLKCON        equ	668	;# 
  2322     029C                     T6CLK           equ	668	;# 
  2323     029D                     T6RST           equ	669	;# 
  2324     030C                     CCPR1           equ	780	;# 
  2325     030C                     CCPR1L          equ	780	;# 
  2326     030D                     CCPR1H          equ	781	;# 
  2327     030E                     CCP1CON         equ	782	;# 
  2328     030F                     CCP1CAP         equ	783	;# 
  2329     0310                     CCPR2           equ	784	;# 
  2330     0310                     CCPR2L          equ	784	;# 
  2331     0311                     CCPR2H          equ	785	;# 
  2332     0312                     CCP2CON         equ	786	;# 
  2333     0313                     CCP2CAP         equ	787	;# 
  2334     0314                     CCPR3           equ	788	;# 
  2335     0314                     CCPR3L          equ	788	;# 
  2336     0315                     CCPR3H          equ	789	;# 
  2337     0316                     CCP3CON         equ	790	;# 
  2338     0317                     CCP3CAP         equ	791	;# 
  2339     0318                     CCPR4           equ	792	;# 
  2340     0318                     CCPR4L          equ	792	;# 
  2341     0319                     CCPR4H          equ	793	;# 
  2342     031A                     CCP4CON         equ	794	;# 
  2343     031B                     CCP4CAP         equ	795	;# 
  2344     031C                     CCPR5           equ	796	;# 
  2345     031C                     CCPR5L          equ	796	;# 
  2346     031D                     CCPR5H          equ	797	;# 
  2347     031E                     CCP5CON         equ	798	;# 
  2348     031F                     CCP5CAP         equ	799	;# 
  2349     038C                     PWM6DC          equ	908	;# 
  2350     038C                     PWM6DCL         equ	908	;# 
  2351     038D                     PWM6DCH         equ	909	;# 
  2352     038E                     PWM6CON         equ	910	;# 
  2353     0390                     PWM7DC          equ	912	;# 
  2354     0390                     PWM7DCL         equ	912	;# 
  2355     0391                     PWM7DCH         equ	913	;# 
  2356     0392                     PWM7CON         equ	914	;# 
  2357     040C                     SCANLADRL       equ	1036	;# 
  2358     040D                     SCANLADRH       equ	1037	;# 
  2359     040E                     SCANHADRL       equ	1038	;# 
  2360     040F                     SCANHADRH       equ	1039	;# 
  2361     0410                     SCANCON0        equ	1040	;# 
  2362     0411                     SCANTRIG        equ	1041	;# 
  2363     0416                     CRCDATA         equ	1046	;# 
  2364     0416                     CRCDATL         equ	1046	;# 
  2365     0417                     CRCDATH         equ	1047	;# 
  2366     0418                     CRCACC          equ	1048	;# 
  2367     0418                     CRCACCL         equ	1048	;# 
  2368     0419                     CRCACCH         equ	1049	;# 
  2369     041A                     CRCSHFT         equ	1050	;# 
  2370     041A                     CRCSHIFTL       equ	1050	;# 
  2371     041B                     CRCSHIFTH       equ	1051	;# 
  2372     041C                     CRCXOR          equ	1052	;# 
  2373     041C                     CRCXORL         equ	1052	;# 
  2374     041D                     CRCXORH         equ	1053	;# 
  2375     041E                     CRCCON0         equ	1054	;# 
  2376     041F                     CRCCON1         equ	1055	;# 
  2377     048C                     SMT1TMR         equ	1164	;# 
  2378     048C                     SMT1TMRL        equ	1164	;# 
  2379     048D                     SMT1TMRH        equ	1165	;# 
  2380     048E                     SMT1TMRU        equ	1166	;# 
  2381     048F                     SMT1CPR         equ	1167	;# 
  2382     048F                     SMT1CPRL        equ	1167	;# 
  2383     0490                     SMT1CPRH        equ	1168	;# 
  2384     0491                     SMT1CPRU        equ	1169	;# 
  2385     0492                     SMT1CPW         equ	1170	;# 
  2386     0492                     SMT1CPWL        equ	1170	;# 
  2387     0493                     SMT1CPWH        equ	1171	;# 
  2388     0494                     SMT1CPWU        equ	1172	;# 
  2389     0495                     SMT1PR          equ	1173	;# 
  2390     0495                     SMT1PRL         equ	1173	;# 
  2391     0496                     SMT1PRH         equ	1174	;# 
  2392     0497                     SMT1PRU         equ	1175	;# 
  2393     0498                     SMT1CON0        equ	1176	;# 
  2394     0499                     SMT1CON1        equ	1177	;# 
  2395     049A                     SMT1STAT        equ	1178	;# 
  2396     049B                     SMT1CLK         equ	1179	;# 
  2397     049C                     SMT1SIG         equ	1180	;# 
  2398     049D                     SMT1WIN         equ	1181	;# 
  2399     050C                     SMT2TMR         equ	1292	;# 
  2400     050C                     SMT2TMRL        equ	1292	;# 
  2401     050D                     SMT2TMRH        equ	1293	;# 
  2402     050E                     SMT2TMRU        equ	1294	;# 
  2403     050F                     SMT2CPR         equ	1295	;# 
  2404     050F                     SMT2CPRL        equ	1295	;# 
  2405     0510                     SMT2CPRH        equ	1296	;# 
  2406     0511                     SMT2CPRU        equ	1297	;# 
  2407     0512                     SMT2CPW         equ	1298	;# 
  2408     0512                     SMT2CPWL        equ	1298	;# 
  2409     0513                     SMT2CPWH        equ	1299	;# 
  2410     0514                     SMT2CPWU        equ	1300	;# 
  2411     0515                     SMT2PR          equ	1301	;# 
  2412     0515                     SMT2PRL         equ	1301	;# 
  2413     0516                     SMT2PRH         equ	1302	;# 
  2414     0517                     SMT2PRU         equ	1303	;# 
  2415     0518                     SMT2CON0        equ	1304	;# 
  2416     0519                     SMT2CON1        equ	1305	;# 
  2417     051A                     SMT2STAT        equ	1306	;# 
  2418     051B                     SMT2CLK         equ	1307	;# 
  2419     051C                     SMT2SIG         equ	1308	;# 
  2420     051D                     SMT2WIN         equ	1309	;# 
  2421     058C                     NCO1ACC         equ	1420	;# 
  2422     058C                     NCO1ACCL        equ	1420	;# 
  2423     058D                     NCO1ACCH        equ	1421	;# 
  2424     058E                     NCO1ACCU        equ	1422	;# 
  2425     058F                     NCO1INC         equ	1423	;# 
  2426     058F                     NCO1INCL        equ	1423	;# 
  2427     0590                     NCO1INCH        equ	1424	;# 
  2428     0591                     NCO1INCU        equ	1425	;# 
  2429     0592                     NCO1CON         equ	1426	;# 
  2430     0593                     NCO1CLK         equ	1427	;# 
  2431     060C                     CWG1CLKCON      equ	1548	;# 
  2432     060D                     CWG1ISM         equ	1549	;# 
  2433     060E                     CWG1DBR         equ	1550	;# 
  2434     060F                     CWG1DBF         equ	1551	;# 
  2435     0610                     CWG1CON0        equ	1552	;# 
  2436     0611                     CWG1CON1        equ	1553	;# 
  2437     0612                     CWG1AS0         equ	1554	;# 
  2438     0613                     CWG1AS1         equ	1555	;# 
  2439     0614                     CWG1STR         equ	1556	;# 
  2440     0616                     CWG2CLKCON      equ	1558	;# 
  2441     0617                     CWG2ISM         equ	1559	;# 
  2442     0618                     CWG2DBR         equ	1560	;# 
  2443     0619                     CWG2DBF         equ	1561	;# 
  2444     061A                     CWG2CON0        equ	1562	;# 
  2445     061B                     CWG2CON1        equ	1563	;# 
  2446     061C                     CWG2AS0         equ	1564	;# 
  2447     061D                     CWG2AS1         equ	1565	;# 
  2448     061E                     CWG2STR         equ	1566	;# 
  2449     068C                     CWG3CLKCON      equ	1676	;# 
  2450     068D                     CWG3ISM         equ	1677	;# 
  2451     068E                     CWG3DBR         equ	1678	;# 
  2452     068F                     CWG3DBF         equ	1679	;# 
  2453     0690                     CWG3CON0        equ	1680	;# 
  2454     0691                     CWG3CON1        equ	1681	;# 
  2455     0692                     CWG3AS0         equ	1682	;# 
  2456     0693                     CWG3AS1         equ	1683	;# 
  2457     0694                     CWG3STR         equ	1684	;# 
  2458     070C                     PIR0            equ	1804	;# 
  2459     070D                     PIR1            equ	1805	;# 
  2460     070E                     PIR2            equ	1806	;# 
  2461     070F                     PIR3            equ	1807	;# 
  2462     0710                     PIR4            equ	1808	;# 
  2463     0711                     PIR5            equ	1809	;# 
  2464     0712                     PIR6            equ	1810	;# 
  2465     0713                     PIR7            equ	1811	;# 
  2466     0714                     PIR8            equ	1812	;# 
  2467     0716                     PIE0            equ	1814	;# 
  2468     0717                     PIE1            equ	1815	;# 
  2469     0718                     PIE2            equ	1816	;# 
  2470     0719                     PIE3            equ	1817	;# 
  2471     071A                     PIE4            equ	1818	;# 
  2472     071B                     PIE5            equ	1819	;# 
  2473     071C                     PIE6            equ	1820	;# 
  2474     071D                     PIE7            equ	1821	;# 
  2475     071E                     PIE8            equ	1822	;# 
  2476     0796                     PMD0            equ	1942	;# 
  2477     0797                     PMD1            equ	1943	;# 
  2478     0798                     PMD2            equ	1944	;# 
  2479     0799                     PMD3            equ	1945	;# 
  2480     079A                     PMD4            equ	1946	;# 
  2481     079B                     PMD5            equ	1947	;# 
  2482     080C                     WDTCON0         equ	2060	;# 
  2483     080D                     WDTCON1         equ	2061	;# 
  2484     080E                     WDTPSL          equ	2062	;# 
  2485     080F                     WDTPSH          equ	2063	;# 
  2486     0810                     WDTTMR          equ	2064	;# 
  2487     0811                     BORCON          equ	2065	;# 
  2488     0812                     VREGCON         equ	2066	;# 
  2489     0813                     PCON0           equ	2067	;# 
  2490     0814                     CCDCON          equ	2068	;# 
  2491     081A                     NVMADRL         equ	2074	;# 
  2492     081B                     NVMADRH         equ	2075	;# 
  2493     081C                     NVMDATL         equ	2076	;# 
  2494     081D                     NVMDATH         equ	2077	;# 
  2495     081E                     NVMCON1         equ	2078	;# 
  2496     081F                     NVMCON2         equ	2079	;# 
  2497     088C                     CPUDOZE         equ	2188	;# 
  2498     088D                     OSCCON1         equ	2189	;# 
  2499     088E                     OSCCON2         equ	2190	;# 
  2500     088F                     OSCCON3         equ	2191	;# 
  2501     0890                     OSCSTAT         equ	2192	;# 
  2502     0891                     OSCEN           equ	2193	;# 
  2503     0892                     OSCTUNE         equ	2194	;# 
  2504     0893                     OSCFRQ          equ	2195	;# 
  2505     0895                     CLKRCON         equ	2197	;# 
  2506     0896                     CLKRCLK         equ	2198	;# 
  2507     0897                     MDCON0          equ	2199	;# 
  2508     0898                     MDCON1          equ	2200	;# 
  2509     0899                     MDSRC           equ	2201	;# 
  2510     089A                     MDCARL          equ	2202	;# 
  2511     089B                     MDCARH          equ	2203	;# 
  2512     090C                     FVRCON          equ	2316	;# 
  2513     090E                     DAC1CON0        equ	2318	;# 
  2514     090F                     DAC1CON1        equ	2319	;# 
  2515     091F                     ZCD1CON         equ	2335	;# 
  2516     091F                     ZCDCON          equ	2335	;# 
  2517     098F                     CMOUT           equ	2447	;# 
  2518     098F                     CMSTAT          equ	2447	;# 
  2519     0990                     CM1CON0         equ	2448	;# 
  2520     0991                     CM1CON1         equ	2449	;# 
  2521     0992                     CM1NSEL         equ	2450	;# 
  2522     0993                     CM1PSEL         equ	2451	;# 
  2523     0994                     CM2CON0         equ	2452	;# 
  2524     0995                     CM2CON1         equ	2453	;# 
  2525     0996                     CM2NSEL         equ	2454	;# 
  2526     0997                     CM2PSEL         equ	2455	;# 
  2527     0E0F                     CLCDATA         equ	3599	;# 
  2528     0E10                     CLC1CON         equ	3600	;# 
  2529     0E11                     CLC1POL         equ	3601	;# 
  2530     0E12                     CLC1SEL0        equ	3602	;# 
  2531     0E13                     CLC1SEL1        equ	3603	;# 
  2532     0E14                     CLC1SEL2        equ	3604	;# 
  2533     0E15                     CLC1SEL3        equ	3605	;# 
  2534     0E16                     CLC1GLS0        equ	3606	;# 
  2535     0E17                     CLC1GLS1        equ	3607	;# 
  2536     0E18                     CLC1GLS2        equ	3608	;# 
  2537     0E19                     CLC1GLS3        equ	3609	;# 
  2538     0E1A                     CLC2CON         equ	3610	;# 
  2539     0E1B                     CLC2POL         equ	3611	;# 
  2540     0E1C                     CLC2SEL0        equ	3612	;# 
  2541     0E1D                     CLC2SEL1        equ	3613	;# 
  2542     0E1E                     CLC2SEL2        equ	3614	;# 
  2543     0E1F                     CLC2SEL3        equ	3615	;# 
  2544     0E20                     CLC2GLS0        equ	3616	;# 
  2545     0E21                     CLC2GLS1        equ	3617	;# 
  2546     0E22                     CLC2GLS2        equ	3618	;# 
  2547     0E23                     CLC2GLS3        equ	3619	;# 
  2548     0E24                     CLC3CON         equ	3620	;# 
  2549     0E25                     CLC3POL         equ	3621	;# 
  2550     0E26                     CLC3SEL0        equ	3622	;# 
  2551     0E27                     CLC3SEL1        equ	3623	;# 
  2552     0E28                     CLC3SEL2        equ	3624	;# 
  2553     0E29                     CLC3SEL3        equ	3625	;# 
  2554     0E2A                     CLC3GLS0        equ	3626	;# 
  2555     0E2B                     CLC3GLS1        equ	3627	;# 
  2556     0E2C                     CLC3GLS2        equ	3628	;# 
  2557     0E2D                     CLC3GLS3        equ	3629	;# 
  2558     0E2E                     CLC4CON         equ	3630	;# 
  2559     0E2F                     CLC4POL         equ	3631	;# 
  2560     0E30                     CLC4SEL0        equ	3632	;# 
  2561     0E31                     CLC4SEL1        equ	3633	;# 
  2562     0E32                     CLC4SEL2        equ	3634	;# 
  2563     0E33                     CLC4SEL3        equ	3635	;# 
  2564     0E34                     CLC4GLS0        equ	3636	;# 
  2565     0E35                     CLC4GLS1        equ	3637	;# 
  2566     0E36                     CLC4GLS2        equ	3638	;# 
  2567     0E37                     CLC4GLS3        equ	3639	;# 
  2568     0E8F                     PPSLOCK         equ	3727	;# 
  2569     0E90                     INTPPS          equ	3728	;# 
  2570     0E91                     T0CKIPPS        equ	3729	;# 
  2571     0E92                     T1CKIPPS        equ	3730	;# 
  2572     0E93                     T1GPPS          equ	3731	;# 
  2573     0E94                     T3CKIPPS        equ	3732	;# 
  2574     0E95                     T3GPPS          equ	3733	;# 
  2575     0E96                     T5CKIPPS        equ	3734	;# 
  2576     0E97                     T5GPPS          equ	3735	;# 
  2577     0E9C                     T2AINPPS        equ	3740	;# 
  2578     0E9D                     T4AINPPS        equ	3741	;# 
  2579     0E9E                     T6AINPPS        equ	3742	;# 
  2580     0EA1                     CCP1PPS         equ	3745	;# 
  2581     0EA2                     CCP2PPS         equ	3746	;# 
  2582     0EA3                     CCP3PPS         equ	3747	;# 
  2583     0EA4                     CCP4PPS         equ	3748	;# 
  2584     0EA5                     CCP5PPS         equ	3749	;# 
  2585     0EA9                     SMT1WINPPS      equ	3753	;# 
  2586     0EAA                     SMT1SIGPPS      equ	3754	;# 
  2587     0EAB                     SMT2WINPPS      equ	3755	;# 
  2588     0EAC                     SMT2SIGPPS      equ	3756	;# 
  2589     0EB1                     CWG1PPS         equ	3761	;# 
  2590     0EB2                     CWG2PPS         equ	3762	;# 
  2591     0EB3                     CWG3PPS         equ	3763	;# 
  2592     0EB8                     MDCARLPPS       equ	3768	;# 
  2593     0EB9                     MDCARHPPS       equ	3769	;# 
  2594     0EBA                     MDSRCPPS        equ	3770	;# 
  2595     0EBB                     CLCIN0PPS       equ	3771	;# 
  2596     0EBC                     CLCIN1PPS       equ	3772	;# 
  2597     0EBD                     CLCIN2PPS       equ	3773	;# 
  2598     0EBE                     CLCIN3PPS       equ	3774	;# 
  2599     0EC3                     ADCACTPPS       equ	3779	;# 
  2600     0EC5                     SSP1CLKPPS      equ	3781	;# 
  2601     0EC6                     SSP1DATPPS      equ	3782	;# 
  2602     0EC7                     SSP1SSPPS       equ	3783	;# 
  2603     0EC8                     SSP2CLKPPS      equ	3784	;# 
  2604     0EC9                     SSP2DATPPS      equ	3785	;# 
  2605     0ECA                     SSP2SSPPS       equ	3786	;# 
  2606     0ECB                     RXPPS           equ	3787	;# 
  2607     0ECC                     TXPPS           equ	3788	;# 
  2608     0F10                     RA0PPS          equ	3856	;# 
  2609     0F11                     RA1PPS          equ	3857	;# 
  2610     0F12                     RA2PPS          equ	3858	;# 
  2611     0F13                     RA3PPS          equ	3859	;# 
  2612     0F14                     RA4PPS          equ	3860	;# 
  2613     0F15                     RA5PPS          equ	3861	;# 
  2614     0F16                     RA6PPS          equ	3862	;# 
  2615     0F17                     RA7PPS          equ	3863	;# 
  2616     0F18                     RB0PPS          equ	3864	;# 
  2617     0F19                     RB1PPS          equ	3865	;# 
  2618     0F1A                     RB2PPS          equ	3866	;# 
  2619     0F1B                     RB3PPS          equ	3867	;# 
  2620     0F1C                     RB4PPS          equ	3868	;# 
  2621     0F1D                     RB5PPS          equ	3869	;# 
  2622     0F1E                     RB6PPS          equ	3870	;# 
  2623     0F1F                     RB7PPS          equ	3871	;# 
  2624     0F20                     RC0PPS          equ	3872	;# 
  2625     0F21                     RC1PPS          equ	3873	;# 
  2626     0F22                     RC2PPS          equ	3874	;# 
  2627     0F23                     RC3PPS          equ	3875	;# 
  2628     0F24                     RC4PPS          equ	3876	;# 
  2629     0F25                     RC5PPS          equ	3877	;# 
  2630     0F26                     RC6PPS          equ	3878	;# 
  2631     0F27                     RC7PPS          equ	3879	;# 
  2632     0F38                     ANSELA          equ	3896	;# 
  2633     0F39                     WPUA            equ	3897	;# 
  2634     0F3A                     ODCONA          equ	3898	;# 
  2635     0F3B                     SLRCONA         equ	3899	;# 
  2636     0F3C                     INLVLA          equ	3900	;# 
  2637     0F3D                     IOCAP           equ	3901	;# 
  2638     0F3E                     IOCAN           equ	3902	;# 
  2639     0F3F                     IOCAF           equ	3903	;# 
  2640     0F40                     CCDNA           equ	3904	;# 
  2641     0F41                     CCDPA           equ	3905	;# 
  2642     0F43                     ANSELB          equ	3907	;# 
  2643     0F44                     WPUB            equ	3908	;# 
  2644     0F45                     ODCONB          equ	3909	;# 
  2645     0F46                     SLRCONB         equ	3910	;# 
  2646     0F47                     INLVLB          equ	3911	;# 
  2647     0F48                     IOCBP           equ	3912	;# 
  2648     0F49                     IOCBN           equ	3913	;# 
  2649     0F4A                     IOCBF           equ	3914	;# 
  2650     0F4B                     CCDNB           equ	3915	;# 
  2651     0F4C                     CCDPB           equ	3916	;# 
  2652     0F4E                     ANSELC          equ	3918	;# 
  2653     0F4F                     WPUC            equ	3919	;# 
  2654     0F50                     ODCONC          equ	3920	;# 
  2655     0F51                     SLRCONC         equ	3921	;# 
  2656     0F52                     INLVLC          equ	3922	;# 
  2657     0F53                     IOCCP           equ	3923	;# 
  2658     0F54                     IOCCN           equ	3924	;# 
  2659     0F55                     IOCCF           equ	3925	;# 
  2660     0F56                     CCDNC           equ	3926	;# 
  2661     0F57                     CCDPC           equ	3927	;# 
  2662     0F65                     WPUE            equ	3941	;# 
  2663     0F68                     INLVLE          equ	3944	;# 
  2664     0F69                     IOCEP           equ	3945	;# 
  2665     0F6A                     IOCEN           equ	3946	;# 
  2666     0F6B                     IOCEF           equ	3947	;# 
  2667     0FE4                     STATUS_SHAD     equ	4068	;# 
  2668     0FE5                     WREG_SHAD       equ	4069	;# 
  2669     0FE6                     BSR_SHAD        equ	4070	;# 
  2670     0FE7                     PCLATH_SHAD     equ	4071	;# 
  2671     0FE8                     FSR0L_SHAD      equ	4072	;# 
  2672     0FE9                     FSR0H_SHAD      equ	4073	;# 
  2673     0FEA                     FSR1L_SHAD      equ	4074	;# 
  2674     0FEB                     FSR1H_SHAD      equ	4075	;# 
  2675     0FED                     STKPTR          equ	4077	;# 
  2676     0FEE                     TOSL            equ	4078	;# 
  2677     0FEF                     TOSH            equ	4079	;# 
  2678     0000                     INDF0           equ	0	;# 
  2679     0001                     INDF1           equ	1	;# 
  2680     0002                     PCL             equ	2	;# 
  2681     0003                     STATUS          equ	3	;# 
  2682     0004                     FSR0L           equ	4	;# 
  2683     0005                     FSR0H           equ	5	;# 
  2684     0006                     FSR1L           equ	6	;# 
  2685     0007                     FSR1H           equ	7	;# 
  2686     0008                     BSR             equ	8	;# 
  2687     0009                     WREG            equ	9	;# 
  2688     000A                     PCLATH          equ	10	;# 
  2689     000B                     INTCON          equ	11	;# 
  2690     000C                     PORTA           equ	12	;# 
  2691     000D                     PORTB           equ	13	;# 
  2692     000E                     PORTC           equ	14	;# 
  2693     0010                     PORTE           equ	16	;# 
  2694     0011                     TRISA           equ	17	;# 
  2695     0012                     TRISB           equ	18	;# 
  2696     0013                     TRISC           equ	19	;# 
  2697     0016                     LATA            equ	22	;# 
  2698     0017                     LATB            equ	23	;# 
  2699     0018                     LATC            equ	24	;# 
  2700     001C                     TMR0L           equ	28	;# 
  2701     001C                     TMR0            equ	28	;# 
  2702     001D                     TMR0H           equ	29	;# 
  2703     001D                     PR0             equ	29	;# 
  2704     001E                     T0CON0          equ	30	;# 
  2705     001F                     T0CON1          equ	31	;# 
  2706     008C                     ADRES           equ	140	;# 
  2707     008C                     ADRESL          equ	140	;# 
  2708     008D                     ADRESH          equ	141	;# 
  2709     008E                     ADPREV          equ	142	;# 
  2710     008E                     ADPREVL         equ	142	;# 
  2711     008F                     ADPREVH         equ	143	;# 
  2712     0090                     ADACC           equ	144	;# 
  2713     0090                     ADACCL          equ	144	;# 
  2714     0091                     ADACCH          equ	145	;# 
  2715     0093                     ADCON0          equ	147	;# 
  2716     0094                     ADCON1          equ	148	;# 
  2717     0095                     ADCON2          equ	149	;# 
  2718     0096                     ADCON3          equ	150	;# 
  2719     0097                     ADSTAT          equ	151	;# 
  2720     0098                     ADCLK           equ	152	;# 
  2721     0099                     ADACT           equ	153	;# 
  2722     009A                     ADREF           equ	154	;# 
  2723     009B                     ADCAP           equ	155	;# 
  2724     009C                     ADPRE           equ	156	;# 
  2725     009D                     ADACQ           equ	157	;# 
  2726     009E                     ADPCH           equ	158	;# 
  2727     010C                     ADCNT           equ	268	;# 
  2728     010D                     ADRPT           equ	269	;# 
  2729     010E                     ADLTH           equ	270	;# 
  2730     010E                     ADLTHL          equ	270	;# 
  2731     010F                     ADLTHH          equ	271	;# 
  2732     0110                     ADUTH           equ	272	;# 
  2733     0110                     ADUTHL          equ	272	;# 
  2734     0111                     ADUTHH          equ	273	;# 
  2735     0112                     ADSTPT          equ	274	;# 
  2736     0112                     ADSTPTL         equ	274	;# 
  2737     0113                     ADSTPTH         equ	275	;# 
  2738     0114                     ADFLTR          equ	276	;# 
  2739     0114                     ADFLTRL         equ	276	;# 
  2740     0115                     ADFLTRH         equ	277	;# 
  2741     0116                     ADERR           equ	278	;# 
  2742     0116                     ADERRL          equ	278	;# 
  2743     0117                     ADERRH          equ	279	;# 
  2744     0119                     RC1REG          equ	281	;# 
  2745     0119                     RCREG           equ	281	;# 
  2746     0119                     RCREG1          equ	281	;# 
  2747     011A                     TX1REG          equ	282	;# 
  2748     011A                     TXREG1          equ	282	;# 
  2749     011A                     TXREG           equ	282	;# 
  2750     011B                     SP1BRG          equ	283	;# 
  2751     011B                     SP1BRGL         equ	283	;# 
  2752     011B                     SPBRG           equ	283	;# 
  2753     011B                     SPBRG1          equ	283	;# 
  2754     011B                     SPBRGL          equ	283	;# 
  2755     011C                     SP1BRGH         equ	284	;# 
  2756     011C                     SPBRGH          equ	284	;# 
  2757     011C                     SPBRGH1         equ	284	;# 
  2758     011D                     RC1STA          equ	285	;# 
  2759     011D                     RCSTA1          equ	285	;# 
  2760     011D                     RCSTA           equ	285	;# 
  2761     011E                     TX1STA          equ	286	;# 
  2762     011E                     TXSTA1          equ	286	;# 
  2763     011E                     TXSTA           equ	286	;# 
  2764     011F                     BAUD1CON        equ	287	;# 
  2765     011F                     BAUDCON1        equ	287	;# 
  2766     011F                     BAUDCTL1        equ	287	;# 
  2767     011F                     BAUDCON         equ	287	;# 
  2768     011F                     BAUDCTL         equ	287	;# 
  2769     018C                     SSP1BUF         equ	396	;# 
  2770     018D                     SSP1ADD         equ	397	;# 
  2771     018E                     SSP1MSK         equ	398	;# 
  2772     018F                     SSP1STAT        equ	399	;# 
  2773     0190                     SSP1CON1        equ	400	;# 
  2774     0191                     SSP1CON2        equ	401	;# 
  2775     0192                     SSP1CON3        equ	402	;# 
  2776     0196                     SSP2BUF         equ	406	;# 
  2777     0197                     SSP2ADD         equ	407	;# 
  2778     0198                     SSP2MSK         equ	408	;# 
  2779     0199                     SSP2STAT        equ	409	;# 
  2780     019A                     SSP2CON1        equ	410	;# 
  2781     019B                     SSP2CON2        equ	411	;# 
  2782     019C                     SSP2CON3        equ	412	;# 
  2783     020C                     TMR1            equ	524	;# 
  2784     020C                     TMR1L           equ	524	;# 
  2785     020D                     TMR1H           equ	525	;# 
  2786     020E                     T1CON           equ	526	;# 
  2787     020F                     T1GCON          equ	527	;# 
  2788     020F                     PR1             equ	527	;# 
  2789     0210                     T1GATE          equ	528	;# 
  2790     0210                     TMR1GATE        equ	528	;# 
  2791     0211                     T1CLK           equ	529	;# 
  2792     0211                     TMR1CLK         equ	529	;# 
  2793     0212                     TMR3            equ	530	;# 
  2794     0212                     TMR3L           equ	530	;# 
  2795     0213                     TMR3H           equ	531	;# 
  2796     0214                     T3CON           equ	532	;# 
  2797     0215                     T3GCON          equ	533	;# 
  2798     0215                     PR3             equ	533	;# 
  2799     0216                     T3GATE          equ	534	;# 
  2800     0216                     TMR3GATE        equ	534	;# 
  2801     0217                     T3CLK           equ	535	;# 
  2802     0217                     TMR3CLK         equ	535	;# 
  2803     0218                     TMR5            equ	536	;# 
  2804     0218                     TMR5L           equ	536	;# 
  2805     0219                     TMR5H           equ	537	;# 
  2806     021A                     T5CON           equ	538	;# 
  2807     021B                     T5GCON          equ	539	;# 
  2808     021B                     PR5             equ	539	;# 
  2809     021C                     T5GATE          equ	540	;# 
  2810     021C                     TMR5GATE        equ	540	;# 
  2811     021D                     T5CLK           equ	541	;# 
  2812     021D                     TMR5CLK         equ	541	;# 
  2813     021E                     CCPTMRS0        equ	542	;# 
  2814     021F                     CCPTMRS1        equ	543	;# 
  2815     028C                     T2TMR           equ	652	;# 
  2816     028C                     TMR2            equ	652	;# 
  2817     028D                     T2PR            equ	653	;# 
  2818     028D                     PR2             equ	653	;# 
  2819     028E                     T2CON           equ	654	;# 
  2820     028F                     T2HLT           equ	655	;# 
  2821     0290                     T2CLKCON        equ	656	;# 
  2822     0290                     T2CLK           equ	656	;# 
  2823     0291                     T2RST           equ	657	;# 
  2824     0292                     T4TMR           equ	658	;# 
  2825     0292                     TMR4            equ	658	;# 
  2826     0293                     T4PR            equ	659	;# 
  2827     0293                     PR4             equ	659	;# 
  2828     0294                     T4CON           equ	660	;# 
  2829     0295                     T4HLT           equ	661	;# 
  2830     0296                     T4CLKCON        equ	662	;# 
  2831     0296                     T4CLK           equ	662	;# 
  2832     0297                     T4RST           equ	663	;# 
  2833     0298                     T6TMR           equ	664	;# 
  2834     0298                     TMR6            equ	664	;# 
  2835     0299                     T6PR            equ	665	;# 
  2836     0299                     PR6             equ	665	;# 
  2837     029A                     T6CON           equ	666	;# 
  2838     029B                     T6HLT           equ	667	;# 
  2839     029C                     T6CLKCON        equ	668	;# 
  2840     029C                     T6CLK           equ	668	;# 
  2841     029D                     T6RST           equ	669	;# 
  2842     030C                     CCPR1           equ	780	;# 
  2843     030C                     CCPR1L          equ	780	;# 
  2844     030D                     CCPR1H          equ	781	;# 
  2845     030E                     CCP1CON         equ	782	;# 
  2846     030F                     CCP1CAP         equ	783	;# 
  2847     0310                     CCPR2           equ	784	;# 
  2848     0310                     CCPR2L          equ	784	;# 
  2849     0311                     CCPR2H          equ	785	;# 
  2850     0312                     CCP2CON         equ	786	;# 
  2851     0313                     CCP2CAP         equ	787	;# 
  2852     0314                     CCPR3           equ	788	;# 
  2853     0314                     CCPR3L          equ	788	;# 
  2854     0315                     CCPR3H          equ	789	;# 
  2855     0316                     CCP3CON         equ	790	;# 
  2856     0317                     CCP3CAP         equ	791	;# 
  2857     0318                     CCPR4           equ	792	;# 
  2858     0318                     CCPR4L          equ	792	;# 
  2859     0319                     CCPR4H          equ	793	;# 
  2860     031A                     CCP4CON         equ	794	;# 
  2861     031B                     CCP4CAP         equ	795	;# 
  2862     031C                     CCPR5           equ	796	;# 
  2863     031C                     CCPR5L          equ	796	;# 
  2864     031D                     CCPR5H          equ	797	;# 
  2865     031E                     CCP5CON         equ	798	;# 
  2866     031F                     CCP5CAP         equ	799	;# 
  2867     038C                     PWM6DC          equ	908	;# 
  2868     038C                     PWM6DCL         equ	908	;# 
  2869     038D                     PWM6DCH         equ	909	;# 
  2870     038E                     PWM6CON         equ	910	;# 
  2871     0390                     PWM7DC          equ	912	;# 
  2872     0390                     PWM7DCL         equ	912	;# 
  2873     0391                     PWM7DCH         equ	913	;# 
  2874     0392                     PWM7CON         equ	914	;# 
  2875     040C                     SCANLADRL       equ	1036	;# 
  2876     040D                     SCANLADRH       equ	1037	;# 
  2877     040E                     SCANHADRL       equ	1038	;# 
  2878     040F                     SCANHADRH       equ	1039	;# 
  2879     0410                     SCANCON0        equ	1040	;# 
  2880     0411                     SCANTRIG        equ	1041	;# 
  2881     0416                     CRCDATA         equ	1046	;# 
  2882     0416                     CRCDATL         equ	1046	;# 
  2883     0417                     CRCDATH         equ	1047	;# 
  2884     0418                     CRCACC          equ	1048	;# 
  2885     0418                     CRCACCL         equ	1048	;# 
  2886     0419                     CRCACCH         equ	1049	;# 
  2887     041A                     CRCSHFT         equ	1050	;# 
  2888     041A                     CRCSHIFTL       equ	1050	;# 
  2889     041B                     CRCSHIFTH       equ	1051	;# 
  2890     041C                     CRCXOR          equ	1052	;# 
  2891     041C                     CRCXORL         equ	1052	;# 
  2892     041D                     CRCXORH         equ	1053	;# 
  2893     041E                     CRCCON0         equ	1054	;# 
  2894     041F                     CRCCON1         equ	1055	;# 
  2895     048C                     SMT1TMR         equ	1164	;# 
  2896     048C                     SMT1TMRL        equ	1164	;# 
  2897     048D                     SMT1TMRH        equ	1165	;# 
  2898     048E                     SMT1TMRU        equ	1166	;# 
  2899     048F                     SMT1CPR         equ	1167	;# 
  2900     048F                     SMT1CPRL        equ	1167	;# 
  2901     0490                     SMT1CPRH        equ	1168	;# 
  2902     0491                     SMT1CPRU        equ	1169	;# 
  2903     0492                     SMT1CPW         equ	1170	;# 
  2904     0492                     SMT1CPWL        equ	1170	;# 
  2905     0493                     SMT1CPWH        equ	1171	;# 
  2906     0494                     SMT1CPWU        equ	1172	;# 
  2907     0495                     SMT1PR          equ	1173	;# 
  2908     0495                     SMT1PRL         equ	1173	;# 
  2909     0496                     SMT1PRH         equ	1174	;# 
  2910     0497                     SMT1PRU         equ	1175	;# 
  2911     0498                     SMT1CON0        equ	1176	;# 
  2912     0499                     SMT1CON1        equ	1177	;# 
  2913     049A                     SMT1STAT        equ	1178	;# 
  2914     049B                     SMT1CLK         equ	1179	;# 
  2915     049C                     SMT1SIG         equ	1180	;# 
  2916     049D                     SMT1WIN         equ	1181	;# 
  2917     050C                     SMT2TMR         equ	1292	;# 
  2918     050C                     SMT2TMRL        equ	1292	;# 
  2919     050D                     SMT2TMRH        equ	1293	;# 
  2920     050E                     SMT2TMRU        equ	1294	;# 
  2921     050F                     SMT2CPR         equ	1295	;# 
  2922     050F                     SMT2CPRL        equ	1295	;# 
  2923     0510                     SMT2CPRH        equ	1296	;# 
  2924     0511                     SMT2CPRU        equ	1297	;# 
  2925     0512                     SMT2CPW         equ	1298	;# 
  2926     0512                     SMT2CPWL        equ	1298	;# 
  2927     0513                     SMT2CPWH        equ	1299	;# 
  2928     0514                     SMT2CPWU        equ	1300	;# 
  2929     0515                     SMT2PR          equ	1301	;# 
  2930     0515                     SMT2PRL         equ	1301	;# 
  2931     0516                     SMT2PRH         equ	1302	;# 
  2932     0517                     SMT2PRU         equ	1303	;# 
  2933     0518                     SMT2CON0        equ	1304	;# 
  2934     0519                     SMT2CON1        equ	1305	;# 
  2935     051A                     SMT2STAT        equ	1306	;# 
  2936     051B                     SMT2CLK         equ	1307	;# 
  2937     051C                     SMT2SIG         equ	1308	;# 
  2938     051D                     SMT2WIN         equ	1309	;# 
  2939     058C                     NCO1ACC         equ	1420	;# 
  2940     058C                     NCO1ACCL        equ	1420	;# 
  2941     058D                     NCO1ACCH        equ	1421	;# 
  2942     058E                     NCO1ACCU        equ	1422	;# 
  2943     058F                     NCO1INC         equ	1423	;# 
  2944     058F                     NCO1INCL        equ	1423	;# 
  2945     0590                     NCO1INCH        equ	1424	;# 
  2946     0591                     NCO1INCU        equ	1425	;# 
  2947     0592                     NCO1CON         equ	1426	;# 
  2948     0593                     NCO1CLK         equ	1427	;# 
  2949     060C                     CWG1CLKCON      equ	1548	;# 
  2950     060D                     CWG1ISM         equ	1549	;# 
  2951     060E                     CWG1DBR         equ	1550	;# 
  2952     060F                     CWG1DBF         equ	1551	;# 
  2953     0610                     CWG1CON0        equ	1552	;# 
  2954     0611                     CWG1CON1        equ	1553	;# 
  2955     0612                     CWG1AS0         equ	1554	;# 
  2956     0613                     CWG1AS1         equ	1555	;# 
  2957     0614                     CWG1STR         equ	1556	;# 
  2958     0616                     CWG2CLKCON      equ	1558	;# 
  2959     0617                     CWG2ISM         equ	1559	;# 
  2960     0618                     CWG2DBR         equ	1560	;# 
  2961     0619                     CWG2DBF         equ	1561	;# 
  2962     061A                     CWG2CON0        equ	1562	;# 
  2963     061B                     CWG2CON1        equ	1563	;# 
  2964     061C                     CWG2AS0         equ	1564	;# 
  2965     061D                     CWG2AS1         equ	1565	;# 
  2966     061E                     CWG2STR         equ	1566	;# 
  2967     068C                     CWG3CLKCON      equ	1676	;# 
  2968     068D                     CWG3ISM         equ	1677	;# 
  2969     068E                     CWG3DBR         equ	1678	;# 
  2970     068F                     CWG3DBF         equ	1679	;# 
  2971     0690                     CWG3CON0        equ	1680	;# 
  2972     0691                     CWG3CON1        equ	1681	;# 
  2973     0692                     CWG3AS0         equ	1682	;# 
  2974     0693                     CWG3AS1         equ	1683	;# 
  2975     0694                     CWG3STR         equ	1684	;# 
  2976     070C                     PIR0            equ	1804	;# 
  2977     070D                     PIR1            equ	1805	;# 
  2978     070E                     PIR2            equ	1806	;# 
  2979     070F                     PIR3            equ	1807	;# 
  2980     0710                     PIR4            equ	1808	;# 
  2981     0711                     PIR5            equ	1809	;# 
  2982     0712                     PIR6            equ	1810	;# 
  2983     0713                     PIR7            equ	1811	;# 
  2984     0714                     PIR8            equ	1812	;# 
  2985     0716                     PIE0            equ	1814	;# 
  2986     0717                     PIE1            equ	1815	;# 
  2987     0718                     PIE2            equ	1816	;# 
  2988     0719                     PIE3            equ	1817	;# 
  2989     071A                     PIE4            equ	1818	;# 
  2990     071B                     PIE5            equ	1819	;# 
  2991     071C                     PIE6            equ	1820	;# 
  2992     071D                     PIE7            equ	1821	;# 
  2993     071E                     PIE8            equ	1822	;# 
  2994     0796                     PMD0            equ	1942	;# 
  2995     0797                     PMD1            equ	1943	;# 
  2996     0798                     PMD2            equ	1944	;# 
  2997     0799                     PMD3            equ	1945	;# 
  2998     079A                     PMD4            equ	1946	;# 
  2999     079B                     PMD5            equ	1947	;# 
  3000     080C                     WDTCON0         equ	2060	;# 
  3001     080D                     WDTCON1         equ	2061	;# 
  3002     080E                     WDTPSL          equ	2062	;# 
  3003     080F                     WDTPSH          equ	2063	;# 
  3004     0810                     WDTTMR          equ	2064	;# 
  3005     0811                     BORCON          equ	2065	;# 
  3006     0812                     VREGCON         equ	2066	;# 
  3007     0813                     PCON0           equ	2067	;# 
  3008     0814                     CCDCON          equ	2068	;# 
  3009     081A                     NVMADRL         equ	2074	;# 
  3010     081B                     NVMADRH         equ	2075	;# 
  3011     081C                     NVMDATL         equ	2076	;# 
  3012     081D                     NVMDATH         equ	2077	;# 
  3013     081E                     NVMCON1         equ	2078	;# 
  3014     081F                     NVMCON2         equ	2079	;# 
  3015     088C                     CPUDOZE         equ	2188	;# 
  3016     088D                     OSCCON1         equ	2189	;# 
  3017     088E                     OSCCON2         equ	2190	;# 
  3018     088F                     OSCCON3         equ	2191	;# 
  3019     0890                     OSCSTAT         equ	2192	;# 
  3020     0891                     OSCEN           equ	2193	;# 
  3021     0892                     OSCTUNE         equ	2194	;# 
  3022     0893                     OSCFRQ          equ	2195	;# 
  3023     0895                     CLKRCON         equ	2197	;# 
  3024     0896                     CLKRCLK         equ	2198	;# 
  3025     0897                     MDCON0          equ	2199	;# 
  3026     0898                     MDCON1          equ	2200	;# 
  3027     0899                     MDSRC           equ	2201	;# 
  3028     089A                     MDCARL          equ	2202	;# 
  3029     089B                     MDCARH          equ	2203	;# 
  3030     090C                     FVRCON          equ	2316	;# 
  3031     090E                     DAC1CON0        equ	2318	;# 
  3032     090F                     DAC1CON1        equ	2319	;# 
  3033     091F                     ZCD1CON         equ	2335	;# 
  3034     091F                     ZCDCON          equ	2335	;# 
  3035     098F                     CMOUT           equ	2447	;# 
  3036     098F                     CMSTAT          equ	2447	;# 
  3037     0990                     CM1CON0         equ	2448	;# 
  3038     0991                     CM1CON1         equ	2449	;# 
  3039     0992                     CM1NSEL         equ	2450	;# 
  3040     0993                     CM1PSEL         equ	2451	;# 
  3041     0994                     CM2CON0         equ	2452	;# 
  3042     0995                     CM2CON1         equ	2453	;# 
  3043     0996                     CM2NSEL         equ	2454	;# 
  3044     0997                     CM2PSEL         equ	2455	;# 
  3045     0E0F                     CLCDATA         equ	3599	;# 
  3046     0E10                     CLC1CON         equ	3600	;# 
  3047     0E11                     CLC1POL         equ	3601	;# 
  3048     0E12                     CLC1SEL0        equ	3602	;# 
  3049     0E13                     CLC1SEL1        equ	3603	;# 
  3050     0E14                     CLC1SEL2        equ	3604	;# 
  3051     0E15                     CLC1SEL3        equ	3605	;# 
  3052     0E16                     CLC1GLS0        equ	3606	;# 
  3053     0E17                     CLC1GLS1        equ	3607	;# 
  3054     0E18                     CLC1GLS2        equ	3608	;# 
  3055     0E19                     CLC1GLS3        equ	3609	;# 
  3056     0E1A                     CLC2CON         equ	3610	;# 
  3057     0E1B                     CLC2POL         equ	3611	;# 
  3058     0E1C                     CLC2SEL0        equ	3612	;# 
  3059     0E1D                     CLC2SEL1        equ	3613	;# 
  3060     0E1E                     CLC2SEL2        equ	3614	;# 
  3061     0E1F                     CLC2SEL3        equ	3615	;# 
  3062     0E20                     CLC2GLS0        equ	3616	;# 
  3063     0E21                     CLC2GLS1        equ	3617	;# 
  3064     0E22                     CLC2GLS2        equ	3618	;# 
  3065     0E23                     CLC2GLS3        equ	3619	;# 
  3066     0E24                     CLC3CON         equ	3620	;# 
  3067     0E25                     CLC3POL         equ	3621	;# 
  3068     0E26                     CLC3SEL0        equ	3622	;# 
  3069     0E27                     CLC3SEL1        equ	3623	;# 
  3070     0E28                     CLC3SEL2        equ	3624	;# 
  3071     0E29                     CLC3SEL3        equ	3625	;# 
  3072     0E2A                     CLC3GLS0        equ	3626	;# 
  3073     0E2B                     CLC3GLS1        equ	3627	;# 
  3074     0E2C                     CLC3GLS2        equ	3628	;# 
  3075     0E2D                     CLC3GLS3        equ	3629	;# 
  3076     0E2E                     CLC4CON         equ	3630	;# 
  3077     0E2F                     CLC4POL         equ	3631	;# 
  3078     0E30                     CLC4SEL0        equ	3632	;# 
  3079     0E31                     CLC4SEL1        equ	3633	;# 
  3080     0E32                     CLC4SEL2        equ	3634	;# 
  3081     0E33                     CLC4SEL3        equ	3635	;# 
  3082     0E34                     CLC4GLS0        equ	3636	;# 
  3083     0E35                     CLC4GLS1        equ	3637	;# 
  3084     0E36                     CLC4GLS2        equ	3638	;# 
  3085     0E37                     CLC4GLS3        equ	3639	;# 
  3086     0E8F                     PPSLOCK         equ	3727	;# 
  3087     0E90                     INTPPS          equ	3728	;# 
  3088     0E91                     T0CKIPPS        equ	3729	;# 
  3089     0E92                     T1CKIPPS        equ	3730	;# 
  3090     0E93                     T1GPPS          equ	3731	;# 
  3091     0E94                     T3CKIPPS        equ	3732	;# 
  3092     0E95                     T3GPPS          equ	3733	;# 
  3093     0E96                     T5CKIPPS        equ	3734	;# 
  3094     0E97                     T5GPPS          equ	3735	;# 
  3095     0E9C                     T2AINPPS        equ	3740	;# 
  3096     0E9D                     T4AINPPS        equ	3741	;# 
  3097     0E9E                     T6AINPPS        equ	3742	;# 
  3098     0EA1                     CCP1PPS         equ	3745	;# 
  3099     0EA2                     CCP2PPS         equ	3746	;# 
  3100     0EA3                     CCP3PPS         equ	3747	;# 
  3101     0EA4                     CCP4PPS         equ	3748	;# 
  3102     0EA5                     CCP5PPS         equ	3749	;# 
  3103     0EA9                     SMT1WINPPS      equ	3753	;# 
  3104     0EAA                     SMT1SIGPPS      equ	3754	;# 
  3105     0EAB                     SMT2WINPPS      equ	3755	;# 
  3106     0EAC                     SMT2SIGPPS      equ	3756	;# 
  3107     0EB1                     CWG1PPS         equ	3761	;# 
  3108     0EB2                     CWG2PPS         equ	3762	;# 
  3109     0EB3                     CWG3PPS         equ	3763	;# 
  3110     0EB8                     MDCARLPPS       equ	3768	;# 
  3111     0EB9                     MDCARHPPS       equ	3769	;# 
  3112     0EBA                     MDSRCPPS        equ	3770	;# 
  3113     0EBB                     CLCIN0PPS       equ	3771	;# 
  3114     0EBC                     CLCIN1PPS       equ	3772	;# 
  3115     0EBD                     CLCIN2PPS       equ	3773	;# 
  3116     0EBE                     CLCIN3PPS       equ	3774	;# 
  3117     0EC3                     ADCACTPPS       equ	3779	;# 
  3118     0EC5                     SSP1CLKPPS      equ	3781	;# 
  3119     0EC6                     SSP1DATPPS      equ	3782	;# 
  3120     0EC7                     SSP1SSPPS       equ	3783	;# 
  3121     0EC8                     SSP2CLKPPS      equ	3784	;# 
  3122     0EC9                     SSP2DATPPS      equ	3785	;# 
  3123     0ECA                     SSP2SSPPS       equ	3786	;# 
  3124     0ECB                     RXPPS           equ	3787	;# 
  3125     0ECC                     TXPPS           equ	3788	;# 
  3126     0F10                     RA0PPS          equ	3856	;# 
  3127     0F11                     RA1PPS          equ	3857	;# 
  3128     0F12                     RA2PPS          equ	3858	;# 
  3129     0F13                     RA3PPS          equ	3859	;# 
  3130     0F14                     RA4PPS          equ	3860	;# 
  3131     0F15                     RA5PPS          equ	3861	;# 
  3132     0F16                     RA6PPS          equ	3862	;# 
  3133     0F17                     RA7PPS          equ	3863	;# 
  3134     0F18                     RB0PPS          equ	3864	;# 
  3135     0F19                     RB1PPS          equ	3865	;# 
  3136     0F1A                     RB2PPS          equ	3866	;# 
  3137     0F1B                     RB3PPS          equ	3867	;# 
  3138     0F1C                     RB4PPS          equ	3868	;# 
  3139     0F1D                     RB5PPS          equ	3869	;# 
  3140     0F1E                     RB6PPS          equ	3870	;# 
  3141     0F1F                     RB7PPS          equ	3871	;# 
  3142     0F20                     RC0PPS          equ	3872	;# 
  3143     0F21                     RC1PPS          equ	3873	;# 
  3144     0F22                     RC2PPS          equ	3874	;# 
  3145     0F23                     RC3PPS          equ	3875	;# 
  3146     0F24                     RC4PPS          equ	3876	;# 
  3147     0F25                     RC5PPS          equ	3877	;# 
  3148     0F26                     RC6PPS          equ	3878	;# 
  3149     0F27                     RC7PPS          equ	3879	;# 
  3150     0F38                     ANSELA          equ	3896	;# 
  3151     0F39                     WPUA            equ	3897	;# 
  3152     0F3A                     ODCONA          equ	3898	;# 
  3153     0F3B                     SLRCONA         equ	3899	;# 
  3154     0F3C                     INLVLA          equ	3900	;# 
  3155     0F3D                     IOCAP           equ	3901	;# 
  3156     0F3E                     IOCAN           equ	3902	;# 
  3157     0F3F                     IOCAF           equ	3903	;# 
  3158     0F40                     CCDNA           equ	3904	;# 
  3159     0F41                     CCDPA           equ	3905	;# 
  3160     0F43                     ANSELB          equ	3907	;# 
  3161     0F44                     WPUB            equ	3908	;# 
  3162     0F45                     ODCONB          equ	3909	;# 
  3163     0F46                     SLRCONB         equ	3910	;# 
  3164     0F47                     INLVLB          equ	3911	;# 
  3165     0F48                     IOCBP           equ	3912	;# 
  3166     0F49                     IOCBN           equ	3913	;# 
  3167     0F4A                     IOCBF           equ	3914	;# 
  3168     0F4B                     CCDNB           equ	3915	;# 
  3169     0F4C                     CCDPB           equ	3916	;# 
  3170     0F4E                     ANSELC          equ	3918	;# 
  3171     0F4F                     WPUC            equ	3919	;# 
  3172     0F50                     ODCONC          equ	3920	;# 
  3173     0F51                     SLRCONC         equ	3921	;# 
  3174     0F52                     INLVLC          equ	3922	;# 
  3175     0F53                     IOCCP           equ	3923	;# 
  3176     0F54                     IOCCN           equ	3924	;# 
  3177     0F55                     IOCCF           equ	3925	;# 
  3178     0F56                     CCDNC           equ	3926	;# 
  3179     0F57                     CCDPC           equ	3927	;# 
  3180     0F65                     WPUE            equ	3941	;# 
  3181     0F68                     INLVLE          equ	3944	;# 
  3182     0F69                     IOCEP           equ	3945	;# 
  3183     0F6A                     IOCEN           equ	3946	;# 
  3184     0F6B                     IOCEF           equ	3947	;# 
  3185     0FE4                     STATUS_SHAD     equ	4068	;# 
  3186     0FE5                     WREG_SHAD       equ	4069	;# 
  3187     0FE6                     BSR_SHAD        equ	4070	;# 
  3188     0FE7                     PCLATH_SHAD     equ	4071	;# 
  3189     0FE8                     FSR0L_SHAD      equ	4072	;# 
  3190     0FE9                     FSR0H_SHAD      equ	4073	;# 
  3191     0FEA                     FSR1L_SHAD      equ	4074	;# 
  3192     0FEB                     FSR1H_SHAD      equ	4075	;# 
  3193     0FED                     STKPTR          equ	4077	;# 
  3194     0FEE                     TOSL            equ	4078	;# 
  3195     0FEF                     TOSH            equ	4079	;# 
  3196                           
  3197                           	psect	idataCOMMON
  3198     0799                     __pidataCOMMON:
  3199                           
  3200                           ;initializer for _data_size
  3201     0799  340A               	retlw	10
  3202     079A  3400               	retlw	0
  3203                           
  3204                           	psect	idataBANK0
  3205     0787                     __pidataBANK0:
  3206                           
  3207                           ;initializer for ShootShield@F11736
  3208     0787  34FE               	retlw	254
  3209     0788  3419               	retlw	25
  3210     0789  3402               	retlw	2
  3211     078A  3409               	retlw	9
  3212     078B  3400               	retlw	0
  3213     078C  3400               	retlw	0
  3214                           
  3215                           	psect	idataBANK1
  3216     061D                     __pidataBANK1:
  3217                           
  3218                           ;initializer for runmotor@F11742
  3219     061D  34FE               	retlw	254
  3220     061E  3419               	retlw	25
  3221     061F  3401               	retlw	1
  3222     0620  3406               	retlw	6
  3223     0621  3404               	retlw	4
  3224     0622  3400               	retlw	0
  3225     0623  3400               	retlw	0
  3226     0624  3400               	retlw	0
  3227     0625  3400               	retlw	0
  3228     0626  3400               	retlw	0
  3229                           
  3230                           ;initializer for runmotor@F11740
  3231     0627  34FE               	retlw	254
  3232     0628  3419               	retlw	25
  3233     0629  3401               	retlw	1
  3234     062A  3406               	retlw	6
  3235     062B  3404               	retlw	4
  3236     062C  3400               	retlw	0
  3237     062D  3400               	retlw	0
  3238     062E  3400               	retlw	0
  3239     062F  3400               	retlw	0
  3240     0630  3400               	retlw	0
  3241                           
  3242                           ;initializer for SetPCUInfo@F11716
  3243     0631  34FE               	retlw	254
  3244     0632  3419               	retlw	25
  3245     0633  3403               	retlw	3
  3246     0634  3404               	retlw	4
  3247     0635  3403               	retlw	3
  3248     0636  3400               	retlw	0
  3249     0637  3404               	retlw	4
  3250     0638  3411               	retlw	17
  3251     0639  3401               	retlw	1
  3252                           
  3253                           ;initializer for ShootAttack@F11739
  3254     063A  34FE               	retlw	254
  3255     063B  3419               	retlw	25
  3256     063C  3401               	retlw	1
  3257     063D  3409               	retlw	9
  3258     063E  3401               	retlw	1
  3259     063F  3400               	retlw	0
  3260     0640  3401               	retlw	1
  3261                           
  3262                           ;initializer for GetInfoPCU@F11713
  3263     0641  34FE               	retlw	254
  3264     0642  3419               	retlw	25
  3265     0643  3401               	retlw	1
  3266     0644  3404               	retlw	4
  3267     0645  3400               	retlw	0
  3268     0646  3400               	retlw	0
  3269                           
  3270                           ;initializer for GetInfoController@F11710
  3271     0647  34FE               	retlw	254
  3272     0648  3419               	retlw	25
  3273     0649  3401               	retlw	1
  3274     064A  3405               	retlw	5
  3275     064B  3400               	retlw	0
  3276     064C  3400               	retlw	0
  3277                           
  3278                           ;initializer for ShootRepair@F11742
  3279     064D  34FE               	retlw	254
  3280     064E  3419               	retlw	25
  3281     064F  3404               	retlw	4
  3282     0650  3409               	retlw	9
  3283     0651  3400               	retlw	0
  3284     0652  3400               	retlw	0
  3285                           
  3286                           	psect	idataBANK2
  3287     0687                     __pidataBANK2:
  3288                           
  3289                           ;initializer for main@F11752
  3290     0687  34FE               	retlw	254
  3291     0688  3419               	retlw	25
  3292     0689  3401               	retlw	1
  3293     068A  3406               	retlw	6
  3294     068B  3404               	retlw	4
  3295     068C  3400               	retlw	0
  3296     068D  3400               	retlw	0
  3297     068E  3440               	retlw	64
  3298     068F  3400               	retlw	0
  3299     0690  3440               	retlw	64
  3300                           
  3301                           ;initializer for GetUID@F11759
  3302     0691  34FE               	retlw	254
  3303     0692  3419               	retlw	25
  3304     0693  3401               	retlw	1
  3305     0694  340A               	retlw	10
  3306     0695  3404               	retlw	4
  3307     0696  3400               	retlw	0
  3308     0697  3401               	retlw	1
  3309     0698  3400               	retlw	0
  3310     0699  3400               	retlw	0
  3311     069A  3400               	retlw	0
  3312                           
  3313                           ;initializer for motor@F11724
  3314     069B  34FE               	retlw	254
  3315     069C  3419               	retlw	25
  3316     069D  3401               	retlw	1
  3317     069E  3406               	retlw	6
  3318     069F  3404               	retlw	4
  3319     06A0  3400               	retlw	0
  3320     06A1  3400               	retlw	0
  3321     06A2  3440               	retlw	64
  3322     06A3  3400               	retlw	0
  3323     06A4  3440               	retlw	64
  3324                           
  3325                           ;initializer for follow@F11747
  3326     06A5  34FE               	retlw	254
  3327     06A6  3419               	retlw	25
  3328     06A7  3401               	retlw	1
  3329     06A8  3406               	retlw	6
  3330     06A9  3404               	retlw	4
  3331     06AA  3400               	retlw	0
  3332     06AB  3400               	retlw	0
  3333     06AC  3400               	retlw	0
  3334     06AD  3400               	retlw	0
  3335     06AE  3400               	retlw	0
  3336                           
  3337                           	psect	stringtext1
  3338     079B                     __pstringtext1:
  3339     079B                     follow@blvl:
  3340     079B  3452               	retlw	82
  3341     079C  3403               	retlw	3
  3342     079D                     __end_offollow@blvl:
  3343                           
  3344                           	psect	stringtext2
  3345     079D                     __pstringtext2:
  3346     079D                     follow@wlvl:
  3347     079D  3439               	retlw	57
  3348     079E  3403               	retlw	3
  3349     079F                     __end_offollow@wlvl:
  3350     0016                     _LATA           set	22
  3351     000C                     _PORTAbits      set	12
  3352     000B                     _INTCONbits     set	11
  3353     0011                     _TRISA          set	17
  3354     0016                     _LATAbits       set	22
  3355     0011                     _TRISAbits      set	17
  3356     0013                     _TRISCbits      set	19
  3357     0012                     _TRISBbits      set	18
  3358     0018                     _LATCbits       set	24
  3359     0012                     _TRISB          set	18
  3360     009D                     _ADACQ          set	157
  3361     009A                     _ADREFbits      set	154
  3362     0098                     _ADCLK          set	152
  3363     008D                     _ADRESH         set	141
  3364     008C                     _ADRESL         set	140
  3365     0093                     _ADCON0bits     set	147
  3366     009E                     _ADPCH          set	158
  3367     011B                     _SPBRGL         set	283
  3368     011C                     _SPBRGH         set	284
  3369     011F                     _BAUDCONbits    set	287
  3370     011D                     _RC1STAbits     set	285
  3371     0119                     _RC1REG         set	281
  3372     011A                     _TX1REG         set	282
  3373     011E                     _TX1STAbits     set	286
  3374     018D                     _SSP1ADD        set	397
  3375     0190                     _SSP1CON1bits   set	400
  3376     018F                     _SSP1STATbits   set	399
  3377     018C                     _SSP1BUF        set	396
  3378     0719                     _PIE3bits       set	1817
  3379     070F                     _PIR3bits       set	1807
  3380     0ECB                     _RXPPS          set	3787
  3381     0EC6                     _SSP1DATPPS     set	3782
  3382     0F26                     _RC6PPS         set	3878
  3383     0F38                     _ANSELA         set	3896
  3384     0F38                     _ANSELAbits     set	3896
  3385     0F4E                     _ANSELCbits     set	3918
  3386     0F1B                     _RB3PPS         set	3867
  3387     0F1D                     _RB5PPS         set	3869
  3388     0F43                     _ANSELBbits     set	3907
  3389     0F43                     _ANSELB         set	3907
  3390                           
  3391                           	psect	cinit
  3392     00C2                     start_initialization:	
  3393                           ; #config settings
  3394                           
  3395     00C2                     __initialization:
  3396                           
  3397                           ; Initialize objects allocated to COMMON
  3398     00C2  3187  2799  3180   	fcall	__pidataCOMMON	;fetch initializer
  3399     00C5  00FB               	movwf	__pdataCOMMON& (0+127)
  3400     00C6  3187  279A  3180   	fcall	__pidataCOMMON+1	;fetch initializer
  3401     00C9  00FC               	movwf	(__pdataCOMMON+1)& (0+127)
  3402                           
  3403                           ; Initialize objects allocated to BANK0
  3404     00CA  3087               	movlw	low __pidataBANK0
  3405     00CB  0084               	movwf	4
  3406     00CC  3087               	movlw	(high __pidataBANK0)| (0+128)
  3407     00CD  0085               	movwf	5
  3408     00CE  3066               	movlw	low __pdataBANK0
  3409     00CF  0086               	movwf	6
  3410     00D0  3000               	movlw	high __pdataBANK0
  3411     00D1  0087               	movwf	7
  3412     00D2  3006               	movlw	6
  3413     00D3  3187  278D  3180   	fcall	init_ram
  3414                           
  3415                           ; Initialize objects allocated to BANK1
  3416     00D6  301D               	movlw	low __pidataBANK1
  3417     00D7  0084               	movwf	4
  3418     00D8  3086               	movlw	(high __pidataBANK1)| (0+128)
  3419     00D9  0085               	movwf	5
  3420     00DA  30A0               	movlw	low __pdataBANK1
  3421     00DB  0086               	movwf	6
  3422     00DC  3000               	movlw	high __pdataBANK1
  3423     00DD  0087               	movwf	7
  3424     00DE  3036               	movlw	54
  3425     00DF  3187  278D  3180   	fcall	init_ram
  3426                           
  3427                           ; Initialize objects allocated to BANK2
  3428     00E2  3087               	movlw	low __pidataBANK2
  3429     00E3  0084               	movwf	4
  3430     00E4  3086               	movlw	(high __pidataBANK2)| (0+128)
  3431     00E5  0085               	movwf	5
  3432     00E6  3020               	movlw	low __pdataBANK2
  3433     00E7  0086               	movwf	6
  3434     00E8  3001               	movlw	high __pdataBANK2
  3435     00E9  0087               	movwf	7
  3436     00EA  3028               	movlw	40
  3437     00EB  3187  278D  3180   	fcall	init_ram
  3438                           
  3439                           ; Clear objects allocated to BANK0
  3440     00EE  3052               	movlw	low __pbssBANK0
  3441     00EF  0084               	movwf	4
  3442     00F0  3000               	movlw	high __pbssBANK0
  3443     00F1  0085               	movwf	5
  3444     00F2  3014               	movlw	20
  3445     00F3  3187  2793  3180   	fcall	clear_ram0
  3446                           
  3447                           ; Clear objects allocated to BANK1
  3448     00F6  30D6               	movlw	low __pbssBANK1
  3449     00F7  0084               	movwf	4
  3450     00F8  3000               	movlw	high __pbssBANK1
  3451     00F9  0085               	movwf	5
  3452     00FA  301A               	movlw	26
  3453     00FB  3187  2793  3180   	fcall	clear_ram0
  3454     00FE                     end_of_initialization:	
  3455                           ;End of C runtime variable initialization code
  3456                           
  3457     00FE                     __end_of__initialization:
  3458     00FE  107E               	bcf	int$flags,0	;clear compiler interrupt flag (level 1)
  3459     00FF  0020               	movlb	0
  3460     0100  3182  2A9F         	ljmp	_main	;jump to C main() function
  3461                           
  3462                           	psect	dataCOMMON
  3463     007B                     __pdataCOMMON:
  3464     007B                     _data_size:
  3465     007B                     	ds	2
  3466                           
  3467                           	psect	bssBANK0
  3468     0052                     __pbssBANK0:
  3469     0052                     _VRA:
  3470     0052                     	ds	2
  3471     0054                     _SWB:
  3472     0054                     	ds	2
  3473     0056                     _SWA:
  3474     0056                     	ds	2
  3475     0058                     _receive_flag:
  3476     0058                     	ds	2
  3477     005A                     _receive_ready:
  3478     005A                     	ds	2
  3479     005C                     _data_index:
  3480     005C                     	ds	2
  3481     005E                     _data_type:
  3482     005E                     	ds	2
  3483     0060                     _SWC:
  3484     0060                     	ds	2
  3485     0062                     _SWD:
  3486     0062                     	ds	2
  3487     0064                     _repair_code_flag:
  3488     0064                     	ds	1
  3489     0065                     _shield_code_flag:
  3490     0065                     	ds	1
  3491                           
  3492                           	psect	dataBANK0
  3493     0066                     __pdataBANK0:
  3494     0066                     ShootShield@F11736:
  3495     0066                     	ds	6
  3496                           
  3497                           	psect	bssBANK1
  3498     00D6                     __pbssBANK1:
  3499     00D6                     _control_data:
  3500     00D6                     	ds	26
  3501                           
  3502                           	psect	dataBANK1
  3503     00A0                     __pdataBANK1:
  3504     00A0                     runmotor@F11742:
  3505     00A0                     	ds	10
  3506     00AA                     runmotor@F11740:
  3507     00AA                     	ds	10
  3508     00B4                     SetPCUInfo@F11716:
  3509     00B4                     	ds	9
  3510     00BD                     ShootAttack@F11739:
  3511     00BD                     	ds	7
  3512     00C4                     GetInfoPCU@F11713:
  3513     00C4                     	ds	6
  3514     00CA                     GetInfoController@F11710:
  3515     00CA                     	ds	6
  3516     00D0                     ShootRepair@F11742:
  3517     00D0                     	ds	6
  3518                           
  3519                           	psect	dataBANK2
  3520     0120                     __pdataBANK2:
  3521     0120                     main@F11752:
  3522     0120                     	ds	10
  3523     012A                     GetUID@F11759:
  3524     012A                     	ds	10
  3525     0134                     motor@F11724:
  3526     0134                     	ds	10
  3527     013E                     follow@F11747:
  3528     013E                     	ds	10
  3529                           
  3530                           	psect	inittext
  3531     078D                     init_ram:
  3532     078D  00FE               	movwf	btemp
  3533     078E                     initloop:
  3534     078E  0012               	moviw fsr0++
  3535     078F  001E               	movwi fsr1++
  3536     0790  0BFE               	decfsz	btemp,f
  3537     0791  2F8E               	goto	initloop
  3538     0792  3400               	retlw	0
  3539                           
  3540                           	psect	clrtext
  3541     0793                     clear_ram0:	
  3542                           ;	Called with FSR0 containing the base address, and
  3543                           ;	WREG with the size to clear
  3544                           
  3545     0793  0064               	clrwdt	;clear the watchdog before getting into this loop
  3546     0794                     clrloop0:
  3547     0794  0180               	clrf	0	;clear RAM location pointed to by FSR
  3548     0795  3101               	addfsr 0,1
  3549     0796  0B89               	decfsz	9,f	;Have we reached the end of clearing yet?
  3550     0797  2F94               	goto	clrloop0	;have we reached the end yet?
  3551     0798  3400               	retlw	0	;all done for this memory range, return
  3552                           
  3553                           	psect	cstackCOMMON
  3554     0070                     __pcstackCOMMON:
  3555     0070                     ?_GetInfoController:
  3556     0070                     ?_runmotor:	
  3557                           ; 1 bytes @ 0x0
  3558                           
  3559     0070                     ?_follow:	
  3560                           ; 1 bytes @ 0x0
  3561                           
  3562     0070                     ?_ShootShield:	
  3563                           ; 1 bytes @ 0x0
  3564                           
  3565     0070                     ?_ShootAttack:	
  3566                           ; 1 bytes @ 0x0
  3567                           
  3568     0070                     ?_ShootRepair:	
  3569                           ; 1 bytes @ 0x0
  3570                           
  3571     0070                     ?_ShootLaser:	
  3572                           ; 1 bytes @ 0x0
  3573                           
  3574     0070                     ?_GetInfoPCU:	
  3575                           ; 1 bytes @ 0x0
  3576                           
  3577     0070                     ?_SetPCUInfo:	
  3578                           ; 1 bytes @ 0x0
  3579                           
  3580     0070                     ?_SPISetup:	
  3581                           ; 1 bytes @ 0x0
  3582                           
  3583     0070                     ?_ISR:	
  3584                           ; 1 bytes @ 0x0
  3585                           
  3586     0070                     ?_main:	
  3587                           ; 1 bytes @ 0x0
  3588                           
  3589     0070                     ??_ISR:	
  3590                           ; 1 bytes @ 0x0
  3591                           
  3592                           
  3593                           ; 1 bytes @ 0x0
  3594     0070                     	ds	1
  3595     0071                     ?_sendit:
  3596     0071                     ?_rd_adc:	
  3597                           ; 1 bytes @ 0x1
  3598                           
  3599     0071                     ?___awdiv:	
  3600                           ; 2 bytes @ 0x1
  3601                           
  3602     0071                     sendit@it:	
  3603                           ; 2 bytes @ 0x1
  3604                           
  3605     0071                     ___awdiv@divisor:	
  3606                           ; 1 bytes @ 0x1
  3607                           
  3608     0071                     ??_SPISetup:	
  3609                           ; 2 bytes @ 0x1
  3610                           
  3611                           
  3612                           ; 1 bytes @ 0x1
  3613     0071                     	ds	1
  3614     0072                     sendit@it_size:
  3615                           
  3616                           ; 2 bytes @ 0x2
  3617     0072                     	ds	1
  3618     0073                     ___awdiv@dividend:
  3619     0073                     ??_rd_adc:	
  3620                           ; 2 bytes @ 0x3
  3621                           
  3622                           
  3623                           ; 1 bytes @ 0x3
  3624     0073                     	ds	1
  3625     0074                     rd_adc@output:
  3626     0074                     ??_sendit:	
  3627                           ; 2 bytes @ 0x4
  3628                           
  3629                           
  3630                           ; 1 bytes @ 0x4
  3631     0074                     	ds	1
  3632     0075                     ___awdiv@counter:
  3633     0075                     sendit@i:	
  3634                           ; 1 bytes @ 0x5
  3635                           
  3636     0075                     ??___awdiv:	
  3637                           ; 2 bytes @ 0x5
  3638                           
  3639                           
  3640                           ; 1 bytes @ 0x5
  3641     0075                     	ds	1
  3642     0076                     rd_adc@select:
  3643     0076                     ___awdiv@sign:	
  3644                           ; 1 bytes @ 0x6
  3645                           
  3646                           
  3647                           ; 1 bytes @ 0x6
  3648     0076                     	ds	1
  3649     0077                     ___awdiv@quotient:
  3650     0077                     ??_GetInfoController:	
  3651                           ; 2 bytes @ 0x7
  3652                           
  3653     0077                     ??_runmotor:	
  3654                           ; 1 bytes @ 0x7
  3655                           
  3656     0077                     ??_ShootShield:	
  3657                           ; 1 bytes @ 0x7
  3658                           
  3659     0077                     ??_ShootAttack:	
  3660                           ; 1 bytes @ 0x7
  3661                           
  3662     0077                     ??_ShootRepair:	
  3663                           ; 1 bytes @ 0x7
  3664                           
  3665     0077                     ??_GetInfoPCU:	
  3666                           ; 1 bytes @ 0x7
  3667                           
  3668     0077                     ??_SetPCUInfo:	
  3669                           ; 1 bytes @ 0x7
  3670                           
  3671                           
  3672                           ; 1 bytes @ 0x7
  3673     0077                     	ds	1
  3674     0078                     ??_ShootLaser:
  3675                           
  3676                           ; 1 bytes @ 0x8
  3677     0078                     	ds	1
  3678     0079                     ?_motor:
  3679     0079                     motor@data:	
  3680                           ; 1 bytes @ 0x9
  3681                           
  3682     0079                     ??_follow:	
  3683                           ; 1 bytes @ 0x9
  3684                           
  3685                           
  3686                           ; 1 bytes @ 0x9
  3687     0079                     	ds	1
  3688     007A                     ??_motor:
  3689                           
  3690                           ; 1 bytes @ 0xA
  3691     007A                     	ds	1
  3692                           
  3693                           	psect	cstackBANK0
  3694     0020                     __pcstackBANK0:
  3695     0020                     ShootShield@tosend:
  3696     0020                     ShootRepair@tosend:	
  3697                           ; 6 bytes @ 0x0
  3698                           
  3699     0020                     GetInfoController@ask:	
  3700                           ; 6 bytes @ 0x0
  3701                           
  3702     0020                     GetInfoPCU@ask:	
  3703                           ; 6 bytes @ 0x0
  3704                           
  3705     0020                     ShootAttack@tosend:	
  3706                           ; 6 bytes @ 0x0
  3707                           
  3708     0020                     SetPCUInfo@data:	
  3709                           ; 7 bytes @ 0x0
  3710                           
  3711     0020                     runmotor@stop:	
  3712                           ; 9 bytes @ 0x0
  3713                           
  3714     0020                     motor@msg:	
  3715                           ; 10 bytes @ 0x0
  3716                           
  3717                           
  3718                           ; 10 bytes @ 0x0
  3719     0020                     	ds	10
  3720     002A                     motor@rdirec:
  3721     002A                     runmotor@msg:	
  3722                           ; 2 bytes @ 0xA
  3723                           
  3724                           
  3725                           ; 10 bytes @ 0xA
  3726     002A                     	ds	2
  3727     002C                     motor@ldirec:
  3728                           
  3729                           ; 2 bytes @ 0xC
  3730     002C                     	ds	2
  3731     002E                     motor@mry:
  3732                           
  3733                           ; 2 bytes @ 0xE
  3734     002E                     	ds	2
  3735     0030                     motor@mly:
  3736                           
  3737                           ; 2 bytes @ 0x10
  3738     0030                     	ds	4
  3739     0034                     runmotor@select:
  3740                           
  3741                           ; 1 bytes @ 0x14
  3742     0034                     	ds	1
  3743     0035                     follow@stop:
  3744                           
  3745                           ; 10 bytes @ 0x15
  3746     0035                     	ds	10
  3747     003F                     follow@left:
  3748                           
  3749                           ; 2 bytes @ 0x1F
  3750     003F                     	ds	2
  3751     0041                     follow@right:
  3752                           
  3753                           ; 2 bytes @ 0x21
  3754     0041                     	ds	2
  3755     0043                     follow@center:
  3756                           
  3757                           ; 2 bytes @ 0x23
  3758     0043                     	ds	2
  3759     0045                     ??_main:
  3760                           
  3761                           ; 1 bytes @ 0x25
  3762     0045                     	ds	2
  3763     0047                     main@message:
  3764                           
  3765                           ; 10 bytes @ 0x27
  3766     0047                     	ds	10
  3767     0051                     main@vra_flag:
  3768                           
  3769                           ; 1 bytes @ 0x31
  3770     0051                     	ds	1
  3771                           
  3772                           	psect	maintext
  3773     029F                     __pmaintext:	
  3774 ;;
  3775 ;;Main: autosize = 0, tempsize = 2, incstack = 0, save=0
  3776 ;;
  3777 ;; *************** function _main *****************
  3778 ;; Defined at:
  3779 ;;		line 124 in file "main.c"
  3780 ;; Parameters:    Size  Location     Type
  3781 ;;		None
  3782 ;; Auto vars:     Size  Location     Type
  3783 ;;  prev_SWB        2    0        int 
  3784 ;;  message        10   39[BANK0 ] unsigned char [10]
  3785 ;;  x               2    0        int 
  3786 ;;  msize           2    0        int 
  3787 ;;  vra_flag        1   49[BANK0 ] unsigned char 
  3788 ;; Return value:  Size  Location     Type
  3789 ;;                  1    wreg      void 
  3790 ;; Registers used:
  3791 ;;		wreg, fsr0l, fsr0h, fsr1l, fsr1h, status,2, status,0, pclath, cstack
  3792 ;; Tracked objects:
  3793 ;;		On entry : B1F/0
  3794 ;;		On exit  : 0/0
  3795 ;;		Unchanged: 0/0
  3796 ;; Data sizes:     COMMON   BANK0   BANK1   BANK2   BANK3   BANK4   BANK5   BANK6   BANK7   BANK8   BANK9  BANK10  BANK1
      +1  BANK12
  3797 ;;      Params:         0       0       0       0       0       0       0       0       0       0       0       0       
      +0       0
  3798 ;;      Locals:         0      11       0       0       0       0       0       0       0       0       0       0       
      +0       0
  3799 ;;      Temps:          0       2       0       0       0       0       0       0       0       0       0       0       
      +0       0
  3800 ;;      Totals:         0      13       0       0       0       0       0       0       0       0       0       0       
      +0       0
  3801 ;;Total ram usage:       13 bytes
  3802 ;; Hardware stack levels required when called: 4
  3803 ;; This function calls:
  3804 ;;		_GetInfoController
  3805 ;;		_GetInfoPCU
  3806 ;;		_SPISetup
  3807 ;;		_SetPCUInfo
  3808 ;;		_ShootLaser
  3809 ;;		_follow
  3810 ;;		_motor
  3811 ;; This function is called by:
  3812 ;;		Startup code after reset
  3813 ;; This function uses a non-reentrant model
  3814 ;;
  3815                           
  3816     029F                     _main:	
  3817                           ;psect for function _main
  3818                           
  3819     029F                     l2035:	
  3820                           ;incstack = 0
  3821                           ; Regs used in _main: [wreg-fsr1h+status,2+status,0+pclath+cstack]
  3822                           
  3823                           
  3824                           ;main.c: 126:     uint8_t vra_flag = 0;
  3825     029F  0020               	movlb	0	; select bank0
  3826     02A0  01D1               	clrf	main@vra_flag
  3827     02A1                     l2037:
  3828                           
  3829                           ;main.c: 128:     TRISA = 0b00100000;
  3830     02A1  3020               	movlw	32
  3831     02A2  0091               	movwf	17	;volatile
  3832                           
  3833                           ;main.c: 129:     ANSELA = 0;
  3834     02A3  003E               	movlb	30	; select bank30
  3835     02A4  01B8               	clrf	56	;volatile
  3836     02A5                     l2039:
  3837                           
  3838                           ;main.c: 132:     TRISCbits.TRISC6 = 0;
  3839     02A5  0020               	movlb	0	; select bank0
  3840     02A6  1313               	bcf	19,6	;volatile
  3841     02A7                     l2041:
  3842                           
  3843                           ;main.c: 133:     ANSELCbits.ANSC6 = 0;
  3844     02A7  003E               	movlb	30	; select bank30
  3845     02A8  134E               	bcf	78,6	;volatile
  3846     02A9                     l2043:
  3847                           
  3848                           ;main.c: 136:     TX1STAbits.TXEN = 1;
  3849     02A9  0022               	movlb	2	; select bank2
  3850     02AA  169E               	bsf	30,5	;volatile
  3851     02AB                     l2045:
  3852                           
  3853                           ;main.c: 137:     TX1STAbits.SYNC = 0;
  3854     02AB  121E               	bcf	30,4	;volatile
  3855     02AC                     l2047:
  3856                           
  3857                           ;main.c: 139:     RC1STAbits.SPEN = 0;
  3858     02AC  139D               	bcf	29,7	;volatile
  3859     02AD                     l2049:
  3860                           
  3861                           ;main.c: 140:     RC1STAbits.SPEN = 1;
  3862     02AD  179D               	bsf	29,7	;volatile
  3863     02AE                     l2051:
  3864                           
  3865                           ;main.c: 142:     RC1STAbits.CREN = 1;
  3866     02AE  161D               	bsf	29,4	;volatile
  3867     02AF                     l2053:
  3868                           
  3869                           ;main.c: 143:     TRISCbits.TRISC5 = 1;
  3870     02AF  0020               	movlb	0	; select bank0
  3871     02B0  1693               	bsf	19,5	;volatile
  3872     02B1                     l2055:
  3873                           
  3874                           ;main.c: 144:     ANSELCbits.ANSC5 = 0;
  3875     02B1  003E               	movlb	30	; select bank30
  3876     02B2  12CE               	bcf	78,5	;volatile
  3877     02B3                     l2057:
  3878                           
  3879                           ;main.c: 148:     BAUDCONbits.BRG16 = 1;
  3880     02B3  0022               	movlb	2	; select bank2
  3881     02B4  159F               	bsf	31,3	;volatile
  3882     02B5                     l2059:
  3883                           
  3884                           ;main.c: 149:     TX1STAbits.BRGH = 1;
  3885     02B5  151E               	bsf	30,2	;volatile
  3886                           
  3887                           ;main.c: 152:     SPBRGH = 0x0;
  3888     02B6  019C               	clrf	28	;volatile
  3889     02B7                     l2061:
  3890                           
  3891                           ;main.c: 153:     SPBRGL = 0x44;
  3892     02B7  3044               	movlw	68
  3893     02B8  009B               	movwf	27	;volatile
  3894     02B9                     l2063:
  3895                           
  3896                           ;main.c: 156:     INTCONbits.GIE = 1;
  3897     02B9  178B               	bsf	11,7	;volatile
  3898     02BA                     l2065:
  3899                           
  3900                           ;main.c: 157:     INTCONbits.PEIE = 1;
  3901     02BA  170B               	bsf	11,6	;volatile
  3902     02BB                     l2067:
  3903                           
  3904                           ;main.c: 158:     PIE3bits.RCIE = 1;
  3905     02BB  002E               	movlb	14	; select bank14
  3906     02BC  1699               	bsf	25,5	;volatile
  3907     02BD                     l2069:
  3908                           
  3909                           ;main.c: 161:     RC6PPS = 0x10;
  3910     02BD  3010               	movlw	16
  3911     02BE  003E               	movlb	30	; select bank30
  3912     02BF  00A6               	movwf	38	;volatile
  3913     02C0                     l2071:
  3914                           
  3915                           ;main.c: 162:     RXPPS = 0x15;
  3916     02C0  3015               	movlw	21
  3917     02C1  003D               	movlb	29	; select bank29
  3918     02C2  00CB               	movwf	75	;volatile
  3919     02C3                     l2073:
  3920                           
  3921                           ;main.c: 165:     SPISetup();
  3922     02C3  3186  26AF  3182   	fcall	_SPISetup
  3923     02C6                     l2075:
  3924     02C6                     l2077:
  3925                           
  3926                           ;main.c: 168:     char message[10] = {0xFE,0x19,0x01,0x06,0x04,0x00, 0x0, 0x40, 0x0, 0x4
      +                          0};
  3927     02C6  3020               	movlw	low main@F11752
  3928     02C7  0086               	movwf	6
  3929     02C8  3001               	movlw	high main@F11752
  3930     02C9  0087               	movwf	7
  3931     02CA  3047               	movlw	low main@message
  3932     02CB  0084               	movwf	4
  3933     02CC  3000               	movlw	high main@message
  3934     02CD  0085               	movwf	5
  3935     02CE  300A               	movlw	10
  3936     02CF  0020               	movlb	0	; select bank0
  3937     02D0  00C5               	movwf	??_main
  3938     02D1                     u1930:
  3939     02D1  0016               	moviw fsr1++
  3940     02D2  001A               	movwi fsr0++
  3941     02D3  0BC5               	decfsz	??_main,f
  3942     02D4  2AD1               	goto	u1930
  3943     02D5                     l2079:
  3944     02D5                     l2081:
  3945     02D5                     l2083:
  3946                           
  3947                           ;main.c: 176:         if(PORTAbits.RA5 == 0)
  3948     02D5  0020               	movlb	0	; select bank0
  3949     02D6  1A8C               	btfsc	12,5	;volatile
  3950     02D7  2AD9               	goto	u1941
  3951     02D8  2ADA               	goto	u1940
  3952     02D9                     u1941:
  3953     02D9  2AE8               	goto	l2089
  3954     02DA                     u1940:
  3955     02DA                     l2085:
  3956                           
  3957                           ;main.c: 177:         {;main.c: 178:             LATA = 0xF;
  3958     02DA  300F               	movlw	15
  3959     02DB  0096               	movwf	22	;volatile
  3960     02DC                     l2087:
  3961                           
  3962                           ;main.c: 179:    SetPCUInfo();
  3963     02DC  3187  2757  3182   	fcall	_SetPCUInfo
  3964                           
  3965                           ;main.c: 180:             GetInfoController();
  3966     02DF  3186  26F7  3182   	fcall	_GetInfoController
  3967     02E2                     l331:	
  3968                           ;main.c: 181:             while(PORTAbits.RA5 == 0){}
  3969                           
  3970     02E2  0020               	movlb	0	; select bank0
  3971     02E3  1E8C               	btfss	12,5	;volatile
  3972     02E4  2AE6               	goto	u1951
  3973     02E5  2AE7               	goto	u1950
  3974     02E6                     u1951:
  3975     02E6  2AE2               	goto	l331
  3976     02E7                     u1950:
  3977     02E7  2AE9               	goto	l2091
  3978     02E8                     l2089:
  3979                           
  3980                           ;main.c: 185:         {;main.c: 186:             LATA = 0;
  3981     02E8  0196               	clrf	22	;volatile
  3982     02E9                     l2091:
  3983                           
  3984                           ;main.c: 189:         if (receive_ready)
  3985     02E9  085A               	movf	_receive_ready,w	;volatile
  3986     02EA  045B               	iorwf	_receive_ready+1,w	;volatile
  3987     02EB  1903               	btfsc	3,2
  3988     02EC  2AEE               	goto	u1961
  3989     02ED  2AEF               	goto	u1960
  3990     02EE                     u1961:
  3991     02EE  2B51               	goto	l2131
  3992     02EF                     u1960:
  3993     02EF                     l2093:
  3994                           
  3995                           ;main.c: 190:         {;main.c: 191:             if (receive_flag == 1)
  3996     02EF  0358               	decf	_receive_flag,w	;volatile
  3997     02F0  0459               	iorwf	_receive_flag+1,w	;volatile
  3998     02F1  1D03               	btfss	3,2
  3999     02F2  2AF4               	goto	u1971
  4000     02F3  2AF5               	goto	u1970
  4001     02F4                     u1971:
  4002     02F4  2AF8               	goto	l2097
  4003     02F5                     u1970:
  4004     02F5                     l2095:
  4005                           
  4006                           ;main.c: 192:             {;main.c: 193:                 receive_ready = 0;
  4007     02F5  01DA               	clrf	_receive_ready	;volatile
  4008     02F6  01DB               	clrf	_receive_ready+1	;volatile
  4009                           
  4010                           ;main.c: 194:             }
  4011     02F7  2B51               	goto	l2131
  4012     02F8                     l2097:
  4013     02F8  3002               	movlw	2
  4014     02F9  0658               	xorwf	_receive_flag,w	;volatile
  4015     02FA  0459               	iorwf	_receive_flag+1,w	;volatile
  4016     02FB  1D03               	btfss	3,2
  4017     02FC  2AFE               	goto	u1981
  4018     02FD  2AFF               	goto	u1980
  4019     02FE                     u1981:
  4020     02FE  2B15               	goto	l2111
  4021     02FF                     u1980:
  4022     02FF                     l2099:
  4023                           
  4024                           ;main.c: 196:             {;main.c: 197:                 receive_ready = 0;
  4025     02FF  01DA               	clrf	_receive_ready	;volatile
  4026     0300  01DB               	clrf	_receive_ready+1	;volatile
  4027     0301                     l2101:
  4028                           
  4029                           ;main.c: 198:                 shield_code_flag = control_data[10];
  4030     0301  0021               	movlb	1	; select bank1
  4031     0302  0860               	movf	(_control_data^(0+128)+10),w	;volatile
  4032     0303  0020               	movlb	0	; select bank0
  4033     0304  00E5               	movwf	_shield_code_flag	;volatile
  4034     0305                     l2103:
  4035                           
  4036                           ;main.c: 199:                 repair_code_flag = control_data[11];
  4037     0305  0021               	movlb	1	; select bank1
  4038     0306  0861               	movf	(_control_data^(0+128)+11),w	;volatile
  4039     0307  0020               	movlb	0	; select bank0
  4040     0308  00E4               	movwf	_repair_code_flag	;volatile
  4041     0309                     l2105:
  4042                           
  4043                           ;main.c: 201:                  if (shield_code_flag != 0)
  4044     0309  0865               	movf	_shield_code_flag,w	;volatile
  4045     030A  1903               	btfsc	3,2
  4046     030B  2B0D               	goto	u1991
  4047     030C  2B0E               	goto	u1990
  4048     030D                     u1991:
  4049     030D  2B10               	goto	l339
  4050     030E                     u1990:
  4051     030E                     l2107:
  4052                           
  4053                           ;main.c: 202:                 {;main.c: 203:                     LATAbits.LATA0 = 1;
  4054     030E  1416               	bsf	22,0	;volatile
  4055                           
  4056                           ;main.c: 204:                 }
  4057     030F  2B11               	goto	l2109
  4058     0310                     l339:	
  4059                           ;main.c: 205:                 else
  4060                           
  4061                           
  4062                           ;main.c: 206:                 {;main.c: 207:                     LATAbits.LATA0 = 0;
  4063     0310  1016               	bcf	22,0	;volatile
  4064     0311                     l2109:
  4065                           
  4066                           ;main.c: 210:                 GetInfoController();
  4067     0311  3186  26F7  3182   	fcall	_GetInfoController
  4068                           
  4069                           ;main.c: 211:             }
  4070     0314  2B51               	goto	l2131
  4071     0315                     l2111:
  4072     0315  3003               	movlw	3
  4073     0316  0658               	xorwf	_receive_flag,w	;volatile
  4074     0317  0459               	iorwf	_receive_flag+1,w	;volatile
  4075     0318  1D03               	btfss	3,2
  4076     0319  2B1B               	goto	u2001
  4077     031A  2B1C               	goto	u2000
  4078     031B                     u2001:
  4079     031B  2B51               	goto	l2131
  4080     031C                     u2000:
  4081     031C                     l2113:
  4082                           
  4083                           ;main.c: 213:             {;main.c: 214:                 receive_ready = 0;
  4084     031C  01DA               	clrf	_receive_ready	;volatile
  4085     031D  01DB               	clrf	_receive_ready+1	;volatile
  4086     031E                     l2115:
  4087                           
  4088                           ;main.c: 215:                 motor(control_data);
  4089     031E  30D6               	movlw	(low (_control_data| 0))& (0+255)
  4090     031F  00F9               	movwf	motor@data
  4091     0320  3183  23EE  3182   	fcall	_motor
  4092     0323                     l2117:
  4093                           
  4094                           ;main.c: 216:                 SWD = ((control_data[21] << 8) + control_data[20]);
  4095     0323  0021               	movlb	1	; select bank1
  4096     0324  086B               	movf	(_control_data^(0+128)+21),w	;volatile
  4097     0325  0020               	movlb	0	; select bank0
  4098     0326  00E3               	movwf	_SWD+1	;volatile
  4099     0327  0021               	movlb	1	; select bank1
  4100     0328  086A               	movf	(_control_data^(0+128)+20),w	;volatile
  4101     0329  0020               	movlb	0	; select bank0
  4102     032A  00E2               	movwf	_SWD	;volatile
  4103     032B                     l2119:
  4104                           
  4105                           ;main.c: 217:                 SWC = ((control_data[19] << 8) + control_data[18]);
  4106     032B  0021               	movlb	1	; select bank1
  4107     032C  0869               	movf	(_control_data^(0+128)+19),w	;volatile
  4108     032D  0020               	movlb	0	; select bank0
  4109     032E  00E1               	movwf	_SWC+1	;volatile
  4110     032F  0021               	movlb	1	; select bank1
  4111     0330  0868               	movf	(_control_data^(0+128)+18),w	;volatile
  4112     0331  0020               	movlb	0	; select bank0
  4113     0332  00E0               	movwf	_SWC	;volatile
  4114     0333                     l2121:
  4115                           
  4116                           ;main.c: 219:                 SWA = (control_data[15] << 8) + (control_data[14]);
  4117     0333  0021               	movlb	1	; select bank1
  4118     0334  0865               	movf	(_control_data^(0+128)+15),w	;volatile
  4119     0335  0020               	movlb	0	; select bank0
  4120     0336  00D7               	movwf	_SWA+1	;volatile
  4121     0337  0021               	movlb	1	; select bank1
  4122     0338  0864               	movf	(_control_data^(0+128)+14),w	;volatile
  4123     0339  0020               	movlb	0	; select bank0
  4124     033A  00D6               	movwf	_SWA	;volatile
  4125     033B                     l2123:
  4126                           
  4127                           ;main.c: 220:                 SWB = (control_data[17] << 8) + control_data[16];
  4128     033B  0021               	movlb	1	; select bank1
  4129     033C  0867               	movf	(_control_data^(0+128)+17),w	;volatile
  4130     033D  0020               	movlb	0	; select bank0
  4131     033E  00D5               	movwf	_SWB+1	;volatile
  4132     033F  0021               	movlb	1	; select bank1
  4133     0340  0866               	movf	(_control_data^(0+128)+16),w	;volatile
  4134     0341  0020               	movlb	0	; select bank0
  4135     0342  00D4               	movwf	_SWB	;volatile
  4136     0343                     l2125:
  4137                           
  4138                           ;main.c: 221:                 VRA = (control_data[23] << 8) + control_data[22];
  4139     0343  0021               	movlb	1	; select bank1
  4140     0344  086D               	movf	(_control_data^(0+128)+23),w	;volatile
  4141     0345  0020               	movlb	0	; select bank0
  4142     0346  00D3               	movwf	_VRA+1	;volatile
  4143     0347  0021               	movlb	1	; select bank1
  4144     0348  086C               	movf	(_control_data^(0+128)+22),w	;volatile
  4145     0349  0020               	movlb	0	; select bank0
  4146     034A  00D2               	movwf	_VRA	;volatile
  4147     034B                     l2127:
  4148                           
  4149                           ;main.c: 222:                 ShootLaser();
  4150     034B  3185  25C5  3182   	fcall	_ShootLaser
  4151     034E                     l2129:
  4152                           
  4153                           ;main.c: 223:                 GetInfoPCU();
  4154     034E  3187  276F  3182   	fcall	_GetInfoPCU
  4155     0351                     l2131:
  4156                           
  4157                           ;main.c: 230:         if(SWA > 1900){
  4158     0351  0020               	movlb	0	; select bank0
  4159     0352  0857               	movf	_SWA+1,w	;volatile
  4160     0353  3A80               	xorlw	128
  4161     0354  00C5               	movwf	??_main
  4162     0355  3087               	movlw	135
  4163     0356  0245               	subwf	??_main,w
  4164     0357  1D03               	skipz
  4165     0358  2B5B               	goto	u2015
  4166     0359  306D               	movlw	109
  4167     035A  0256               	subwf	_SWA,w	;volatile
  4168     035B                     u2015:
  4169     035B  1C03               	skipc
  4170     035C  2B5E               	goto	u2011
  4171     035D  2B5F               	goto	u2010
  4172     035E                     u2011:
  4173     035E  2B73               	goto	l2141
  4174     035F                     u2010:
  4175     035F                     l2133:
  4176                           
  4177                           ;main.c: 231:             LATAbits.LATA2 = 1;
  4178     035F  0020               	movlb	0	; select bank0
  4179     0360  1516               	bsf	22,2	;volatile
  4180     0361                     l2135:
  4181                           
  4182                           ;main.c: 232:             _delay((unsigned long)((500)*(32000000/4000.0)));
  4183     0361  3015               	movlw	21
  4184     0362  0020               	movlb	0	; select bank0
  4185     0363  00C6               	movwf	??_main+1
  4186     0364  304B               	movlw	75
  4187     0365  00C5               	movwf	??_main
  4188     0366  30BE               	movlw	190
  4189     0367                     u2097:
  4190     0367  0B89               	decfsz	9,f
  4191     0368  2B67               	goto	u2097
  4192     0369  0BC5               	decfsz	??_main,f
  4193     036A  2B67               	goto	u2097
  4194     036B  0BC6               	decfsz	??_main+1,f
  4195     036C  2B67               	goto	u2097
  4196     036D  0000               	nop
  4197     036E                     l2137:
  4198                           
  4199                           ;main.c: 233:             follow();
  4200     036E  3181  2102  3182   	fcall	_follow
  4201     0371                     l2139:
  4202                           
  4203                           ;main.c: 234:             LATAbits.LATA2 = 0;
  4204     0371  0020               	movlb	0	; select bank0
  4205     0372  1116               	bcf	22,2	;volatile
  4206     0373                     l2141:
  4207                           
  4208                           ;main.c: 238:         if((SWB > 1900) && (VRA > 1500) && !(vra_flag)){
  4209     0373  0020               	movlb	0	; select bank0
  4210     0374  0855               	movf	_SWB+1,w	;volatile
  4211     0375  3A80               	xorlw	128
  4212     0376  00C5               	movwf	??_main
  4213     0377  3087               	movlw	135
  4214     0378  0245               	subwf	??_main,w
  4215     0379  1D03               	skipz
  4216     037A  2B7D               	goto	u2025
  4217     037B  306D               	movlw	109
  4218     037C  0254               	subwf	_SWB,w	;volatile
  4219     037D                     u2025:
  4220     037D  1C03               	skipc
  4221     037E  2B80               	goto	u2021
  4222     037F  2B81               	goto	u2020
  4223     0380                     u2021:
  4224     0380  2BA7               	goto	l344
  4225     0381                     u2020:
  4226     0381                     l2143:
  4227     0381  0020               	movlb	0	; select bank0
  4228     0382  0853               	movf	_VRA+1,w	;volatile
  4229     0383  3A80               	xorlw	128
  4230     0384  00C5               	movwf	??_main
  4231     0385  3085               	movlw	133
  4232     0386  0245               	subwf	??_main,w
  4233     0387  1D03               	skipz
  4234     0388  2B8B               	goto	u2035
  4235     0389  30DD               	movlw	221
  4236     038A  0252               	subwf	_VRA,w	;volatile
  4237     038B                     u2035:
  4238     038B  1C03               	skipc
  4239     038C  2B8E               	goto	u2031
  4240     038D  2B8F               	goto	u2030
  4241     038E                     u2031:
  4242     038E  2BA7               	goto	l344
  4243     038F                     u2030:
  4244     038F                     l2145:
  4245     038F  0020               	movlb	0	; select bank0
  4246     0390  0851               	movf	main@vra_flag,w
  4247     0391  1D03               	btfss	3,2
  4248     0392  2B94               	goto	u2041
  4249     0393  2B95               	goto	u2040
  4250     0394                     u2041:
  4251     0394  2BA7               	goto	l344
  4252     0395                     u2040:
  4253     0395                     l2147:
  4254                           
  4255                           ;main.c: 239:             LATAbits.LATA0 = 1;
  4256     0395  1416               	bsf	22,0	;volatile
  4257     0396                     l2149:
  4258                           
  4259                           ;main.c: 240:             _delay((unsigned long)((500)*(32000000/4000.0)));
  4260     0396  3015               	movlw	21
  4261     0397  0020               	movlb	0	; select bank0
  4262     0398  00C6               	movwf	??_main+1
  4263     0399  304B               	movlw	75
  4264     039A  00C5               	movwf	??_main
  4265     039B  30BE               	movlw	190
  4266     039C                     u2107:
  4267     039C  0B89               	decfsz	9,f
  4268     039D  2B9C               	goto	u2107
  4269     039E  0BC5               	decfsz	??_main,f
  4270     039F  2B9C               	goto	u2107
  4271     03A0  0BC6               	decfsz	??_main+1,f
  4272     03A1  2B9C               	goto	u2107
  4273     03A2  0000               	nop
  4274     03A3                     l2151:
  4275                           
  4276                           ;main.c: 242:             LATAbits.LATA0 = 0;
  4277     03A3  0020               	movlb	0	; select bank0
  4278     03A4  1016               	bcf	22,0	;volatile
  4279     03A5                     l2153:
  4280                           
  4281                           ;main.c: 243:             vra_flag = 1;
  4282     03A5  3001               	movlw	1
  4283     03A6  00D1               	movwf	main@vra_flag
  4284     03A7                     l344:	
  4285                           ;main.c: 245:         }
  4286                           
  4287                           
  4288                           ;main.c: 247:         if((SWB > 1900) && (VRA < 1500) && !(vra_flag) ){
  4289     03A7  0020               	movlb	0	; select bank0
  4290     03A8  0855               	movf	_SWB+1,w	;volatile
  4291     03A9  3A80               	xorlw	128
  4292     03AA  00C5               	movwf	??_main
  4293     03AB  3087               	movlw	135
  4294     03AC  0245               	subwf	??_main,w
  4295     03AD  1D03               	skipz
  4296     03AE  2BB1               	goto	u2055
  4297     03AF  306D               	movlw	109
  4298     03B0  0254               	subwf	_SWB,w	;volatile
  4299     03B1                     u2055:
  4300     03B1  1C03               	skipc
  4301     03B2  2BB4               	goto	u2051
  4302     03B3  2BB5               	goto	u2050
  4303     03B4                     u2051:
  4304     03B4  2BDB               	goto	l345
  4305     03B5                     u2050:
  4306     03B5                     l2155:
  4307     03B5  0020               	movlb	0	; select bank0
  4308     03B6  0853               	movf	_VRA+1,w	;volatile
  4309     03B7  3A80               	xorlw	128
  4310     03B8  00C5               	movwf	??_main
  4311     03B9  3085               	movlw	133
  4312     03BA  0245               	subwf	??_main,w
  4313     03BB  1D03               	skipz
  4314     03BC  2BBF               	goto	u2065
  4315     03BD  30DC               	movlw	220
  4316     03BE  0252               	subwf	_VRA,w	;volatile
  4317     03BF                     u2065:
  4318     03BF  1803               	skipnc
  4319     03C0  2BC2               	goto	u2061
  4320     03C1  2BC3               	goto	u2060
  4321     03C2                     u2061:
  4322     03C2  2BDB               	goto	l345
  4323     03C3                     u2060:
  4324     03C3                     l2157:
  4325     03C3  0020               	movlb	0	; select bank0
  4326     03C4  0851               	movf	main@vra_flag,w
  4327     03C5  1D03               	btfss	3,2
  4328     03C6  2BC8               	goto	u2071
  4329     03C7  2BC9               	goto	u2070
  4330     03C8                     u2071:
  4331     03C8  2BDB               	goto	l345
  4332     03C9                     u2070:
  4333     03C9                     l2159:
  4334                           
  4335                           ;main.c: 248:             LATAbits.LATA1 = 1;
  4336     03C9  1496               	bsf	22,1	;volatile
  4337     03CA                     l2161:
  4338                           
  4339                           ;main.c: 249:             _delay((unsigned long)((500)*(32000000/4000.0)));
  4340     03CA  3015               	movlw	21
  4341     03CB  0020               	movlb	0	; select bank0
  4342     03CC  00C6               	movwf	??_main+1
  4343     03CD  304B               	movlw	75
  4344     03CE  00C5               	movwf	??_main
  4345     03CF  30BE               	movlw	190
  4346     03D0                     u2117:
  4347     03D0  0B89               	decfsz	9,f
  4348     03D1  2BD0               	goto	u2117
  4349     03D2  0BC5               	decfsz	??_main,f
  4350     03D3  2BD0               	goto	u2117
  4351     03D4  0BC6               	decfsz	??_main+1,f
  4352     03D5  2BD0               	goto	u2117
  4353     03D6  0000               	nop
  4354     03D7                     l2163:
  4355                           
  4356                           ;main.c: 251:             LATAbits.LATA1 = 0;
  4357     03D7  0020               	movlb	0	; select bank0
  4358     03D8  1096               	bcf	22,1	;volatile
  4359     03D9                     l2165:
  4360                           
  4361                           ;main.c: 252:             vra_flag = 1;
  4362     03D9  3001               	movlw	1
  4363     03DA  00D1               	movwf	main@vra_flag
  4364     03DB                     l345:	
  4365                           ;main.c: 253:         }
  4366                           
  4367                           
  4368                           ;main.c: 255:         if(SWB < 1100){
  4369     03DB  0020               	movlb	0	; select bank0
  4370     03DC  0855               	movf	_SWB+1,w	;volatile
  4371     03DD  3A80               	xorlw	128
  4372     03DE  00C5               	movwf	??_main
  4373     03DF  3084               	movlw	132
  4374     03E0  0245               	subwf	??_main,w
  4375     03E1  1D03               	skipz
  4376     03E2  2BE5               	goto	u2085
  4377     03E3  304C               	movlw	76
  4378     03E4  0254               	subwf	_SWB,w	;volatile
  4379     03E5                     u2085:
  4380     03E5  1803               	skipnc
  4381     03E6  2BE8               	goto	u2081
  4382     03E7  2BE9               	goto	u2080
  4383     03E8                     u2081:
  4384     03E8  2AD5               	goto	l2081
  4385     03E9                     u2080:
  4386     03E9                     l2167:
  4387                           
  4388                           ;main.c: 256:             vra_flag = 0;
  4389     03E9  0020               	movlb	0	; select bank0
  4390     03EA  01D1               	clrf	main@vra_flag
  4391     03EB  2AD5               	goto	l2081
  4392     03EC  3180  28C0         	ljmp	start
  4393     03EE                     __end_of_main:
  4394                           
  4395                           	psect	text1
  4396     03EE                     __ptext1:	
  4397 ;; *************** function _motor *****************
  4398 ;; Defined at:
  4399 ;;		line 39 in file "misc_funcs.c"
  4400 ;; Parameters:    Size  Location     Type
  4401 ;;  data            1    9[COMMON] PTR unsigned char 
  4402 ;;		 -> control_data(26), 
  4403 ;; Auto vars:     Size  Location     Type
  4404 ;;  msg            10    0[BANK0 ] unsigned char [10]
  4405 ;;  mly             2   16[BANK0 ] int 
  4406 ;;  mry             2   14[BANK0 ] int 
  4407 ;;  ldirec          2   12[BANK0 ] int 
  4408 ;;  rdirec          2   10[BANK0 ] int 
  4409 ;; Return value:  Size  Location     Type
  4410 ;;                  1    wreg      void 
  4411 ;; Registers used:
  4412 ;;		wreg, fsr0l, fsr0h, fsr1l, fsr1h, status,2, status,0, pclath, cstack
  4413 ;; Tracked objects:
  4414 ;;		On entry : 0/0
  4415 ;;		On exit  : 0/0
  4416 ;;		Unchanged: 0/0
  4417 ;; Data sizes:     COMMON   BANK0   BANK1   BANK2   BANK3   BANK4   BANK5   BANK6   BANK7   BANK8   BANK9  BANK10  BANK1
      +1  BANK12
  4418 ;;      Params:         1       0       0       0       0       0       0       0       0       0       0       0       
      +0       0
  4419 ;;      Locals:         0      18       0       0       0       0       0       0       0       0       0       0       
      +0       0
  4420 ;;      Temps:          1       0       0       0       0       0       0       0       0       0       0       0       
      +0       0
  4421 ;;      Totals:         2      18       0       0       0       0       0       0       0       0       0       0       
      +0       0
  4422 ;;Total ram usage:       20 bytes
  4423 ;; Hardware stack levels used: 1
  4424 ;; Hardware stack levels required when called: 2
  4425 ;; This function calls:
  4426 ;;		___awdiv
  4427 ;;		_sendit
  4428 ;; This function is called by:
  4429 ;;		_main
  4430 ;; This function uses a non-reentrant model
  4431 ;;
  4432                           
  4433     03EE                     _motor:	
  4434                           ;psect for function _motor
  4435                           
  4436     03EE                     l1995:	
  4437                           ;incstack = 0
  4438                           ; Regs used in _motor: [wreg-fsr1h+status,2+status,0+pclath+cstack]
  4439                           
  4440                           
  4441                           ;misc_funcs.c: 42:     int mly = 0;
  4442     03EE  0020               	movlb	0	; select bank0
  4443     03EF  01B0               	clrf	motor@mly
  4444     03F0  01B1               	clrf	motor@mly+1
  4445                           
  4446                           ;misc_funcs.c: 43:     int rdirec = 0;
  4447     03F1  01AA               	clrf	motor@rdirec
  4448     03F2  01AB               	clrf	motor@rdirec+1
  4449                           
  4450                           ;misc_funcs.c: 44:     int ldirec = 0;
  4451     03F3  01AC               	clrf	motor@ldirec
  4452     03F4  01AD               	clrf	motor@ldirec+1
  4453     03F5                     l1997:
  4454                           
  4455                           ;misc_funcs.c: 45:     char msg[10] = {0xFE,0x19,0x01,0x06,0x04,0x00, 0x0, 0x40, 0x0, 0x
      +                          40};
  4456     03F5  3034               	movlw	low motor@F11724
  4457     03F6  0086               	movwf	6
  4458     03F7  3001               	movlw	high motor@F11724
  4459     03F8  0087               	movwf	7
  4460     03F9  3020               	movlw	low motor@msg
  4461     03FA  0084               	movwf	4
  4462     03FB  3000               	movlw	high motor@msg
  4463     03FC  0085               	movwf	5
  4464     03FD  300A               	movlw	10
  4465     03FE  00FA               	movwf	??_motor
  4466     03FF                     u1840:
  4467     03FF  0016               	moviw fsr1++
  4468     0400  001A               	movwi fsr0++
  4469     0401  0BFA               	decfsz	??_motor,f
  4470     0402  2BFF               	goto	u1840
  4471     0403                     l1999:
  4472                           
  4473                           ;misc_funcs.c: 46:         mry = (data[8]+(data[9]<<8) - 1000)/5;
  4474     0403  3005               	movlw	5
  4475     0404  00F1               	movwf	___awdiv@divisor
  4476     0405  3000               	movlw	0
  4477     0406  00F2               	movwf	___awdiv@divisor+1
  4478     0407  0879               	movf	motor@data,w
  4479     0408  3E09               	addlw	9
  4480     0409  0086               	movwf	6
  4481     040A  0187               	clrf	7
  4482     040B  0879               	movf	motor@data,w
  4483     040C  3E08               	addlw	8
  4484     040D  0084               	movwf	4
  4485     040E  0185               	clrf	5
  4486     040F  0800               	movf	0,w
  4487     0410  3E18               	addlw	24
  4488     0411  00F3               	movwf	___awdiv@dividend
  4489     0412  30FC               	movlw	252
  4490     0413  3D01               	addwfc	1,w
  4491     0414  00F4               	movwf	___awdiv@dividend+1
  4492     0415  3185  256A  3183   	fcall	___awdiv
  4493     0418  0872               	movf	?___awdiv+1,w
  4494     0419  0020               	movlb	0	; select bank0
  4495     041A  00AF               	movwf	motor@mry+1
  4496     041B  0871               	movf	?___awdiv,w
  4497     041C  00AE               	movwf	motor@mry
  4498     041D                     l2001:
  4499                           
  4500                           ;misc_funcs.c: 47:         mly = (data[10]+(data[11]<<8) - 1000)/5;
  4501     041D  3005               	movlw	5
  4502     041E  00F1               	movwf	___awdiv@divisor
  4503     041F  3000               	movlw	0
  4504     0420  00F2               	movwf	___awdiv@divisor+1
  4505     0421  0879               	movf	motor@data,w
  4506     0422  3E0B               	addlw	11
  4507     0423  0086               	movwf	6
  4508     0424  0187               	clrf	7
  4509     0425  0879               	movf	motor@data,w
  4510     0426  3E0A               	addlw	10
  4511     0427  0084               	movwf	4
  4512     0428  0185               	clrf	5
  4513     0429  0800               	movf	0,w
  4514     042A  3E18               	addlw	24
  4515     042B  00F3               	movwf	___awdiv@dividend
  4516     042C  30FC               	movlw	252
  4517     042D  3D01               	addwfc	1,w
  4518     042E  00F4               	movwf	___awdiv@dividend+1
  4519     042F  3185  256A  3183   	fcall	___awdiv
  4520     0432  0872               	movf	?___awdiv+1,w
  4521     0433  0020               	movlb	0	; select bank0
  4522     0434  00B1               	movwf	motor@mly+1
  4523     0435  0871               	movf	?___awdiv,w
  4524     0436  00B0               	movwf	motor@mly
  4525     0437                     l2003:
  4526                           
  4527                           ;misc_funcs.c: 48:         if (mry < 110 && mry > 90){rdirec = 0;}
  4528     0437  082F               	movf	motor@mry+1,w
  4529     0438  3A80               	xorlw	128
  4530     0439  00FA               	movwf	??_motor
  4531     043A  3080               	movlw	128
  4532     043B  027A               	subwf	??_motor,w
  4533     043C  1D03               	skipz
  4534     043D  2C40               	goto	u1855
  4535     043E  306E               	movlw	110
  4536     043F  022E               	subwf	motor@mry,w
  4537     0440                     u1855:
  4538     0440  1803               	skipnc
  4539     0441  2C43               	goto	u1851
  4540     0442  2C44               	goto	u1850
  4541     0443                     u1851:
  4542     0443  2C56               	goto	l2009
  4543     0444                     u1850:
  4544     0444                     l2005:
  4545     0444  0020               	movlb	0	; select bank0
  4546     0445  082F               	movf	motor@mry+1,w
  4547     0446  3A80               	xorlw	128
  4548     0447  00FA               	movwf	??_motor
  4549     0448  3080               	movlw	128
  4550     0449  027A               	subwf	??_motor,w
  4551     044A  1D03               	skipz
  4552     044B  2C4E               	goto	u1865
  4553     044C  305B               	movlw	91
  4554     044D  022E               	subwf	motor@mry,w
  4555     044E                     u1865:
  4556     044E  1C03               	skipc
  4557     044F  2C51               	goto	u1861
  4558     0450  2C52               	goto	u1860
  4559     0451                     u1861:
  4560     0451  2C56               	goto	l2009
  4561     0452                     u1860:
  4562     0452                     l2007:
  4563     0452  0020               	movlb	0	; select bank0
  4564     0453  01AA               	clrf	motor@rdirec
  4565     0454  01AB               	clrf	motor@rdirec+1
  4566     0455  2C8C               	goto	l142
  4567     0456                     l2009:
  4568     0456  0020               	movlb	0	; select bank0
  4569     0457  082F               	movf	motor@mry+1,w
  4570     0458  3A80               	xorlw	128
  4571     0459  00FA               	movwf	??_motor
  4572     045A  3080               	movlw	128
  4573     045B  027A               	subwf	??_motor,w
  4574     045C  1D03               	skipz
  4575     045D  2C60               	goto	u1875
  4576     045E  306F               	movlw	111
  4577     045F  022E               	subwf	motor@mry,w
  4578     0460                     u1875:
  4579     0460  1C03               	skipc
  4580     0461  2C63               	goto	u1871
  4581     0462  2C64               	goto	u1870
  4582     0463                     u1871:
  4583     0463  2C70               	goto	l2015
  4584     0464                     u1870:
  4585     0464                     l2011:
  4586                           
  4587                           ;misc_funcs.c: 50:         {;misc_funcs.c: 51:             rdirec = 1;
  4588     0464  3001               	movlw	1
  4589     0465  0020               	movlb	0	; select bank0
  4590     0466  00AA               	movwf	motor@rdirec
  4591     0467  3000               	movlw	0
  4592     0468  00AB               	movwf	motor@rdirec+1
  4593     0469                     l2013:
  4594                           
  4595                           ;misc_funcs.c: 52:             mry = mry - 100;
  4596     0469  082E               	movf	motor@mry,w
  4597     046A  3E9C               	addlw	156
  4598     046B  00AE               	movwf	motor@mry
  4599     046C  30FF               	movlw	255
  4600     046D  3D2F               	addwfc	motor@mry+1,w
  4601     046E  00AF               	movwf	motor@mry+1
  4602                           
  4603                           ;misc_funcs.c: 53:         }
  4604     046F  2C8C               	goto	l142
  4605     0470                     l2015:
  4606     0470  0020               	movlb	0	; select bank0
  4607     0471  082F               	movf	motor@mry+1,w
  4608     0472  3A80               	xorlw	128
  4609     0473  00FA               	movwf	??_motor
  4610     0474  3080               	movlw	128
  4611     0475  027A               	subwf	??_motor,w
  4612     0476  1D03               	skipz
  4613     0477  2C7A               	goto	u1885
  4614     0478  305A               	movlw	90
  4615     0479  022E               	subwf	motor@mry,w
  4616     047A                     u1885:
  4617     047A  1803               	skipnc
  4618     047B  2C7D               	goto	u1881
  4619     047C  2C7E               	goto	u1880
  4620     047D                     u1881:
  4621     047D  2C8C               	goto	l142
  4622     047E                     u1880:
  4623     047E                     l2017:
  4624                           
  4625                           ;misc_funcs.c: 55:         {;misc_funcs.c: 56:             rdirec = 2;
  4626     047E  3002               	movlw	2
  4627     047F  0020               	movlb	0	; select bank0
  4628     0480  00AA               	movwf	motor@rdirec
  4629     0481  3000               	movlw	0
  4630     0482  00AB               	movwf	motor@rdirec+1
  4631                           
  4632                           ;misc_funcs.c: 57:             mry = 100 - mry;
  4633     0483  3064               	movlw	100
  4634     0484  00FA               	movwf	??_motor
  4635     0485  082E               	movf	motor@mry,w
  4636     0486  027A               	subwf	??_motor,w
  4637     0487  00AE               	movwf	motor@mry
  4638     0488  092F               	comf	motor@mry+1,w
  4639     0489  1803               	skipnc
  4640     048A  0A89               	incf	9,f
  4641     048B  00AF               	movwf	motor@mry+1
  4642     048C                     l142:
  4643                           
  4644                           ;misc_funcs.c: 60:         if (mly < 110 && mly > 90){ldirec = 0;}
  4645     048C  0020               	movlb	0	; select bank0
  4646     048D  0831               	movf	motor@mly+1,w
  4647     048E  3A80               	xorlw	128
  4648     048F  00FA               	movwf	??_motor
  4649     0490  3080               	movlw	128
  4650     0491  027A               	subwf	??_motor,w
  4651     0492  1D03               	skipz
  4652     0493  2C96               	goto	u1895
  4653     0494  306E               	movlw	110
  4654     0495  0230               	subwf	motor@mly,w
  4655     0496                     u1895:
  4656     0496  1803               	skipnc
  4657     0497  2C99               	goto	u1891
  4658     0498  2C9A               	goto	u1890
  4659     0499                     u1891:
  4660     0499  2CAC               	goto	l2023
  4661     049A                     u1890:
  4662     049A                     l2019:
  4663     049A  0020               	movlb	0	; select bank0
  4664     049B  0831               	movf	motor@mly+1,w
  4665     049C  3A80               	xorlw	128
  4666     049D  00FA               	movwf	??_motor
  4667     049E  3080               	movlw	128
  4668     049F  027A               	subwf	??_motor,w
  4669     04A0  1D03               	skipz
  4670     04A1  2CA4               	goto	u1905
  4671     04A2  305B               	movlw	91
  4672     04A3  0230               	subwf	motor@mly,w
  4673     04A4                     u1905:
  4674     04A4  1C03               	skipc
  4675     04A5  2CA7               	goto	u1901
  4676     04A6  2CA8               	goto	u1900
  4677     04A7                     u1901:
  4678     04A7  2CAC               	goto	l2023
  4679     04A8                     u1900:
  4680     04A8                     l2021:
  4681     04A8  0020               	movlb	0	; select bank0
  4682     04A9  01AC               	clrf	motor@ldirec
  4683     04AA  01AD               	clrf	motor@ldirec+1
  4684     04AB  2CE2               	goto	l147
  4685     04AC                     l2023:
  4686     04AC  0020               	movlb	0	; select bank0
  4687     04AD  0831               	movf	motor@mly+1,w
  4688     04AE  3A80               	xorlw	128
  4689     04AF  00FA               	movwf	??_motor
  4690     04B0  3080               	movlw	128
  4691     04B1  027A               	subwf	??_motor,w
  4692     04B2  1D03               	skipz
  4693     04B3  2CB6               	goto	u1915
  4694     04B4  306F               	movlw	111
  4695     04B5  0230               	subwf	motor@mly,w
  4696     04B6                     u1915:
  4697     04B6  1C03               	skipc
  4698     04B7  2CB9               	goto	u1911
  4699     04B8  2CBA               	goto	u1910
  4700     04B9                     u1911:
  4701     04B9  2CC6               	goto	l2029
  4702     04BA                     u1910:
  4703     04BA                     l2025:
  4704                           
  4705                           ;misc_funcs.c: 62:         {;misc_funcs.c: 63:             ldirec = 1;
  4706     04BA  3001               	movlw	1
  4707     04BB  0020               	movlb	0	; select bank0
  4708     04BC  00AC               	movwf	motor@ldirec
  4709     04BD  3000               	movlw	0
  4710     04BE  00AD               	movwf	motor@ldirec+1
  4711     04BF                     l2027:
  4712                           
  4713                           ;misc_funcs.c: 64:             mly = mly - 100;
  4714     04BF  0830               	movf	motor@mly,w
  4715     04C0  3E9C               	addlw	156
  4716     04C1  00B0               	movwf	motor@mly
  4717     04C2  30FF               	movlw	255
  4718     04C3  3D31               	addwfc	motor@mly+1,w
  4719     04C4  00B1               	movwf	motor@mly+1
  4720                           
  4721                           ;misc_funcs.c: 65:         }
  4722     04C5  2CE2               	goto	l147
  4723     04C6                     l2029:
  4724     04C6  0020               	movlb	0	; select bank0
  4725     04C7  0831               	movf	motor@mly+1,w
  4726     04C8  3A80               	xorlw	128
  4727     04C9  00FA               	movwf	??_motor
  4728     04CA  3080               	movlw	128
  4729     04CB  027A               	subwf	??_motor,w
  4730     04CC  1D03               	skipz
  4731     04CD  2CD0               	goto	u1925
  4732     04CE  305A               	movlw	90
  4733     04CF  0230               	subwf	motor@mly,w
  4734     04D0                     u1925:
  4735     04D0  1803               	skipnc
  4736     04D1  2CD3               	goto	u1921
  4737     04D2  2CD4               	goto	u1920
  4738     04D3                     u1921:
  4739     04D3  2CE2               	goto	l147
  4740     04D4                     u1920:
  4741     04D4                     l2031:
  4742                           
  4743                           ;misc_funcs.c: 67:         {;misc_funcs.c: 68:             ldirec = 2;
  4744     04D4  3002               	movlw	2
  4745     04D5  0020               	movlb	0	; select bank0
  4746     04D6  00AC               	movwf	motor@ldirec
  4747     04D7  3000               	movlw	0
  4748     04D8  00AD               	movwf	motor@ldirec+1
  4749                           
  4750                           ;misc_funcs.c: 69:             mly = 100 - mly;
  4751     04D9  3064               	movlw	100
  4752     04DA  00FA               	movwf	??_motor
  4753     04DB  0830               	movf	motor@mly,w
  4754     04DC  027A               	subwf	??_motor,w
  4755     04DD  00B0               	movwf	motor@mly
  4756     04DE  0931               	comf	motor@mly+1,w
  4757     04DF  1803               	skipnc
  4758     04E0  0A89               	incf	9,f
  4759     04E1  00B1               	movwf	motor@mly+1
  4760     04E2                     l147:
  4761                           
  4762                           ;misc_funcs.c: 72:         msg[6] = ldirec;
  4763     04E2  0020               	movlb	0	; select bank0
  4764     04E3  082C               	movf	motor@ldirec,w
  4765     04E4  00A6               	movwf	motor@msg+6
  4766                           
  4767                           ;misc_funcs.c: 73:         msg[7] = mly;
  4768     04E5  0830               	movf	motor@mly,w
  4769     04E6  00A7               	movwf	motor@msg+7
  4770                           
  4771                           ;misc_funcs.c: 74:         msg[8] = rdirec;
  4772     04E7  082A               	movf	motor@rdirec,w
  4773     04E8  00A8               	movwf	motor@msg+8
  4774                           
  4775                           ;misc_funcs.c: 75:         msg[9] = mry;
  4776     04E9  082E               	movf	motor@mry,w
  4777     04EA  00A9               	movwf	motor@msg+9
  4778     04EB                     l2033:
  4779                           
  4780                           ;misc_funcs.c: 77:         sendit(msg, 10);
  4781     04EB  3020               	movlw	(low (motor@msg| 0))& (0+255)
  4782     04EC  00F1               	movwf	sendit@it
  4783     04ED  300A               	movlw	10
  4784     04EE  00F2               	movwf	sendit@it_size
  4785     04EF  3000               	movlw	0
  4786     04F0  00F3               	movwf	sendit@it_size+1
  4787     04F1  3186  26D6  3183   	fcall	_sendit
  4788     04F4                     l151:
  4789     04F4  0008               	return
  4790     04F5                     __end_of_motor:
  4791                           
  4792                           	psect	text2
  4793     056A                     __ptext2:	
  4794 ;; *************** function ___awdiv *****************
  4795 ;; Defined at:
  4796 ;;		line 5 in file "C:\Program Files\Microchip\xc8\v3.10\pic\sources\c99\common\awdiv.c"
  4797 ;; Parameters:    Size  Location     Type
  4798 ;;  divisor         2    1[COMMON] int 
  4799 ;;  dividend        2    3[COMMON] int 
  4800 ;; Auto vars:     Size  Location     Type
  4801 ;;  quotient        2    7[COMMON] int 
  4802 ;;  sign            1    6[COMMON] unsigned char 
  4803 ;;  counter         1    5[COMMON] unsigned char 
  4804 ;; Return value:  Size  Location     Type
  4805 ;;                  2    1[COMMON] int 
  4806 ;; Registers used:
  4807 ;;		wreg, status,2, status,0
  4808 ;; Tracked objects:
  4809 ;;		On entry : 0/0
  4810 ;;		On exit  : 0/0
  4811 ;;		Unchanged: 0/0
  4812 ;; Data sizes:     COMMON   BANK0   BANK1   BANK2   BANK3   BANK4   BANK5   BANK6   BANK7   BANK8   BANK9  BANK10  BANK1
      +1  BANK12
  4813 ;;      Params:         4       0       0       0       0       0       0       0       0       0       0       0       
      +0       0
  4814 ;;      Locals:         4       0       0       0       0       0       0       0       0       0       0       0       
      +0       0
  4815 ;;      Temps:          0       0       0       0       0       0       0       0       0       0       0       0       
      +0       0
  4816 ;;      Totals:         8       0       0       0       0       0       0       0       0       0       0       0       
      +0       0
  4817 ;;Total ram usage:        8 bytes
  4818 ;; Hardware stack levels used: 1
  4819 ;; Hardware stack levels required when called: 1
  4820 ;; This function calls:
  4821 ;;		Nothing
  4822 ;; This function is called by:
  4823 ;;		_motor
  4824 ;; This function uses a non-reentrant model
  4825 ;;
  4826                           
  4827     056A                     ___awdiv:	
  4828                           ;psect for function ___awdiv
  4829                           
  4830     056A                     l1519:	
  4831                           ;incstack = 0
  4832                           ; Regs used in ___awdiv: [wreg+status,2+status,0]
  4833                           
  4834     056A  01F6               	clrf	___awdiv@sign
  4835     056B                     l1521:
  4836     056B  1FF2               	btfss	___awdiv@divisor+1,7
  4837     056C  2D6E               	goto	u1041
  4838     056D  2D6F               	goto	u1040
  4839     056E                     u1041:
  4840     056E  2D76               	goto	l1527
  4841     056F                     u1040:
  4842     056F                     l1523:
  4843     056F  09F1               	comf	___awdiv@divisor,f
  4844     0570  09F2               	comf	___awdiv@divisor+1,f
  4845     0571  0AF1               	incf	___awdiv@divisor,f
  4846     0572  1903               	skipnz
  4847     0573  0AF2               	incf	___awdiv@divisor+1,f
  4848     0574                     l1525:
  4849     0574  3001               	movlw	1
  4850     0575  00F6               	movwf	___awdiv@sign
  4851     0576                     l1527:
  4852     0576  1FF4               	btfss	___awdiv@dividend+1,7
  4853     0577  2D79               	goto	u1051
  4854     0578  2D7A               	goto	u1050
  4855     0579                     u1051:
  4856     0579  2D81               	goto	l1533
  4857     057A                     u1050:
  4858     057A                     l1529:
  4859     057A  09F3               	comf	___awdiv@dividend,f
  4860     057B  09F4               	comf	___awdiv@dividend+1,f
  4861     057C  0AF3               	incf	___awdiv@dividend,f
  4862     057D  1903               	skipnz
  4863     057E  0AF4               	incf	___awdiv@dividend+1,f
  4864     057F                     l1531:
  4865     057F  3001               	movlw	1
  4866     0580  06F6               	xorwf	___awdiv@sign,f
  4867     0581                     l1533:
  4868     0581  01F7               	clrf	___awdiv@quotient
  4869     0582  01F8               	clrf	___awdiv@quotient+1
  4870     0583                     l1535:
  4871     0583  0871               	movf	___awdiv@divisor,w
  4872     0584  0472               	iorwf	___awdiv@divisor+1,w
  4873     0585  1903               	btfsc	3,2
  4874     0586  2D88               	goto	u1061
  4875     0587  2D89               	goto	u1060
  4876     0588                     u1061:
  4877     0588  2DB6               	goto	l1555
  4878     0589                     u1060:
  4879     0589                     l1537:
  4880     0589  3001               	movlw	1
  4881     058A  00F5               	movwf	___awdiv@counter
  4882     058B  2D93               	goto	l1543
  4883     058C                     l1539:
  4884     058C  3001               	movlw	1
  4885     058D                     u1075:
  4886     058D  35F1               	lslf	___awdiv@divisor,f
  4887     058E  0DF2               	rlf	___awdiv@divisor+1,f
  4888     058F  0B89               	decfsz	9,f
  4889     0590  2D8D               	goto	u1075
  4890     0591                     l1541:
  4891     0591  3001               	movlw	1
  4892     0592  07F5               	addwf	___awdiv@counter,f
  4893     0593                     l1543:
  4894     0593  1FF2               	btfss	___awdiv@divisor+1,7
  4895     0594  2D96               	goto	u1081
  4896     0595  2D97               	goto	u1080
  4897     0596                     u1081:
  4898     0596  2D8C               	goto	l1539
  4899     0597                     u1080:
  4900     0597                     l1545:
  4901     0597  3001               	movlw	1
  4902     0598                     u1095:
  4903     0598  35F7               	lslf	___awdiv@quotient,f
  4904     0599  0DF8               	rlf	___awdiv@quotient+1,f
  4905     059A  0B89               	decfsz	9,f
  4906     059B  2D98               	goto	u1095
  4907     059C  0872               	movf	___awdiv@divisor+1,w
  4908     059D  0274               	subwf	___awdiv@dividend+1,w
  4909     059E  1D03               	skipz
  4910     059F  2DA2               	goto	u1105
  4911     05A0  0871               	movf	___awdiv@divisor,w
  4912     05A1  0273               	subwf	___awdiv@dividend,w
  4913     05A2                     u1105:
  4914     05A2  1C03               	skipc
  4915     05A3  2DA5               	goto	u1101
  4916     05A4  2DA6               	goto	u1100
  4917     05A5                     u1101:
  4918     05A5  2DAB               	goto	l1551
  4919     05A6                     u1100:
  4920     05A6                     l1547:
  4921     05A6  0871               	movf	___awdiv@divisor,w
  4922     05A7  02F3               	subwf	___awdiv@dividend,f
  4923     05A8  0872               	movf	___awdiv@divisor+1,w
  4924     05A9  3BF4               	subwfb	___awdiv@dividend+1,f
  4925     05AA                     l1549:
  4926     05AA  1477               	bsf	___awdiv@quotient,0
  4927     05AB                     l1551:
  4928     05AB  3001               	movlw	1
  4929     05AC                     u1115:
  4930     05AC  36F2               	lsrf	___awdiv@divisor+1,f
  4931     05AD  0CF1               	rrf	___awdiv@divisor,f
  4932     05AE  0B89               	decfsz	9,f
  4933     05AF  2DAC               	goto	u1115
  4934     05B0                     l1553:
  4935     05B0  3001               	movlw	1
  4936     05B1  02F5               	subwf	___awdiv@counter,f
  4937     05B2  1D03               	btfss	3,2
  4938     05B3  2DB5               	goto	u1121
  4939     05B4  2DB6               	goto	u1120
  4940     05B5                     u1121:
  4941     05B5  2D97               	goto	l1545
  4942     05B6                     u1120:
  4943     05B6                     l1555:
  4944     05B6  0876               	movf	___awdiv@sign,w
  4945     05B7  1903               	btfsc	3,2
  4946     05B8  2DBA               	goto	u1131
  4947     05B9  2DBB               	goto	u1130
  4948     05BA                     u1131:
  4949     05BA  2DC0               	goto	l1559
  4950     05BB                     u1130:
  4951     05BB                     l1557:
  4952     05BB  09F7               	comf	___awdiv@quotient,f
  4953     05BC  09F8               	comf	___awdiv@quotient+1,f
  4954     05BD  0AF7               	incf	___awdiv@quotient,f
  4955     05BE  1903               	skipnz
  4956     05BF  0AF8               	incf	___awdiv@quotient+1,f
  4957     05C0                     l1559:
  4958     05C0  0878               	movf	___awdiv@quotient+1,w
  4959     05C1  00F2               	movwf	?___awdiv+1
  4960     05C2  0877               	movf	___awdiv@quotient,w
  4961     05C3  00F1               	movwf	?___awdiv
  4962     05C4                     l602:
  4963     05C4  0008               	return
  4964     05C5                     __end_of___awdiv:
  4965                           
  4966                           	psect	text3
  4967     0102                     __ptext3:	
  4968 ;; *************** function _follow *****************
  4969 ;; Defined at:
  4970 ;;		line 99 in file "linefollower.c"
  4971 ;; Parameters:    Size  Location     Type
  4972 ;;		None
  4973 ;; Auto vars:     Size  Location     Type
  4974 ;;  stop           10   21[BANK0 ] unsigned char [10]
  4975 ;;  center          2   35[BANK0 ] unsigned short 
  4976 ;;  right           2   33[BANK0 ] unsigned short 
  4977 ;;  left            2   31[BANK0 ] unsigned short 
  4978 ;; Return value:  Size  Location     Type
  4979 ;;                  1    wreg      void 
  4980 ;; Registers used:
  4981 ;;		wreg, fsr0l, fsr0h, fsr1l, fsr1h, status,2, status,0, pclath, cstack
  4982 ;; Tracked objects:
  4983 ;;		On entry : 0/0
  4984 ;;		On exit  : 0/0
  4985 ;;		Unchanged: 0/0
  4986 ;; Data sizes:     COMMON   BANK0   BANK1   BANK2   BANK3   BANK4   BANK5   BANK6   BANK7   BANK8   BANK9  BANK10  BANK1
      +1  BANK12
  4987 ;;      Params:         0       0       0       0       0       0       0       0       0       0       0       0       
      +0       0
  4988 ;;      Locals:         0      16       0       0       0       0       0       0       0       0       0       0       
      +0       0
  4989 ;;      Temps:          2       0       0       0       0       0       0       0       0       0       0       0       
      +0       0
  4990 ;;      Totals:         2      16       0       0       0       0       0       0       0       0       0       0       
      +0       0
  4991 ;;Total ram usage:       18 bytes
  4992 ;; Hardware stack levels used: 1
  4993 ;; Hardware stack levels required when called: 3
  4994 ;; This function calls:
  4995 ;;		_GetInfoController
  4996 ;;		_rd_adc
  4997 ;;		_runmotor
  4998 ;;		_sendit
  4999 ;; This function is called by:
  5000 ;;		_main
  5001 ;; This function uses a non-reentrant model
  5002 ;;
  5003                           
  5004     0102                     _follow:	
  5005                           ;psect for function _follow
  5006                           
  5007     0102                     l1563:	
  5008                           ;incstack = 0
  5009                           ; Regs used in _follow: [wreg-fsr1h+status,2+status,0+pclath+cstack]
  5010                           
  5011                           
  5012                           ;linefollower.c: 102:     volatile const uint16_t wlvl = 825;;linefollower.c: 103:     v
      +                          olatile const uint16_t blvl = 850;;linefollower.c: 106:     ANSELB = 0b0111;
  5013     0102  3007               	movlw	7
  5014     0103  003E               	movlb	30	; select bank30
  5015     0104  00C3               	movwf	67	;volatile
  5016                           
  5017                           ;linefollower.c: 107:     TRISB = 0b0111;
  5018     0105  3007               	movlw	7
  5019     0106  0020               	movlb	0	; select bank0
  5020     0107  0092               	movwf	18	;volatile
  5021                           
  5022                           ;linefollower.c: 113:     ADCLK = 0b11111;
  5023     0108  301F               	movlw	31
  5024     0109  0021               	movlb	1	; select bank1
  5025     010A  0098               	movwf	24	;volatile
  5026     010B                     l1565:
  5027                           
  5028                           ;linefollower.c: 115:     ADREFbits.ADPREF = 0b00;
  5029     010B  30FC               	movlw	-4
  5030     010C  059A               	andwf	26,f	;volatile
  5031     010D                     l1567:
  5032                           
  5033                           ;linefollower.c: 116:     ADREFbits.ADNREF = 0;
  5034     010D  121A               	bcf	26,4	;volatile
  5035     010E                     l1569:
  5036                           
  5037                           ;linefollower.c: 120:     ADACQ = 0b001;
  5038     010E  3001               	movlw	1
  5039     010F  009D               	movwf	29	;volatile
  5040     0110                     l1571:
  5041                           
  5042                           ;linefollower.c: 122:     ADCON0bits.ADFRM0 = 1;
  5043     0110  1513               	bsf	19,2	;volatile
  5044     0111                     l1573:
  5045                           
  5046                           ;linefollower.c: 124:     ADCON0bits.ADON = 1;
  5047     0111  1793               	bsf	19,7	;volatile
  5048     0112                     l1575:
  5049                           
  5050                           ;linefollower.c: 131:         GetInfoController();
  5051     0112  3186  26F7  3181   	fcall	_GetInfoController
  5052     0115                     l1577:
  5053                           
  5054                           ;linefollower.c: 135:         if((control_data[15] << 8) + (control_data[14]) <= 1999){
  5055     0115  0021               	movlb	1	; select bank1
  5056     0116  0865               	movf	(_control_data^(0+128)+15),w	;volatile
  5057     0117  3A80               	xorlw	128
  5058     0118  00F9               	movwf	??_follow
  5059     0119  3087               	movlw	135
  5060     011A  0279               	subwf	??_follow,w
  5061     011B  1D03               	skipz
  5062     011C  291F               	goto	u1145
  5063     011D  30D0               	movlw	208
  5064     011E  0264               	subwf	(_control_data^(0+128)+14),w	;volatile
  5065     011F                     u1145:
  5066     011F  1803               	skipnc
  5067     0120  2922               	goto	u1141
  5068     0121  2923               	goto	u1140
  5069     0122                     u1141:
  5070     0122  2934               	goto	l1585
  5071     0123                     u1140:
  5072     0123                     l1579:
  5073                           
  5074                           ;linefollower.c: 137:             runmotor(4);
  5075     0123  3004               	movlw	4
  5076     0124  3184  24F5  3181   	fcall	_runmotor
  5077     0127                     l1581:
  5078                           
  5079                           ;linefollower.c: 138:             _delay((unsigned long)((50)*(32000000/4000.0)));
  5080     0127  3003               	movlw	3
  5081     0128  00FA               	movwf	??_follow+1
  5082     0129  3008               	movlw	8
  5083     012A  00F9               	movwf	??_follow
  5084     012B  3077               	movlw	119
  5085     012C                     u2127:
  5086     012C  0B89               	decfsz	9,f
  5087     012D  292C               	goto	u2127
  5088     012E  0BF9               	decfsz	??_follow,f
  5089     012F  292C               	goto	u2127
  5090     0130  0BFA               	decfsz	??_follow+1,f
  5091     0131  292C               	goto	u2127
  5092     0132  0000               	nop
  5093     0133  2A9E               	goto	l58
  5094     0134                     l1585:
  5095                           
  5096                           ;linefollower.c: 142:         char stop[] = {0xFE,0x19,0x01,0x06,0x04,0x00, 0x0, 0x0, 0x
      +                          0, 0x0};
  5097     0134  303E               	movlw	low follow@F11747
  5098     0135  0086               	movwf	6
  5099     0136  3001               	movlw	high follow@F11747
  5100     0137  0087               	movwf	7
  5101     0138  3035               	movlw	low follow@stop
  5102     0139  0084               	movwf	4
  5103     013A  3000               	movlw	high follow@stop
  5104     013B  0085               	movwf	5
  5105     013C  300A               	movlw	10
  5106     013D  00F9               	movwf	??_follow
  5107     013E                     u1150:
  5108     013E  0016               	moviw fsr1++
  5109     013F  001A               	movwi fsr0++
  5110     0140  0BF9               	decfsz	??_follow,f
  5111     0141  293E               	goto	u1150
  5112     0142                     l1587:
  5113                           
  5114                           ;linefollower.c: 144:         sendit(stop, 10);
  5115     0142  3035               	movlw	(low (follow@stop| 0))& (0+255)
  5116     0143  00F1               	movwf	sendit@it
  5117     0144  300A               	movlw	10
  5118     0145  00F2               	movwf	sendit@it_size
  5119     0146  3000               	movlw	0
  5120     0147  00F3               	movwf	sendit@it_size+1
  5121     0148  3186  26D6  3181   	fcall	_sendit
  5122     014B                     l1589:
  5123                           
  5124                           ;linefollower.c: 146:         _delay((unsigned long)((60)*(32000000/4000.0)));
  5125     014B  3003               	movlw	3
  5126     014C  00FA               	movwf	??_follow+1
  5127     014D  3070               	movlw	112
  5128     014E  00F9               	movwf	??_follow
  5129     014F  305C               	movlw	92
  5130     0150                     u2137:
  5131     0150  0B89               	decfsz	9,f
  5132     0151  2950               	goto	u2137
  5133     0152  0BF9               	decfsz	??_follow,f
  5134     0153  2950               	goto	u2137
  5135     0154  0BFA               	decfsz	??_follow+1,f
  5136     0155  2950               	goto	u2137
  5137     0156  3200               	nop2
  5138     0157                     l1591:
  5139                           
  5140                           ;linefollower.c: 149:         uint16_t left = rd_adc(1);
  5141     0157  3001               	movlw	1
  5142     0158  3186  2653  3181   	fcall	_rd_adc
  5143     015B  0872               	movf	?_rd_adc+1,w
  5144     015C  0020               	movlb	0	; select bank0
  5145     015D  00C0               	movwf	follow@left+1
  5146     015E  0871               	movf	?_rd_adc,w
  5147     015F  00BF               	movwf	follow@left
  5148     0160                     l1593:
  5149                           
  5150                           ;linefollower.c: 150:         uint16_t right = rd_adc(2);
  5151     0160  3002               	movlw	2
  5152     0161  3186  2653  3181   	fcall	_rd_adc
  5153     0164  0872               	movf	?_rd_adc+1,w
  5154     0165  0020               	movlb	0	; select bank0
  5155     0166  00C2               	movwf	follow@right+1
  5156     0167  0871               	movf	?_rd_adc,w
  5157     0168  00C1               	movwf	follow@right
  5158     0169                     l1595:
  5159                           
  5160                           ;linefollower.c: 151:         uint16_t center = rd_adc(3);
  5161     0169  3003               	movlw	3
  5162     016A  3186  2653  3181   	fcall	_rd_adc
  5163     016D  0872               	movf	?_rd_adc+1,w
  5164     016E  0020               	movlb	0	; select bank0
  5165     016F  00C4               	movwf	follow@center+1
  5166     0170  0871               	movf	?_rd_adc,w
  5167     0171  00C3               	movwf	follow@center
  5168     0172                     l1597:
  5169                           
  5170                           ;linefollower.c: 153:         if (right < wlvl && center > blvl && left < wlvl){
  5171     0172  309D               	movlw	low (follow@wlvl| (0+32768))
  5172     0173  0084               	movwf	4
  5173     0174  3087               	movlw	high (follow@wlvl| (0+32768))
  5174     0175  0085               	movwf	5
  5175     0176  3F00               	moviw [0]fsr0
  5176     0177  00F9               	movwf	??_follow
  5177     0178  3F01               	moviw [1]fsr0
  5178     0179  00FA               	movwf	??_follow+1
  5179     017A  087A               	movf	??_follow+1,w
  5180     017B  0242               	subwf	follow@right+1,w
  5181     017C  1D03               	skipz
  5182     017D  2980               	goto	u1165
  5183     017E  0879               	movf	??_follow,w
  5184     017F  0241               	subwf	follow@right,w
  5185     0180                     u1165:
  5186     0180  1803               	skipnc
  5187     0181  2983               	goto	u1161
  5188     0182  2984               	goto	u1160
  5189     0183                     u1161:
  5190     0183  29AD               	goto	l1605
  5191     0184                     u1160:
  5192     0184                     l1599:
  5193     0184  309B               	movlw	low (follow@blvl| (0+32768))
  5194     0185  0084               	movwf	4
  5195     0186  3087               	movlw	high (follow@blvl| (0+32768))
  5196     0187  0085               	movwf	5
  5197     0188  3F00               	moviw [0]fsr0
  5198     0189  00F9               	movwf	??_follow
  5199     018A  3F01               	moviw [1]fsr0
  5200     018B  00FA               	movwf	??_follow+1
  5201     018C  0844               	movf	follow@center+1,w
  5202     018D  027A               	subwf	??_follow+1,w
  5203     018E  1D03               	skipz
  5204     018F  2992               	goto	u1175
  5205     0190  0843               	movf	follow@center,w
  5206     0191  0279               	subwf	??_follow,w
  5207     0192                     u1175:
  5208     0192  1803               	skipnc
  5209     0193  2995               	goto	u1171
  5210     0194  2996               	goto	u1170
  5211     0195                     u1171:
  5212     0195  29AD               	goto	l1605
  5213     0196                     u1170:
  5214     0196                     l1601:
  5215     0196  309D               	movlw	low (follow@wlvl| (0+32768))
  5216     0197  0084               	movwf	4
  5217     0198  3087               	movlw	high (follow@wlvl| (0+32768))
  5218     0199  0085               	movwf	5
  5219     019A  3F00               	moviw [0]fsr0
  5220     019B  00F9               	movwf	??_follow
  5221     019C  3F01               	moviw [1]fsr0
  5222     019D  00FA               	movwf	??_follow+1
  5223     019E  087A               	movf	??_follow+1,w
  5224     019F  0240               	subwf	follow@left+1,w
  5225     01A0  1D03               	skipz
  5226     01A1  29A4               	goto	u1185
  5227     01A2  0879               	movf	??_follow,w
  5228     01A3  023F               	subwf	follow@left,w
  5229     01A4                     u1185:
  5230     01A4  1803               	skipnc
  5231     01A5  29A7               	goto	u1181
  5232     01A6  29A8               	goto	u1180
  5233     01A7                     u1181:
  5234     01A7  29AD               	goto	l1605
  5235     01A8                     u1180:
  5236     01A8                     l1603:
  5237                           
  5238                           ;linefollower.c: 154:             runmotor(3);
  5239     01A8  3003               	movlw	3
  5240     01A9  3184  24F5  3181   	fcall	_runmotor
  5241                           
  5242                           ;linefollower.c: 155:         }
  5243     01AC  2912               	goto	l1575
  5244     01AD                     l1605:
  5245     01AD  309D               	movlw	low (follow@wlvl| (0+32768))
  5246     01AE  0084               	movwf	4
  5247     01AF  3087               	movlw	high (follow@wlvl| (0+32768))
  5248     01B0  0085               	movwf	5
  5249     01B1  3F00               	moviw [0]fsr0
  5250     01B2  00F9               	movwf	??_follow
  5251     01B3  3F01               	moviw [1]fsr0
  5252     01B4  00FA               	movwf	??_follow+1
  5253     01B5  087A               	movf	??_follow+1,w
  5254     01B6  0242               	subwf	follow@right+1,w
  5255     01B7  1D03               	skipz
  5256     01B8  29BB               	goto	u1195
  5257     01B9  0879               	movf	??_follow,w
  5258     01BA  0241               	subwf	follow@right,w
  5259     01BB                     u1195:
  5260     01BB  1803               	skipnc
  5261     01BC  29BE               	goto	u1191
  5262     01BD  29BF               	goto	u1190
  5263     01BE                     u1191:
  5264     01BE  29E8               	goto	l1613
  5265     01BF                     u1190:
  5266     01BF                     l1607:
  5267     01BF  309B               	movlw	low (follow@blvl| (0+32768))
  5268     01C0  0084               	movwf	4
  5269     01C1  3087               	movlw	high (follow@blvl| (0+32768))
  5270     01C2  0085               	movwf	5
  5271     01C3  3F00               	moviw [0]fsr0
  5272     01C4  00F9               	movwf	??_follow
  5273     01C5  3F01               	moviw [1]fsr0
  5274     01C6  00FA               	movwf	??_follow+1
  5275     01C7  0844               	movf	follow@center+1,w
  5276     01C8  027A               	subwf	??_follow+1,w
  5277     01C9  1D03               	skipz
  5278     01CA  29CD               	goto	u1205
  5279     01CB  0843               	movf	follow@center,w
  5280     01CC  0279               	subwf	??_follow,w
  5281     01CD                     u1205:
  5282     01CD  1803               	skipnc
  5283     01CE  29D0               	goto	u1201
  5284     01CF  29D1               	goto	u1200
  5285     01D0                     u1201:
  5286     01D0  29E8               	goto	l1613
  5287     01D1                     u1200:
  5288     01D1                     l1609:
  5289     01D1  309B               	movlw	low (follow@blvl| (0+32768))
  5290     01D2  0084               	movwf	4
  5291     01D3  3087               	movlw	high (follow@blvl| (0+32768))
  5292     01D4  0085               	movwf	5
  5293     01D5  3F00               	moviw [0]fsr0
  5294     01D6  00F9               	movwf	??_follow
  5295     01D7  3F01               	moviw [1]fsr0
  5296     01D8  00FA               	movwf	??_follow+1
  5297     01D9  0840               	movf	follow@left+1,w
  5298     01DA  027A               	subwf	??_follow+1,w
  5299     01DB  1D03               	skipz
  5300     01DC  29DF               	goto	u1215
  5301     01DD  083F               	movf	follow@left,w
  5302     01DE  0279               	subwf	??_follow,w
  5303     01DF                     u1215:
  5304     01DF  1803               	skipnc
  5305     01E0  29E2               	goto	u1211
  5306     01E1  29E3               	goto	u1210
  5307     01E2                     u1211:
  5308     01E2  29E8               	goto	l1613
  5309     01E3                     u1210:
  5310     01E3                     l1611:
  5311                           
  5312                           ;linefollower.c: 159:             runmotor(2);
  5313     01E3  3002               	movlw	2
  5314     01E4  3184  24F5  3181   	fcall	_runmotor
  5315                           
  5316                           ;linefollower.c: 160:         }
  5317     01E7  2912               	goto	l1575
  5318     01E8                     l1613:
  5319     01E8  309D               	movlw	low (follow@wlvl| (0+32768))
  5320     01E9  0084               	movwf	4
  5321     01EA  3087               	movlw	high (follow@wlvl| (0+32768))
  5322     01EB  0085               	movwf	5
  5323     01EC  3F00               	moviw [0]fsr0
  5324     01ED  00F9               	movwf	??_follow
  5325     01EE  3F01               	moviw [1]fsr0
  5326     01EF  00FA               	movwf	??_follow+1
  5327     01F0  087A               	movf	??_follow+1,w
  5328     01F1  0242               	subwf	follow@right+1,w
  5329     01F2  1D03               	skipz
  5330     01F3  29F6               	goto	u1225
  5331     01F4  0879               	movf	??_follow,w
  5332     01F5  0241               	subwf	follow@right,w
  5333     01F6                     u1225:
  5334     01F6  1803               	skipnc
  5335     01F7  29F9               	goto	u1221
  5336     01F8  29FA               	goto	u1220
  5337     01F9                     u1221:
  5338     01F9  2A23               	goto	l1621
  5339     01FA                     u1220:
  5340     01FA                     l1615:
  5341     01FA  309D               	movlw	low (follow@wlvl| (0+32768))
  5342     01FB  0084               	movwf	4
  5343     01FC  3087               	movlw	high (follow@wlvl| (0+32768))
  5344     01FD  0085               	movwf	5
  5345     01FE  3F00               	moviw [0]fsr0
  5346     01FF  00F9               	movwf	??_follow
  5347     0200  3F01               	moviw [1]fsr0
  5348     0201  00FA               	movwf	??_follow+1
  5349     0202  087A               	movf	??_follow+1,w
  5350     0203  0244               	subwf	follow@center+1,w
  5351     0204  1D03               	skipz
  5352     0205  2A08               	goto	u1235
  5353     0206  0879               	movf	??_follow,w
  5354     0207  0243               	subwf	follow@center,w
  5355     0208                     u1235:
  5356     0208  1803               	skipnc
  5357     0209  2A0B               	goto	u1231
  5358     020A  2A0C               	goto	u1230
  5359     020B                     u1231:
  5360     020B  2A23               	goto	l1621
  5361     020C                     u1230:
  5362     020C                     l1617:
  5363     020C  309B               	movlw	low (follow@blvl| (0+32768))
  5364     020D  0084               	movwf	4
  5365     020E  3087               	movlw	high (follow@blvl| (0+32768))
  5366     020F  0085               	movwf	5
  5367     0210  3F00               	moviw [0]fsr0
  5368     0211  00F9               	movwf	??_follow
  5369     0212  3F01               	moviw [1]fsr0
  5370     0213  00FA               	movwf	??_follow+1
  5371     0214  0840               	movf	follow@left+1,w
  5372     0215  027A               	subwf	??_follow+1,w
  5373     0216  1D03               	skipz
  5374     0217  2A1A               	goto	u1245
  5375     0218  083F               	movf	follow@left,w
  5376     0219  0279               	subwf	??_follow,w
  5377     021A                     u1245:
  5378     021A  1803               	skipnc
  5379     021B  2A1D               	goto	u1241
  5380     021C  2A1E               	goto	u1240
  5381     021D                     u1241:
  5382     021D  2A23               	goto	l1621
  5383     021E                     u1240:
  5384     021E                     l1619:
  5385                           
  5386                           ;linefollower.c: 165:             runmotor(2);
  5387     021E  3002               	movlw	2
  5388     021F  3184  24F5  3181   	fcall	_runmotor
  5389                           
  5390                           ;linefollower.c: 166:         }
  5391     0222  2912               	goto	l1575
  5392     0223                     l1621:
  5393     0223  309B               	movlw	low (follow@blvl| (0+32768))
  5394     0224  0084               	movwf	4
  5395     0225  3087               	movlw	high (follow@blvl| (0+32768))
  5396     0226  0085               	movwf	5
  5397     0227  3F00               	moviw [0]fsr0
  5398     0228  00F9               	movwf	??_follow
  5399     0229  3F01               	moviw [1]fsr0
  5400     022A  00FA               	movwf	??_follow+1
  5401     022B  0842               	movf	follow@right+1,w
  5402     022C  027A               	subwf	??_follow+1,w
  5403     022D  1D03               	skipz
  5404     022E  2A31               	goto	u1255
  5405     022F  0841               	movf	follow@right,w
  5406     0230  0279               	subwf	??_follow,w
  5407     0231                     u1255:
  5408     0231  1803               	skipnc
  5409     0232  2A34               	goto	u1251
  5410     0233  2A35               	goto	u1250
  5411     0234                     u1251:
  5412     0234  2A5E               	goto	l1629
  5413     0235                     u1250:
  5414     0235                     l1623:
  5415     0235  309D               	movlw	low (follow@wlvl| (0+32768))
  5416     0236  0084               	movwf	4
  5417     0237  3087               	movlw	high (follow@wlvl| (0+32768))
  5418     0238  0085               	movwf	5
  5419     0239  3F00               	moviw [0]fsr0
  5420     023A  00F9               	movwf	??_follow
  5421     023B  3F01               	moviw [1]fsr0
  5422     023C  00FA               	movwf	??_follow+1
  5423     023D  087A               	movf	??_follow+1,w
  5424     023E  0244               	subwf	follow@center+1,w
  5425     023F  1D03               	skipz
  5426     0240  2A43               	goto	u1265
  5427     0241  0879               	movf	??_follow,w
  5428     0242  0243               	subwf	follow@center,w
  5429     0243                     u1265:
  5430     0243  1803               	skipnc
  5431     0244  2A46               	goto	u1261
  5432     0245  2A47               	goto	u1260
  5433     0246                     u1261:
  5434     0246  2A5E               	goto	l1629
  5435     0247                     u1260:
  5436     0247                     l1625:
  5437     0247  309D               	movlw	low (follow@wlvl| (0+32768))
  5438     0248  0084               	movwf	4
  5439     0249  3087               	movlw	high (follow@wlvl| (0+32768))
  5440     024A  0085               	movwf	5
  5441     024B  3F00               	moviw [0]fsr0
  5442     024C  00F9               	movwf	??_follow
  5443     024D  3F01               	moviw [1]fsr0
  5444     024E  00FA               	movwf	??_follow+1
  5445     024F  087A               	movf	??_follow+1,w
  5446     0250  0240               	subwf	follow@left+1,w
  5447     0251  1D03               	skipz
  5448     0252  2A55               	goto	u1275
  5449     0253  0879               	movf	??_follow,w
  5450     0254  023F               	subwf	follow@left,w
  5451     0255                     u1275:
  5452     0255  1803               	skipnc
  5453     0256  2A58               	goto	u1271
  5454     0257  2A59               	goto	u1270
  5455     0258                     u1271:
  5456     0258  2A5E               	goto	l1629
  5457     0259                     u1270:
  5458     0259                     l1627:
  5459                           
  5460                           ;linefollower.c: 171:             runmotor(1);
  5461     0259  3001               	movlw	1
  5462     025A  3184  24F5  3181   	fcall	_runmotor
  5463                           
  5464                           ;linefollower.c: 172:         }
  5465     025D  2912               	goto	l1575
  5466     025E                     l1629:
  5467     025E  309B               	movlw	low (follow@blvl| (0+32768))
  5468     025F  0084               	movwf	4
  5469     0260  3087               	movlw	high (follow@blvl| (0+32768))
  5470     0261  0085               	movwf	5
  5471     0262  3F00               	moviw [0]fsr0
  5472     0263  00F9               	movwf	??_follow
  5473     0264  3F01               	moviw [1]fsr0
  5474     0265  00FA               	movwf	??_follow+1
  5475     0266  0842               	movf	follow@right+1,w
  5476     0267  027A               	subwf	??_follow+1,w
  5477     0268  1D03               	skipz
  5478     0269  2A6C               	goto	u1285
  5479     026A  0841               	movf	follow@right,w
  5480     026B  0279               	subwf	??_follow,w
  5481     026C                     u1285:
  5482     026C  1803               	skipnc
  5483     026D  2A6F               	goto	u1281
  5484     026E  2A70               	goto	u1280
  5485     026F                     u1281:
  5486     026F  2A99               	goto	l1637
  5487     0270                     u1280:
  5488     0270                     l1631:
  5489     0270  309B               	movlw	low (follow@blvl| (0+32768))
  5490     0271  0084               	movwf	4
  5491     0272  3087               	movlw	high (follow@blvl| (0+32768))
  5492     0273  0085               	movwf	5
  5493     0274  3F00               	moviw [0]fsr0
  5494     0275  00F9               	movwf	??_follow
  5495     0276  3F01               	moviw [1]fsr0
  5496     0277  00FA               	movwf	??_follow+1
  5497     0278  0844               	movf	follow@center+1,w
  5498     0279  027A               	subwf	??_follow+1,w
  5499     027A  1D03               	skipz
  5500     027B  2A7E               	goto	u1295
  5501     027C  0843               	movf	follow@center,w
  5502     027D  0279               	subwf	??_follow,w
  5503     027E                     u1295:
  5504     027E  1803               	skipnc
  5505     027F  2A81               	goto	u1291
  5506     0280  2A82               	goto	u1290
  5507     0281                     u1291:
  5508     0281  2A99               	goto	l1637
  5509     0282                     u1290:
  5510     0282                     l1633:
  5511     0282  309D               	movlw	low (follow@wlvl| (0+32768))
  5512     0283  0084               	movwf	4
  5513     0284  3087               	movlw	high (follow@wlvl| (0+32768))
  5514     0285  0085               	movwf	5
  5515     0286  3F00               	moviw [0]fsr0
  5516     0287  00F9               	movwf	??_follow
  5517     0288  3F01               	moviw [1]fsr0
  5518     0289  00FA               	movwf	??_follow+1
  5519     028A  087A               	movf	??_follow+1,w
  5520     028B  0240               	subwf	follow@left+1,w
  5521     028C  1D03               	skipz
  5522     028D  2A90               	goto	u1305
  5523     028E  0879               	movf	??_follow,w
  5524     028F  023F               	subwf	follow@left,w
  5525     0290                     u1305:
  5526     0290  1803               	skipnc
  5527     0291  2A93               	goto	u1301
  5528     0292  2A94               	goto	u1300
  5529     0293                     u1301:
  5530     0293  2A99               	goto	l1637
  5531     0294                     u1300:
  5532     0294                     l1635:
  5533                           
  5534                           ;linefollower.c: 176:             runmotor(1);
  5535     0294  3001               	movlw	1
  5536     0295  3184  24F5  3181   	fcall	_runmotor
  5537                           
  5538                           ;linefollower.c: 177:         }
  5539     0298  2912               	goto	l1575
  5540     0299                     l1637:
  5541                           
  5542                           ;linefollower.c: 180:             runmotor(3);
  5543     0299  3003               	movlw	3
  5544     029A  3184  24F5  3181   	fcall	_runmotor
  5545     029D  2912               	goto	l1575
  5546     029E                     l58:
  5547     029E  0008               	return
  5548     029F                     __end_of_follow:
  5549                           
  5550                           	psect	text4
  5551     04F5                     __ptext4:	
  5552 ;; *************** function _runmotor *****************
  5553 ;; Defined at:
  5554 ;;		line 42 in file "linefollower.c"
  5555 ;; Parameters:    Size  Location     Type
  5556 ;;  select          1    wreg     unsigned char 
  5557 ;; Auto vars:     Size  Location     Type
  5558 ;;  select          1   20[BANK0 ] unsigned char 
  5559 ;;  msg            10   10[BANK0 ] unsigned char [10]
  5560 ;;  stop           10    0[BANK0 ] unsigned char [10]
  5561 ;; Return value:  Size  Location     Type
  5562 ;;                  1    wreg      void 
  5563 ;; Registers used:
  5564 ;;		wreg, fsr0l, fsr0h, fsr1l, fsr1h, status,2, status,0, pclath, cstack
  5565 ;; Tracked objects:
  5566 ;;		On entry : 0/0
  5567 ;;		On exit  : 0/0
  5568 ;;		Unchanged: 0/0
  5569 ;; Data sizes:     COMMON   BANK0   BANK1   BANK2   BANK3   BANK4   BANK5   BANK6   BANK7   BANK8   BANK9  BANK10  BANK1
      +1  BANK12
  5570 ;;      Params:         0       0       0       0       0       0       0       0       0       0       0       0       
      +0       0
  5571 ;;      Locals:         0      21       0       0       0       0       0       0       0       0       0       0       
      +0       0
  5572 ;;      Temps:          2       0       0       0       0       0       0       0       0       0       0       0       
      +0       0
  5573 ;;      Totals:         2      21       0       0       0       0       0       0       0       0       0       0       
      +0       0
  5574 ;;Total ram usage:       23 bytes
  5575 ;; Hardware stack levels used: 1
  5576 ;; Hardware stack levels required when called: 2
  5577 ;; This function calls:
  5578 ;;		_sendit
  5579 ;; This function is called by:
  5580 ;;		_follow
  5581 ;; This function uses a non-reentrant model
  5582 ;;
  5583                           
  5584     04F5                     _runmotor:	
  5585                           ;psect for function _runmotor
  5586                           
  5587                           
  5588                           ;incstack = 0
  5589                           ; Regs used in _runmotor: [wreg-fsr1h+status,2+status,0+pclath+cstack]
  5590                           ;runmotor@select stored from wreg
  5591     04F5  0020               	movlb	0	; select bank0
  5592     04F6  00B4               	movwf	runmotor@select
  5593     04F7                     l1477:
  5594                           
  5595                           ;linefollower.c: 46:     char stop[] = {0xFE,0x19,0x01,0x06,0x04,0x00, 0x0, 0x0, 0x0, 0x
      +                          0};
  5596     04F7  30AA               	movlw	low runmotor@F11740
  5597     04F8  0086               	movwf	6
  5598     04F9  3000               	movlw	high runmotor@F11740
  5599     04FA  0087               	movwf	7
  5600     04FB  3020               	movlw	low runmotor@stop
  5601     04FC  0084               	movwf	4
  5602     04FD  3000               	movlw	high runmotor@stop
  5603     04FE  0085               	movwf	5
  5604     04FF  300A               	movlw	10
  5605     0500  00F7               	movwf	??_runmotor
  5606     0501                     u950:
  5607     0501  0016               	moviw fsr1++
  5608     0502  001A               	movwi fsr0++
  5609     0503  0BF7               	decfsz	??_runmotor,f
  5610     0504  2D01               	goto	u950
  5611     0505                     l1479:
  5612                           
  5613                           ;linefollower.c: 48:     sendit(stop, 10);
  5614     0505  3020               	movlw	(low (runmotor@stop| 0))& (0+255)
  5615     0506  00F1               	movwf	sendit@it
  5616     0507  300A               	movlw	10
  5617     0508  00F2               	movwf	sendit@it_size
  5618     0509  3000               	movlw	0
  5619     050A  00F3               	movwf	sendit@it_size+1
  5620     050B  3186  26D6  3184   	fcall	_sendit
  5621     050E                     l1481:
  5622                           
  5623                           ;linefollower.c: 50:     _delay((unsigned long)((50)*(32000000/4000.0)));
  5624     050E  3003               	movlw	3
  5625     050F  00F8               	movwf	??_runmotor+1
  5626     0510  3008               	movlw	8
  5627     0511  00F7               	movwf	??_runmotor
  5628     0512  3077               	movlw	119
  5629     0513                     u2147:
  5630     0513  0B89               	decfsz	9,f
  5631     0514  2D13               	goto	u2147
  5632     0515  0BF7               	decfsz	??_runmotor,f
  5633     0516  2D13               	goto	u2147
  5634     0517  0BF8               	decfsz	??_runmotor+1,f
  5635     0518  2D13               	goto	u2147
  5636     0519  0000               	nop
  5637     051A                     l1483:
  5638                           
  5639                           ;linefollower.c: 52:     char msg[] = {0xFE,0x19,0x01,0x06,0x04,0x00, 0x0, 0x0, 0x0, 0x0
      +                          };
  5640     051A  30A0               	movlw	low runmotor@F11742
  5641     051B  0086               	movwf	6
  5642     051C  3000               	movlw	high runmotor@F11742
  5643     051D  0087               	movwf	7
  5644     051E  302A               	movlw	low runmotor@msg
  5645     051F  0084               	movwf	4
  5646     0520  3000               	movlw	high runmotor@msg
  5647     0521  0085               	movwf	5
  5648     0522  300A               	movlw	10
  5649     0523  00F7               	movwf	??_runmotor
  5650     0524                     u960:
  5651     0524  0016               	moviw fsr1++
  5652     0525  001A               	movwi fsr0++
  5653     0526  0BF7               	decfsz	??_runmotor,f
  5654     0527  2D24               	goto	u960
  5655     0528                     l1485:
  5656                           
  5657                           ;linefollower.c: 53:     if (select == 1){
  5658     0528  0020               	movlb	0	; select bank0
  5659     0529  0334               	decf	runmotor@select,w
  5660     052A  1D03               	btfss	3,2
  5661     052B  2D2D               	goto	u971
  5662     052C  2D2E               	goto	u970
  5663     052D                     u971:
  5664     052D  2D37               	goto	l1489
  5665     052E                     u970:
  5666     052E                     l1487:
  5667                           
  5668                           ;linefollower.c: 54:         msg[6] = 1;
  5669     052E  3001               	movlw	1
  5670     052F  00B0               	movwf	runmotor@msg+6
  5671                           
  5672                           ;linefollower.c: 55:         msg[7] = 80;
  5673     0530  3050               	movlw	80
  5674     0531  00B1               	movwf	runmotor@msg+7
  5675                           
  5676                           ;linefollower.c: 56:         msg[8] = 2;
  5677     0532  3002               	movlw	2
  5678     0533  00B2               	movwf	runmotor@msg+8
  5679                           
  5680                           ;linefollower.c: 57:         msg[9] = 50;
  5681     0534  3032               	movlw	50
  5682     0535  00B3               	movwf	runmotor@msg+9
  5683                           
  5684                           ;linefollower.c: 58:     }
  5685     0536  2D54               	goto	l1497
  5686     0537                     l1489:
  5687     0537  3002               	movlw	2
  5688     0538  0634               	xorwf	runmotor@select,w
  5689     0539  1D03               	btfss	3,2
  5690     053A  2D3C               	goto	u981
  5691     053B  2D3D               	goto	u980
  5692     053C                     u981:
  5693     053C  2D46               	goto	l1493
  5694     053D                     u980:
  5695     053D                     l1491:
  5696                           
  5697                           ;linefollower.c: 61:         msg[6] = 2;
  5698     053D  3002               	movlw	2
  5699     053E  00B0               	movwf	runmotor@msg+6
  5700                           
  5701                           ;linefollower.c: 62:         msg[7] = 50;
  5702     053F  3032               	movlw	50
  5703     0540  00B1               	movwf	runmotor@msg+7
  5704                           
  5705                           ;linefollower.c: 63:         msg[8] = 1;
  5706     0541  3001               	movlw	1
  5707     0542  00B2               	movwf	runmotor@msg+8
  5708                           
  5709                           ;linefollower.c: 64:         msg[9] = 80;
  5710     0543  3050               	movlw	80
  5711     0544  00B3               	movwf	runmotor@msg+9
  5712                           
  5713                           ;linefollower.c: 65:     }
  5714     0545  2D54               	goto	l1497
  5715     0546                     l1493:
  5716     0546  3003               	movlw	3
  5717     0547  0634               	xorwf	runmotor@select,w
  5718     0548  1D03               	btfss	3,2
  5719     0549  2D4B               	goto	u991
  5720     054A  2D4C               	goto	u990
  5721     054B                     u991:
  5722     054B  2D54               	goto	l1497
  5723     054C                     u990:
  5724     054C                     l1495:
  5725                           
  5726                           ;linefollower.c: 68:         msg[6] = 1;
  5727     054C  3001               	movlw	1
  5728     054D  00B0               	movwf	runmotor@msg+6
  5729                           
  5730                           ;linefollower.c: 69:         msg[7] = 50;
  5731     054E  3032               	movlw	50
  5732     054F  00B1               	movwf	runmotor@msg+7
  5733                           
  5734                           ;linefollower.c: 70:         msg[8] = 1;
  5735     0550  3001               	movlw	1
  5736     0551  00B2               	movwf	runmotor@msg+8
  5737                           
  5738                           ;linefollower.c: 71:         msg[9] = 50;
  5739     0552  3032               	movlw	50
  5740     0553  00B3               	movwf	runmotor@msg+9
  5741     0554                     l1497:
  5742                           
  5743                           ;linefollower.c: 77:     sendit(msg, 10);
  5744     0554  302A               	movlw	(low (runmotor@msg| 0))& (0+255)
  5745     0555  00F1               	movwf	sendit@it
  5746     0556  300A               	movlw	10
  5747     0557  00F2               	movwf	sendit@it_size
  5748     0558  3000               	movlw	0
  5749     0559  00F3               	movwf	sendit@it_size+1
  5750     055A  3186  26D6  3184   	fcall	_sendit
  5751     055D                     l1499:
  5752                           
  5753                           ;linefollower.c: 78:     _delay((unsigned long)((220)*(32000000/4000.0)));
  5754     055D  3009               	movlw	9
  5755     055E  00F8               	movwf	??_runmotor+1
  5756     055F  30EE               	movlw	238
  5757     0560  00F7               	movwf	??_runmotor
  5758     0561  30AF               	movlw	175
  5759     0562                     u2157:
  5760     0562  0B89               	decfsz	9,f
  5761     0563  2D62               	goto	u2157
  5762     0564  0BF7               	decfsz	??_runmotor,f
  5763     0565  2D62               	goto	u2157
  5764     0566  0BF8               	decfsz	??_runmotor+1,f
  5765     0567  2D62               	goto	u2157
  5766     0568  0000               	nop
  5767     0569                     l49:
  5768     0569  0008               	return
  5769     056A                     __end_of_runmotor:
  5770                           
  5771                           	psect	text5
  5772     0653                     __ptext5:	
  5773 ;; *************** function _rd_adc *****************
  5774 ;; Defined at:
  5775 ;;		line 16 in file "linefollower.c"
  5776 ;; Parameters:    Size  Location     Type
  5777 ;;  select          1    wreg     unsigned char 
  5778 ;; Auto vars:     Size  Location     Type
  5779 ;;  select          1    6[COMMON] unsigned char 
  5780 ;;  output          2    4[COMMON] unsigned short 
  5781 ;; Return value:  Size  Location     Type
  5782 ;;                  2    1[COMMON] unsigned short 
  5783 ;; Registers used:
  5784 ;;		wreg, status,2, status,0
  5785 ;; Tracked objects:
  5786 ;;		On entry : 0/0
  5787 ;;		On exit  : 0/0
  5788 ;;		Unchanged: 0/0
  5789 ;; Data sizes:     COMMON   BANK0   BANK1   BANK2   BANK3   BANK4   BANK5   BANK6   BANK7   BANK8   BANK9  BANK10  BANK1
      +1  BANK12
  5790 ;;      Params:         2       0       0       0       0       0       0       0       0       0       0       0       
      +0       0
  5791 ;;      Locals:         3       0       0       0       0       0       0       0       0       0       0       0       
      +0       0
  5792 ;;      Temps:          1       0       0       0       0       0       0       0       0       0       0       0       
      +0       0
  5793 ;;      Totals:         6       0       0       0       0       0       0       0       0       0       0       0       
      +0       0
  5794 ;;Total ram usage:        6 bytes
  5795 ;; Hardware stack levels used: 1
  5796 ;; Hardware stack levels required when called: 1
  5797 ;; This function calls:
  5798 ;;		Nothing
  5799 ;; This function is called by:
  5800 ;;		_follow
  5801 ;; This function uses a non-reentrant model
  5802 ;;
  5803                           
  5804     0653                     _rd_adc:	
  5805                           ;psect for function _rd_adc
  5806                           
  5807                           
  5808                           ;incstack = 0
  5809                           ; Regs used in _rd_adc: [wreg+status,2+status,0]
  5810                           ;rd_adc@select stored from wreg
  5811     0653  00F6               	movwf	rd_adc@select
  5812     0654                     l1457:
  5813                           
  5814                           ;linefollower.c: 20:     if (select == 1){
  5815     0654  0376               	decf	rd_adc@select,w
  5816     0655  1D03               	btfss	3,2
  5817     0656  2E58               	goto	u911
  5818     0657  2E59               	goto	u910
  5819     0658                     u911:
  5820     0658  2E5D               	goto	l1461
  5821     0659                     u910:
  5822     0659                     l1459:
  5823                           
  5824                           ;linefollower.c: 21:         ADPCH = 0b001000;
  5825     0659  3008               	movlw	8
  5826     065A  0021               	movlb	1	; select bank1
  5827     065B  009E               	movwf	30	;volatile
  5828                           
  5829                           ;linefollower.c: 22:     }
  5830     065C  2E70               	goto	l1469
  5831     065D                     l1461:
  5832     065D  3002               	movlw	2
  5833     065E  0676               	xorwf	rd_adc@select,w
  5834     065F  1D03               	btfss	3,2
  5835     0660  2E62               	goto	u921
  5836     0661  2E63               	goto	u920
  5837     0662                     u921:
  5838     0662  2E67               	goto	l1465
  5839     0663                     u920:
  5840     0663                     l1463:
  5841                           
  5842                           ;linefollower.c: 25:         ADPCH = 0b001001;
  5843     0663  3009               	movlw	9
  5844     0664  0021               	movlb	1	; select bank1
  5845     0665  009E               	movwf	30	;volatile
  5846                           
  5847                           ;linefollower.c: 26:     }
  5848     0666  2E70               	goto	l1469
  5849     0667                     l1465:
  5850     0667  3003               	movlw	3
  5851     0668  0676               	xorwf	rd_adc@select,w
  5852     0669  1D03               	btfss	3,2
  5853     066A  2E6C               	goto	u931
  5854     066B  2E6D               	goto	u930
  5855     066C                     u931:
  5856     066C  2E70               	goto	l1469
  5857     066D                     u930:
  5858     066D                     l1467:
  5859                           
  5860                           ;linefollower.c: 29:         ADPCH = 0b001010;
  5861     066D  300A               	movlw	10
  5862     066E  0021               	movlb	1	; select bank1
  5863     066F  009E               	movwf	30	;volatile
  5864     0670                     l1469:
  5865                           
  5866                           ;linefollower.c: 32:     _delay((unsigned long)((1)*(32000000/4000.0)));
  5867     0670  300B               	movlw	11
  5868     0671  00F3               	movwf	??_rd_adc
  5869     0672  3062               	movlw	98
  5870     0673                     u2167:
  5871     0673  0B89               	decfsz	9,f
  5872     0674  2E73               	goto	u2167
  5873     0675  0BF3               	decfsz	??_rd_adc,f
  5874     0676  2E73               	goto	u2167
  5875     0677  3200               	nop2
  5876     0678                     l1471:
  5877                           
  5878                           ;linefollower.c: 34:     ADCON0bits.ADGO = 1;
  5879     0678  0021               	movlb	1	; select bank1
  5880     0679  1413               	bsf	19,0	;volatile
  5881     067A                     l34:	
  5882                           ;linefollower.c: 35:     while(ADCON0bits.ADGO == 1);
  5883                           
  5884     067A  1813               	btfsc	19,0	;volatile
  5885     067B  2E7D               	goto	u941
  5886     067C  2E7E               	goto	u940
  5887     067D                     u941:
  5888     067D  2E7A               	goto	l34
  5889     067E                     u940:
  5890     067E                     l1473:
  5891                           
  5892                           ;linefollower.c: 37:     uint16_t output = (uint16_t)ADRESL + ((uint16_t)ADRESH << 8);
  5893     067E  080D               	movf	13,w	;volatile
  5894     067F  00F5               	movwf	rd_adc@output+1
  5895     0680  080C               	movf	12,w	;volatile
  5896     0681  00F4               	movwf	rd_adc@output
  5897                           
  5898                           ;linefollower.c: 38:     return output;
  5899     0682  0875               	movf	rd_adc@output+1,w
  5900     0683  00F2               	movwf	?_rd_adc+1
  5901     0684  0874               	movf	rd_adc@output,w
  5902     0685  00F1               	movwf	?_rd_adc
  5903     0686                     l37:
  5904     0686  0008               	return
  5905     0687                     __end_of_rd_adc:
  5906                           
  5907                           	psect	text6
  5908     06F7                     __ptext6:	
  5909 ;; *************** function _GetInfoController *****************
  5910 ;; Defined at:
  5911 ;;		line 20 in file "misc_funcs.c"
  5912 ;; Parameters:    Size  Location     Type
  5913 ;;		None
  5914 ;; Auto vars:     Size  Location     Type
  5915 ;;  ask             6    0[BANK0 ] unsigned char [6]
  5916 ;; Return value:  Size  Location     Type
  5917 ;;                  1    wreg      void 
  5918 ;; Registers used:
  5919 ;;		wreg, fsr0l, fsr0h, fsr1l, fsr1h, status,2, status,0, pclath, cstack
  5920 ;; Tracked objects:
  5921 ;;		On entry : 0/0
  5922 ;;		On exit  : 0/0
  5923 ;;		Unchanged: 0/0
  5924 ;; Data sizes:     COMMON   BANK0   BANK1   BANK2   BANK3   BANK4   BANK5   BANK6   BANK7   BANK8   BANK9  BANK10  BANK1
      +1  BANK12
  5925 ;;      Params:         0       0       0       0       0       0       0       0       0       0       0       0       
      +0       0
  5926 ;;      Locals:         0       6       0       0       0       0       0       0       0       0       0       0       
      +0       0
  5927 ;;      Temps:          1       0       0       0       0       0       0       0       0       0       0       0       
      +0       0
  5928 ;;      Totals:         1       6       0       0       0       0       0       0       0       0       0       0       
      +0       0
  5929 ;;Total ram usage:        7 bytes
  5930 ;; Hardware stack levels used: 1
  5931 ;; Hardware stack levels required when called: 1
  5932 ;; This function calls:
  5933 ;;		_sendit
  5934 ;; This function is called by:
  5935 ;;		_follow
  5936 ;;		_main
  5937 ;; This function uses a non-reentrant model
  5938 ;;
  5939                           
  5940     06F7                     _GetInfoController:	
  5941                           ;psect for function _GetInfoController
  5942                           
  5943     06F7                     l1503:	
  5944                           ;incstack = 0
  5945                           ; Regs used in _GetInfoController: [wreg-fsr1h+status,2+status,0+pclath+cstack]
  5946                           
  5947                           
  5948                           ;misc_funcs.c: 22:     char ask[6] = {0xFE,0x19,0x01,0x05,0x00,0x00};
  5949     06F7  30CA               	movlw	low GetInfoController@F11710
  5950     06F8  0086               	movwf	6
  5951     06F9  3000               	movlw	high GetInfoController@F11710
  5952     06FA  0087               	movwf	7
  5953     06FB  3020               	movlw	low GetInfoController@ask
  5954     06FC  0084               	movwf	4
  5955     06FD  3000               	movlw	high GetInfoController@ask
  5956     06FE  0085               	movwf	5
  5957     06FF  3006               	movlw	6
  5958     0700  00F7               	movwf	??_GetInfoController
  5959     0701                     u1000:
  5960     0701  0016               	moviw fsr1++
  5961     0702  001A               	movwi fsr0++
  5962     0703  0BF7               	decfsz	??_GetInfoController,f
  5963     0704  2F01               	goto	u1000
  5964     0705                     l1505:
  5965                           
  5966                           ;misc_funcs.c: 23:     sendit(ask,6);
  5967     0705  3020               	movlw	(low (GetInfoController@ask| 0))& (0+255)
  5968     0706  00F1               	movwf	sendit@it
  5969     0707  3006               	movlw	6
  5970     0708  00F2               	movwf	sendit@it_size
  5971     0709  3000               	movlw	0
  5972     070A  00F3               	movwf	sendit@it_size+1
  5973     070B  3186  26D6  3186   	fcall	_sendit
  5974     070E                     l126:
  5975     070E  0008               	return
  5976     070F                     __end_of_GetInfoController:
  5977                           
  5978                           	psect	text7
  5979     05C5                     __ptext7:	
  5980 ;; *************** function _ShootLaser *****************
  5981 ;; Defined at:
  5982 ;;		line 25 in file "laser.c"
  5983 ;; Parameters:    Size  Location     Type
  5984 ;;		None
  5985 ;; Auto vars:     Size  Location     Type
  5986 ;;		None
  5987 ;; Return value:  Size  Location     Type
  5988 ;;                  1    wreg      void 
  5989 ;; Registers used:
  5990 ;;		wreg, fsr0l, fsr0h, fsr1l, fsr1h, status,2, status,0, pclath, cstack
  5991 ;; Tracked objects:
  5992 ;;		On entry : 0/0
  5993 ;;		On exit  : 0/0
  5994 ;;		Unchanged: 0/0
  5995 ;; Data sizes:     COMMON   BANK0   BANK1   BANK2   BANK3   BANK4   BANK5   BANK6   BANK7   BANK8   BANK9  BANK10  BANK1
      +1  BANK12
  5996 ;;      Params:         0       0       0       0       0       0       0       0       0       0       0       0       
      +0       0
  5997 ;;      Locals:         0       0       0       0       0       0       0       0       0       0       0       0       
      +0       0
  5998 ;;      Temps:          1       0       0       0       0       0       0       0       0       0       0       0       
      +0       0
  5999 ;;      Totals:         1       0       0       0       0       0       0       0       0       0       0       0       
      +0       0
  6000 ;;Total ram usage:        1 bytes
  6001 ;; Hardware stack levels used: 1
  6002 ;; Hardware stack levels required when called: 3
  6003 ;; This function calls:
  6004 ;;		_ShootAttack
  6005 ;;		_ShootRepair
  6006 ;;		_ShootShield
  6007 ;; This function is called by:
  6008 ;;		_main
  6009 ;; This function uses a non-reentrant model
  6010 ;;
  6011                           
  6012     05C5                     _ShootLaser:	
  6013                           ;psect for function _ShootLaser
  6014                           
  6015     05C5                     l1639:	
  6016                           ;incstack = 0
  6017                           ; Regs used in _ShootLaser: [wreg-fsr1h+status,2+status,0+pclath+cstack]
  6018                           
  6019                           
  6020                           ;laser.c: 27:     if (SWD > 1600)
  6021     05C5  0020               	movlb	0	; select bank0
  6022     05C6  0863               	movf	_SWD+1,w	;volatile
  6023     05C7  3A80               	xorlw	128
  6024     05C8  00F8               	movwf	??_ShootLaser
  6025     05C9  3086               	movlw	134
  6026     05CA  0278               	subwf	??_ShootLaser,w
  6027     05CB  1D03               	skipz
  6028     05CC  2DCF               	goto	u1315
  6029     05CD  3041               	movlw	65
  6030     05CE  0262               	subwf	_SWD,w	;volatile
  6031     05CF                     u1315:
  6032     05CF  1C03               	skipc
  6033     05D0  2DD2               	goto	u1311
  6034     05D1  2DD3               	goto	u1310
  6035     05D2                     u1311:
  6036     05D2  2E1C               	goto	l108
  6037     05D3                     u1310:
  6038     05D3                     l1641:
  6039                           
  6040                           ;laser.c: 28:         {;laser.c: 29:             if (SWC > 1800)
  6041     05D3  0020               	movlb	0	; select bank0
  6042     05D4  0861               	movf	_SWC+1,w	;volatile
  6043     05D5  3A80               	xorlw	128
  6044     05D6  00F8               	movwf	??_ShootLaser
  6045     05D7  3087               	movlw	135
  6046     05D8  0278               	subwf	??_ShootLaser,w
  6047     05D9  1D03               	skipz
  6048     05DA  2DDD               	goto	u1325
  6049     05DB  3009               	movlw	9
  6050     05DC  0260               	subwf	_SWC,w	;volatile
  6051     05DD                     u1325:
  6052     05DD  1C03               	skipc
  6053     05DE  2DE0               	goto	u1321
  6054     05DF  2DE1               	goto	u1320
  6055     05E0                     u1321:
  6056     05E0  2DEB               	goto	l1647
  6057     05E1                     u1320:
  6058     05E1                     l1643:
  6059                           
  6060                           ;laser.c: 30:             {;laser.c: 31:                 if (!shield_code_flag)
  6061     05E1  0020               	movlb	0	; select bank0
  6062     05E2  0865               	movf	_shield_code_flag,w	;volatile
  6063     05E3  1D03               	btfss	3,2
  6064     05E4  2DE6               	goto	u1331
  6065     05E5  2DE7               	goto	u1330
  6066     05E6                     u1331:
  6067     05E6  2E1C               	goto	l108
  6068     05E7                     u1330:
  6069     05E7                     l1645:
  6070                           
  6071                           ;laser.c: 32:                 {;laser.c: 33:                     ShootShield();
  6072     05E7  3187  270F  3185   	fcall	_ShootShield
  6073     05EA  2E1C               	goto	l108
  6074     05EB                     l1647:
  6075     05EB  0020               	movlb	0	; select bank0
  6076     05EC  0861               	movf	_SWC+1,w	;volatile
  6077     05ED  3A80               	xorlw	128
  6078     05EE  00F8               	movwf	??_ShootLaser
  6079     05EF  3085               	movlw	133
  6080     05F0  0278               	subwf	??_ShootLaser,w
  6081     05F1  1D03               	skipz
  6082     05F2  2DF5               	goto	u1345
  6083     05F3  3015               	movlw	21
  6084     05F4  0260               	subwf	_SWC,w	;volatile
  6085     05F5                     u1345:
  6086     05F5  1C03               	skipc
  6087     05F6  2DF8               	goto	u1341
  6088     05F7  2DF9               	goto	u1340
  6089     05F8                     u1341:
  6090     05F8  2E0B               	goto	l1653
  6091     05F9                     u1340:
  6092     05F9                     l1649:
  6093     05F9  0020               	movlb	0	; select bank0
  6094     05FA  0861               	movf	_SWC+1,w	;volatile
  6095     05FB  3A80               	xorlw	128
  6096     05FC  00F8               	movwf	??_ShootLaser
  6097     05FD  3086               	movlw	134
  6098     05FE  0278               	subwf	??_ShootLaser,w
  6099     05FF  1D03               	skipz
  6100     0600  2E03               	goto	u1355
  6101     0601  30A4               	movlw	164
  6102     0602  0260               	subwf	_SWC,w	;volatile
  6103     0603                     u1355:
  6104     0603  1803               	skipnc
  6105     0604  2E06               	goto	u1351
  6106     0605  2E07               	goto	u1350
  6107     0606                     u1351:
  6108     0606  2E0B               	goto	l1653
  6109     0607                     u1350:
  6110     0607                     l1651:
  6111                           
  6112                           ;laser.c: 37:             {;laser.c: 38:                 ShootAttack();
  6113     0607  3187  273F  3185   	fcall	_ShootAttack
  6114                           
  6115                           ;laser.c: 39:             }
  6116     060A  2E1C               	goto	l108
  6117     060B                     l1653:
  6118     060B  0020               	movlb	0	; select bank0
  6119     060C  0861               	movf	_SWC+1,w	;volatile
  6120     060D  3A80               	xorlw	128
  6121     060E  00F8               	movwf	??_ShootLaser
  6122     060F  3080               	movlw	128
  6123     0610  0278               	subwf	??_ShootLaser,w
  6124     0611  1D03               	skipz
  6125     0612  2E15               	goto	u1365
  6126     0613  30C8               	movlw	200
  6127     0614  0260               	subwf	_SWC,w	;volatile
  6128     0615                     u1365:
  6129     0615  1803               	skipnc
  6130     0616  2E18               	goto	u1361
  6131     0617  2E19               	goto	u1360
  6132     0618                     u1361:
  6133     0618  2E1C               	goto	l108
  6134     0619                     u1360:
  6135     0619                     l1657:
  6136                           
  6137                           ;laser.c: 43:                 {;laser.c: 44:                     ShootRepair();
  6138     0619  3187  2727  3185   	fcall	_ShootRepair
  6139     061C                     l108:
  6140     061C  0008               	return
  6141     061D                     __end_of_ShootLaser:
  6142                           
  6143                           	psect	text8
  6144     070F                     __ptext8:	
  6145 ;; *************** function _ShootShield *****************
  6146 ;; Defined at:
  6147 ;;		line 7 in file "laser.c"
  6148 ;; Parameters:    Size  Location     Type
  6149 ;;		None
  6150 ;; Auto vars:     Size  Location     Type
  6151 ;;  tosend          6    0[BANK0 ] unsigned char [6]
  6152 ;; Return value:  Size  Location     Type
  6153 ;;                  1    wreg      void 
  6154 ;; Registers used:
  6155 ;;		wreg, fsr0l, fsr0h, fsr1l, fsr1h, status,2, status,0, pclath, cstack
  6156 ;; Tracked objects:
  6157 ;;		On entry : 0/0
  6158 ;;		On exit  : 0/0
  6159 ;;		Unchanged: 0/0
  6160 ;; Data sizes:     COMMON   BANK0   BANK1   BANK2   BANK3   BANK4   BANK5   BANK6   BANK7   BANK8   BANK9  BANK10  BANK1
      +1  BANK12
  6161 ;;      Params:         0       0       0       0       0       0       0       0       0       0       0       0       
      +0       0
  6162 ;;      Locals:         0       6       0       0       0       0       0       0       0       0       0       0       
      +0       0
  6163 ;;      Temps:          1       0       0       0       0       0       0       0       0       0       0       0       
      +0       0
  6164 ;;      Totals:         1       6       0       0       0       0       0       0       0       0       0       0       
      +0       0
  6165 ;;Total ram usage:        7 bytes
  6166 ;; Hardware stack levels used: 1
  6167 ;; Hardware stack levels required when called: 2
  6168 ;; This function calls:
  6169 ;;		_sendit
  6170 ;; This function is called by:
  6171 ;;		_ShootLaser
  6172 ;; This function uses a non-reentrant model
  6173 ;;
  6174                           
  6175     070F                     _ShootShield:	
  6176                           ;psect for function _ShootShield
  6177                           
  6178     070F                     l1507:	
  6179                           ;incstack = 0
  6180                           ; Regs used in _ShootShield: [wreg-fsr1h+status,2+status,0+pclath+cstack]
  6181                           
  6182                           
  6183                           ;laser.c: 9:     char tosend[6] = {0xFE, 0x19, 0x02, 0x09, 0x00, 0x00};
  6184     070F  3066               	movlw	low ShootShield@F11736
  6185     0710  0086               	movwf	6
  6186     0711  3000               	movlw	high ShootShield@F11736
  6187     0712  0087               	movwf	7
  6188     0713  3020               	movlw	low ShootShield@tosend
  6189     0714  0084               	movwf	4
  6190     0715  3000               	movlw	high ShootShield@tosend
  6191     0716  0085               	movwf	5
  6192     0717  3006               	movlw	6
  6193     0718  00F7               	movwf	??_ShootShield
  6194     0719                     u1010:
  6195     0719  0016               	moviw fsr1++
  6196     071A  001A               	movwi fsr0++
  6197     071B  0BF7               	decfsz	??_ShootShield,f
  6198     071C  2F19               	goto	u1010
  6199     071D                     l1509:
  6200                           
  6201                           ;laser.c: 10:     sendit(tosend, 6);
  6202     071D  3020               	movlw	(low (ShootShield@tosend| 0))& (0+255)
  6203     071E  00F1               	movwf	sendit@it
  6204     071F  3006               	movlw	6
  6205     0720  00F2               	movwf	sendit@it_size
  6206     0721  3000               	movlw	0
  6207     0722  00F3               	movwf	sendit@it_size+1
  6208     0723  3186  26D6  3187   	fcall	_sendit
  6209     0726                     l87:
  6210     0726  0008               	return
  6211     0727                     __end_of_ShootShield:
  6212                           
  6213                           	psect	text9
  6214     0727                     __ptext9:	
  6215 ;; *************** function _ShootRepair *****************
  6216 ;; Defined at:
  6217 ;;		line 19 in file "laser.c"
  6218 ;; Parameters:    Size  Location     Type
  6219 ;;		None
  6220 ;; Auto vars:     Size  Location     Type
  6221 ;;  tosend          6    0[BANK0 ] unsigned char [6]
  6222 ;; Return value:  Size  Location     Type
  6223 ;;                  1    wreg      void 
  6224 ;; Registers used:
  6225 ;;		wreg, fsr0l, fsr0h, fsr1l, fsr1h, status,2, status,0, pclath, cstack
  6226 ;; Tracked objects:
  6227 ;;		On entry : 0/0
  6228 ;;		On exit  : 0/0
  6229 ;;		Unchanged: 0/0
  6230 ;; Data sizes:     COMMON   BANK0   BANK1   BANK2   BANK3   BANK4   BANK5   BANK6   BANK7   BANK8   BANK9  BANK10  BANK1
      +1  BANK12
  6231 ;;      Params:         0       0       0       0       0       0       0       0       0       0       0       0       
      +0       0
  6232 ;;      Locals:         0       6       0       0       0       0       0       0       0       0       0       0       
      +0       0
  6233 ;;      Temps:          1       0       0       0       0       0       0       0       0       0       0       0       
      +0       0
  6234 ;;      Totals:         1       6       0       0       0       0       0       0       0       0       0       0       
      +0       0
  6235 ;;Total ram usage:        7 bytes
  6236 ;; Hardware stack levels used: 1
  6237 ;; Hardware stack levels required when called: 2
  6238 ;; This function calls:
  6239 ;;		_sendit
  6240 ;; This function is called by:
  6241 ;;		_ShootLaser
  6242 ;; This function uses a non-reentrant model
  6243 ;;
  6244                           
  6245     0727                     _ShootRepair:	
  6246                           ;psect for function _ShootRepair
  6247                           
  6248     0727                     l1515:	
  6249                           ;incstack = 0
  6250                           ; Regs used in _ShootRepair: [wreg-fsr1h+status,2+status,0+pclath+cstack]
  6251                           
  6252                           
  6253                           ;laser.c: 21:     char tosend[6] = {0xFE, 0x19, 0x04, 0x09, 0x00, 0x00};
  6254     0727  30D0               	movlw	low ShootRepair@F11742
  6255     0728  0086               	movwf	6
  6256     0729  3000               	movlw	high ShootRepair@F11742
  6257     072A  0087               	movwf	7
  6258     072B  3020               	movlw	low ShootRepair@tosend
  6259     072C  0084               	movwf	4
  6260     072D  3000               	movlw	high ShootRepair@tosend
  6261     072E  0085               	movwf	5
  6262     072F  3006               	movlw	6
  6263     0730  00F7               	movwf	??_ShootRepair
  6264     0731                     u1030:
  6265     0731  0016               	moviw fsr1++
  6266     0732  001A               	movwi fsr0++
  6267     0733  0BF7               	decfsz	??_ShootRepair,f
  6268     0734  2F31               	goto	u1030
  6269     0735                     l1517:
  6270                           
  6271                           ;laser.c: 22:     sendit(tosend, 6);
  6272     0735  3020               	movlw	(low (ShootRepair@tosend| 0))& (0+255)
  6273     0736  00F1               	movwf	sendit@it
  6274     0737  3006               	movlw	6
  6275     0738  00F2               	movwf	sendit@it_size
  6276     0739  3000               	movlw	0
  6277     073A  00F3               	movwf	sendit@it_size+1
  6278     073B  3186  26D6  3187   	fcall	_sendit
  6279     073E                     l97:
  6280     073E  0008               	return
  6281     073F                     __end_of_ShootRepair:
  6282                           
  6283                           	psect	text10
  6284     073F                     __ptext10:	
  6285 ;; *************** function _ShootAttack *****************
  6286 ;; Defined at:
  6287 ;;		line 13 in file "laser.c"
  6288 ;; Parameters:    Size  Location     Type
  6289 ;;		None
  6290 ;; Auto vars:     Size  Location     Type
  6291 ;;  tosend          7    0[BANK0 ] unsigned char [7]
  6292 ;; Return value:  Size  Location     Type
  6293 ;;                  1    wreg      void 
  6294 ;; Registers used:
  6295 ;;		wreg, fsr0l, fsr0h, fsr1l, fsr1h, status,2, status,0, pclath, cstack
  6296 ;; Tracked objects:
  6297 ;;		On entry : 0/0
  6298 ;;		On exit  : 0/0
  6299 ;;		Unchanged: 0/0
  6300 ;; Data sizes:     COMMON   BANK0   BANK1   BANK2   BANK3   BANK4   BANK5   BANK6   BANK7   BANK8   BANK9  BANK10  BANK1
      +1  BANK12
  6301 ;;      Params:         0       0       0       0       0       0       0       0       0       0       0       0       
      +0       0
  6302 ;;      Locals:         0       7       0       0       0       0       0       0       0       0       0       0       
      +0       0
  6303 ;;      Temps:          1       0       0       0       0       0       0       0       0       0       0       0       
      +0       0
  6304 ;;      Totals:         1       7       0       0       0       0       0       0       0       0       0       0       
      +0       0
  6305 ;;Total ram usage:        8 bytes
  6306 ;; Hardware stack levels used: 1
  6307 ;; Hardware stack levels required when called: 2
  6308 ;; This function calls:
  6309 ;;		_sendit
  6310 ;; This function is called by:
  6311 ;;		_ShootLaser
  6312 ;; This function uses a non-reentrant model
  6313 ;;
  6314                           
  6315     073F                     _ShootAttack:	
  6316                           ;psect for function _ShootAttack
  6317                           
  6318     073F                     l1511:	
  6319                           ;incstack = 0
  6320                           ; Regs used in _ShootAttack: [wreg-fsr1h+status,2+status,0+pclath+cstack]
  6321                           
  6322                           
  6323                           ;laser.c: 15:     char tosend[7] = {0xFE, 0x19, 0x01, 0x09, 0x01, 0x00, 1};
  6324     073F  30BD               	movlw	low ShootAttack@F11739
  6325     0740  0086               	movwf	6
  6326     0741  3000               	movlw	high ShootAttack@F11739
  6327     0742  0087               	movwf	7
  6328     0743  3020               	movlw	low ShootAttack@tosend
  6329     0744  0084               	movwf	4
  6330     0745  3000               	movlw	high ShootAttack@tosend
  6331     0746  0085               	movwf	5
  6332     0747  3007               	movlw	7
  6333     0748  00F7               	movwf	??_ShootAttack
  6334     0749                     u1020:
  6335     0749  0016               	moviw fsr1++
  6336     074A  001A               	movwi fsr0++
  6337     074B  0BF7               	decfsz	??_ShootAttack,f
  6338     074C  2F49               	goto	u1020
  6339     074D                     l1513:
  6340                           
  6341                           ;laser.c: 16:     sendit(tosend, 7);
  6342     074D  3020               	movlw	(low (ShootAttack@tosend| 0))& (0+255)
  6343     074E  00F1               	movwf	sendit@it
  6344     074F  3007               	movlw	7
  6345     0750  00F2               	movwf	sendit@it_size
  6346     0751  3000               	movlw	0
  6347     0752  00F3               	movwf	sendit@it_size+1
  6348     0753  3186  26D6  3187   	fcall	_sendit
  6349     0756                     l92:
  6350     0756  0008               	return
  6351     0757                     __end_of_ShootAttack:
  6352                           
  6353                           	psect	text11
  6354     0757                     __ptext11:	
  6355 ;; *************** function _SetPCUInfo *****************
  6356 ;; Defined at:
  6357 ;;		line 33 in file "misc_funcs.c"
  6358 ;; Parameters:    Size  Location     Type
  6359 ;;		None
  6360 ;; Auto vars:     Size  Location     Type
  6361 ;;  data            9    0[BANK0 ] unsigned char [9]
  6362 ;; Return value:  Size  Location     Type
  6363 ;;                  1    wreg      void 
  6364 ;; Registers used:
  6365 ;;		wreg, fsr0l, fsr0h, fsr1l, fsr1h, status,2, status,0, pclath, cstack
  6366 ;; Tracked objects:
  6367 ;;		On entry : 0/0
  6368 ;;		On exit  : 0/0
  6369 ;;		Unchanged: 0/0
  6370 ;; Data sizes:     COMMON   BANK0   BANK1   BANK2   BANK3   BANK4   BANK5   BANK6   BANK7   BANK8   BANK9  BANK10  BANK1
      +1  BANK12
  6371 ;;      Params:         0       0       0       0       0       0       0       0       0       0       0       0       
      +0       0
  6372 ;;      Locals:         0       9       0       0       0       0       0       0       0       0       0       0       
      +0       0
  6373 ;;      Temps:          1       0       0       0       0       0       0       0       0       0       0       0       
      +0       0
  6374 ;;      Totals:         1       9       0       0       0       0       0       0       0       0       0       0       
      +0       0
  6375 ;;Total ram usage:       10 bytes
  6376 ;; Hardware stack levels used: 1
  6377 ;; Hardware stack levels required when called: 2
  6378 ;; This function calls:
  6379 ;;		_sendit
  6380 ;; This function is called by:
  6381 ;;		_main
  6382 ;; This function uses a non-reentrant model
  6383 ;;
  6384                           
  6385     0757                     _SetPCUInfo:	
  6386                           ;psect for function _SetPCUInfo
  6387                           
  6388     0757                     l1663:	
  6389                           ;incstack = 0
  6390                           ; Regs used in _SetPCUInfo: [wreg-fsr1h+status,2+status,0+pclath+cstack]
  6391                           
  6392                           
  6393                           ;misc_funcs.c: 35:     char data[9] = {0xFE,0x19,0x03,0x04,0x03,0x00,4,17,1};
  6394     0757  30B4               	movlw	low SetPCUInfo@F11716
  6395     0758  0086               	movwf	6
  6396     0759  3000               	movlw	high SetPCUInfo@F11716
  6397     075A  0087               	movwf	7
  6398     075B  3020               	movlw	low SetPCUInfo@data
  6399     075C  0084               	movwf	4
  6400     075D  3000               	movlw	high SetPCUInfo@data
  6401     075E  0085               	movwf	5
  6402     075F  3009               	movlw	9
  6403     0760  00F7               	movwf	??_SetPCUInfo
  6404     0761                     u1380:
  6405     0761  0016               	moviw fsr1++
  6406     0762  001A               	movwi fsr0++
  6407     0763  0BF7               	decfsz	??_SetPCUInfo,f
  6408     0764  2F61               	goto	u1380
  6409     0765                     l1665:
  6410                           
  6411                           ;misc_funcs.c: 36:     sendit(data,9);
  6412     0765  3020               	movlw	(low (SetPCUInfo@data| 0))& (0+255)
  6413     0766  00F1               	movwf	sendit@it
  6414     0767  3009               	movlw	9
  6415     0768  00F2               	movwf	sendit@it_size
  6416     0769  3000               	movlw	0
  6417     076A  00F3               	movwf	sendit@it_size+1
  6418     076B  3186  26D6  3187   	fcall	_sendit
  6419     076E                     l136:
  6420     076E  0008               	return
  6421     076F                     __end_of_SetPCUInfo:
  6422                           
  6423                           	psect	text12
  6424     06AF                     __ptext12:	
  6425 ;; *************** function _SPISetup *****************
  6426 ;; Defined at:
  6427 ;;		line 117 in file "RFID.c"
  6428 ;; Parameters:    Size  Location     Type
  6429 ;;		None
  6430 ;; Auto vars:     Size  Location     Type
  6431 ;;		None
  6432 ;; Return value:  Size  Location     Type
  6433 ;;                  1    wreg      void 
  6434 ;; Registers used:
  6435 ;;		wreg, status,2, status,0
  6436 ;; Tracked objects:
  6437 ;;		On entry : 0/0
  6438 ;;		On exit  : 0/0
  6439 ;;		Unchanged: 0/0
  6440 ;; Data sizes:     COMMON   BANK0   BANK1   BANK2   BANK3   BANK4   BANK5   BANK6   BANK7   BANK8   BANK9  BANK10  BANK1
      +1  BANK12
  6441 ;;      Params:         0       0       0       0       0       0       0       0       0       0       0       0       
      +0       0
  6442 ;;      Locals:         0       0       0       0       0       0       0       0       0       0       0       0       
      +0       0
  6443 ;;      Temps:          0       0       0       0       0       0       0       0       0       0       0       0       
      +0       0
  6444 ;;      Totals:         0       0       0       0       0       0       0       0       0       0       0       0       
      +0       0
  6445 ;;Total ram usage:        0 bytes
  6446 ;; Hardware stack levels used: 1
  6447 ;; Hardware stack levels required when called: 1
  6448 ;; This function calls:
  6449 ;;		Nothing
  6450 ;; This function is called by:
  6451 ;;		_main
  6452 ;; This function uses a non-reentrant model
  6453 ;;
  6454                           
  6455     06AF                     _SPISetup:	
  6456                           ;psect for function _SPISetup
  6457                           
  6458     06AF                     l1707:	
  6459                           ;incstack = 0
  6460                           ; Regs used in _SPISetup: [wreg+status,2+status,0]
  6461                           
  6462                           
  6463                           ;RFID.c: 121:     SSP1CON1bits.SSPEN = 0;
  6464     06AF  0023               	movlb	3	; select bank3
  6465     06B0  1290               	bcf	16,5	;volatile
  6466                           
  6467                           ;RFID.c: 125:     TRISBbits.TRISB4 = 1;
  6468     06B1  0020               	movlb	0	; select bank0
  6469     06B2  1612               	bsf	18,4	;volatile
  6470                           
  6471                           ;RFID.c: 126:     ANSELBbits.ANSB4 = 0;
  6472     06B3  003E               	movlb	30	; select bank30
  6473     06B4  1243               	bcf	67,4	;volatile
  6474                           
  6475                           ;RFID.c: 127:     SSP1DATPPS = 0x0C;
  6476     06B5  300C               	movlw	12
  6477     06B6  003D               	movlb	29	; select bank29
  6478     06B7  00C6               	movwf	70	;volatile
  6479                           
  6480                           ;RFID.c: 131:     TRISBbits.TRISB5 = 0;
  6481     06B8  0020               	movlb	0	; select bank0
  6482     06B9  1292               	bcf	18,5	;volatile
  6483                           
  6484                           ;RFID.c: 132:     ANSELBbits.ANSB5 = 0;
  6485     06BA  003E               	movlb	30	; select bank30
  6486     06BB  12C3               	bcf	67,5	;volatile
  6487                           
  6488                           ;RFID.c: 133:     RB5PPS = 0x15;
  6489     06BC  3015               	movlw	21
  6490     06BD  009D               	movwf	29	;volatile
  6491                           
  6492                           ;RFID.c: 137:     TRISBbits.TRISB3 = 0;
  6493     06BE  0020               	movlb	0	; select bank0
  6494     06BF  1192               	bcf	18,3	;volatile
  6495                           
  6496                           ;RFID.c: 138:     ANSELBbits.ANSB3 = 0;
  6497     06C0  003E               	movlb	30	; select bank30
  6498     06C1  11C3               	bcf	67,3	;volatile
  6499                           
  6500                           ;RFID.c: 139:     RB3PPS = 0x14;
  6501     06C2  3014               	movlw	20
  6502     06C3  009B               	movwf	27	;volatile
  6503                           
  6504                           ;RFID.c: 143:     TRISCbits.TRISC7 = 0;
  6505     06C4  0020               	movlb	0	; select bank0
  6506     06C5  1393               	bcf	19,7	;volatile
  6507                           
  6508                           ;RFID.c: 144:     ANSELCbits.ANSC7 = 0;
  6509     06C6  003E               	movlb	30	; select bank30
  6510     06C7  13CE               	bcf	78,7	;volatile
  6511                           
  6512                           ;RFID.c: 145:     LATCbits.LATC7 = 1;
  6513     06C8  0020               	movlb	0	; select bank0
  6514     06C9  1798               	bsf	24,7	;volatile
  6515                           
  6516                           ;RFID.c: 147:     SSP1CON1bits.CKP = 0;
  6517     06CA  0023               	movlb	3	; select bank3
  6518     06CB  1210               	bcf	16,4	;volatile
  6519                           
  6520                           ;RFID.c: 148:     SSP1STATbits.CKE = 1;
  6521     06CC  170F               	bsf	15,6	;volatile
  6522                           
  6523                           ;RFID.c: 149:     SSP1STATbits.SMP = 1;
  6524     06CD  178F               	bsf	15,7	;volatile
  6525     06CE                     l1709:
  6526                           
  6527                           ;RFID.c: 153:     SSP1CON1bits.SSPM = 0b1010;
  6528     06CE  0810               	movf	16,w	;volatile
  6529     06CF  39F0               	andlw	-16
  6530     06D0  380A               	iorlw	10
  6531     06D1  0090               	movwf	16	;volatile
  6532     06D2                     l1711:
  6533                           
  6534                           ;RFID.c: 154:     SSP1ADD = 159;
  6535     06D2  309F               	movlw	159
  6536     06D3  008D               	movwf	13	;volatile
  6537     06D4                     l1713:
  6538                           
  6539                           ;RFID.c: 155:     SSP1CON1bits.SSPEN = 1;
  6540     06D4  1690               	bsf	16,5	;volatile
  6541     06D5                     l212:
  6542     06D5  0008               	return
  6543     06D6                     __end_of_SPISetup:
  6544                           
  6545                           	psect	text13
  6546     076F                     __ptext13:	
  6547 ;; *************** function _GetInfoPCU *****************
  6548 ;; Defined at:
  6549 ;;		line 27 in file "misc_funcs.c"
  6550 ;; Parameters:    Size  Location     Type
  6551 ;;		None
  6552 ;; Auto vars:     Size  Location     Type
  6553 ;;  ask             6    0[BANK0 ] unsigned char [6]
  6554 ;; Return value:  Size  Location     Type
  6555 ;;                  1    wreg      void 
  6556 ;; Registers used:
  6557 ;;		wreg, fsr0l, fsr0h, fsr1l, fsr1h, status,2, status,0, pclath, cstack
  6558 ;; Tracked objects:
  6559 ;;		On entry : 0/0
  6560 ;;		On exit  : 0/0
  6561 ;;		Unchanged: 0/0
  6562 ;; Data sizes:     COMMON   BANK0   BANK1   BANK2   BANK3   BANK4   BANK5   BANK6   BANK7   BANK8   BANK9  BANK10  BANK1
      +1  BANK12
  6563 ;;      Params:         0       0       0       0       0       0       0       0       0       0       0       0       
      +0       0
  6564 ;;      Locals:         0       6       0       0       0       0       0       0       0       0       0       0       
      +0       0
  6565 ;;      Temps:          1       0       0       0       0       0       0       0       0       0       0       0       
      +0       0
  6566 ;;      Totals:         1       6       0       0       0       0       0       0       0       0       0       0       
      +0       0
  6567 ;;Total ram usage:        7 bytes
  6568 ;; Hardware stack levels used: 1
  6569 ;; Hardware stack levels required when called: 2
  6570 ;; This function calls:
  6571 ;;		_sendit
  6572 ;; This function is called by:
  6573 ;;		_main
  6574 ;; This function uses a non-reentrant model
  6575 ;;
  6576                           
  6577     076F                     _GetInfoPCU:	
  6578                           ;psect for function _GetInfoPCU
  6579                           
  6580     076F                     l1659:	
  6581                           ;incstack = 0
  6582                           ; Regs used in _GetInfoPCU: [wreg-fsr1h+status,2+status,0+pclath+cstack]
  6583                           
  6584                           
  6585                           ;misc_funcs.c: 29:     char ask[6] = {0xFE,0x19,0x01,0x04,0x00,0x00};
  6586     076F  30C4               	movlw	low GetInfoPCU@F11713
  6587     0770  0086               	movwf	6
  6588     0771  3000               	movlw	high GetInfoPCU@F11713
  6589     0772  0087               	movwf	7
  6590     0773  3020               	movlw	low GetInfoPCU@ask
  6591     0774  0084               	movwf	4
  6592     0775  3000               	movlw	high GetInfoPCU@ask
  6593     0776  0085               	movwf	5
  6594     0777  3006               	movlw	6
  6595     0778  00F7               	movwf	??_GetInfoPCU
  6596     0779                     u1370:
  6597     0779  0016               	moviw fsr1++
  6598     077A  001A               	movwi fsr0++
  6599     077B  0BF7               	decfsz	??_GetInfoPCU,f
  6600     077C  2F79               	goto	u1370
  6601     077D                     l1661:
  6602                           
  6603                           ;misc_funcs.c: 30:     sendit(ask,6);
  6604     077D  3020               	movlw	(low (GetInfoPCU@ask| 0))& (0+255)
  6605     077E  00F1               	movwf	sendit@it
  6606     077F  3006               	movlw	6
  6607     0780  00F2               	movwf	sendit@it_size
  6608     0781  3000               	movlw	0
  6609     0782  00F3               	movwf	sendit@it_size+1
  6610     0783  3186  26D6  3187   	fcall	_sendit
  6611     0786                     l131:
  6612     0786  0008               	return
  6613     0787                     __end_of_GetInfoPCU:
  6614                           
  6615                           	psect	text14
  6616     06D6                     __ptext14:	
  6617 ;; *************** function _sendit *****************
  6618 ;; Defined at:
  6619 ;;		line 11 in file "misc_funcs.c"
  6620 ;; Parameters:    Size  Location     Type
  6621 ;;  it              1    1[COMMON] PTR unsigned char 
  6622 ;;		 -> GetUID@msg(10), motor@msg(10), SetPCUInfo@data(9), GetInfoPCU@ask(6), 
  6623 ;;		 -> GetInfoController@ask(6), ShootRepair@tosend(6), ShootAttack@tosend(7), ShootShield@tosend(6), 
  6624 ;;		 -> follow@stop(10), runmotor@msg(10), runmotor@stop(10), 
  6625 ;;  it_size         2    2[COMMON] int 
  6626 ;; Auto vars:     Size  Location     Type
  6627 ;;  i               2    5[COMMON] int 
  6628 ;; Return value:  Size  Location     Type
  6629 ;;                  1    wreg      void 
  6630 ;; Registers used:
  6631 ;;		wreg, fsr1l, fsr1h, status,2, status,0
  6632 ;; Tracked objects:
  6633 ;;		On entry : 0/0
  6634 ;;		On exit  : 0/0
  6635 ;;		Unchanged: 0/0
  6636 ;; Data sizes:     COMMON   BANK0   BANK1   BANK2   BANK3   BANK4   BANK5   BANK6   BANK7   BANK8   BANK9  BANK10  BANK1
      +1  BANK12
  6637 ;;      Params:         3       0       0       0       0       0       0       0       0       0       0       0       
      +0       0
  6638 ;;      Locals:         2       0       0       0       0       0       0       0       0       0       0       0       
      +0       0
  6639 ;;      Temps:          1       0       0       0       0       0       0       0       0       0       0       0       
      +0       0
  6640 ;;      Totals:         6       0       0       0       0       0       0       0       0       0       0       0       
      +0       0
  6641 ;;Total ram usage:        6 bytes
  6642 ;; Hardware stack levels used: 1
  6643 ;; Hardware stack levels required when called: 1
  6644 ;; This function calls:
  6645 ;;		Nothing
  6646 ;; This function is called by:
  6647 ;;		_runmotor
  6648 ;;		_follow
  6649 ;;		_ShootShield
  6650 ;;		_ShootAttack
  6651 ;;		_ShootRepair
  6652 ;;		_GetInfoController
  6653 ;;		_GetInfoPCU
  6654 ;;		_SetPCUInfo
  6655 ;;		_motor
  6656 ;;		_GetUID
  6657 ;; This function uses a non-reentrant model
  6658 ;;
  6659                           
  6660     06D6                     _sendit:	
  6661                           ;psect for function _sendit
  6662                           
  6663     06D6                     l1449:	
  6664                           ;incstack = 0
  6665                           ; Regs used in _sendit: [wreg+fsr1l+fsr1h+status,2+status,0]
  6666                           
  6667                           
  6668                           ;misc_funcs.c: 11: void sendit(char it[], int it_size);misc_funcs.c: 12: {;misc_funcs.c:
      +                           13:     for(int i = 0; i < it_size; i++){
  6669     06D6  01F5               	clrf	sendit@i
  6670     06D7  01F6               	clrf	sendit@i+1
  6671     06D8  2EE8               	goto	l1455
  6672     06D9                     l117:
  6673     06D9  0022               	movlb	2	; select bank2
  6674     06DA  1C9E               	btfss	30,1	;volatile
  6675     06DB  2EDD               	goto	u891
  6676     06DC  2EDE               	goto	u890
  6677     06DD                     u891:
  6678     06DD  2ED9               	goto	l117
  6679     06DE                     u890:
  6680     06DE                     l1451:
  6681                           
  6682                           ;misc_funcs.c: 15:         TX1REG = it[i];
  6683     06DE  0871               	movf	sendit@it,w
  6684     06DF  0775               	addwf	sendit@i,w
  6685     06E0  0086               	movwf	6
  6686     06E1  0187               	clrf	7
  6687     06E2  0801               	movf	1,w
  6688     06E3  009A               	movwf	26	;volatile
  6689     06E4                     l1453:
  6690                           
  6691                           ;misc_funcs.c: 17:     }
  6692     06E4  3001               	movlw	1
  6693     06E5  07F5               	addwf	sendit@i,f
  6694     06E6  3000               	movlw	0
  6695     06E7  3DF6               	addwfc	sendit@i+1,f
  6696     06E8                     l1455:
  6697     06E8  0876               	movf	sendit@i+1,w
  6698     06E9  3A80               	xorlw	128
  6699     06EA  00F4               	movwf	??_sendit
  6700     06EB  0873               	movf	sendit@it_size+1,w
  6701     06EC  3A80               	xorlw	128
  6702     06ED  0274               	subwf	??_sendit,w
  6703     06EE  1D03               	skipz
  6704     06EF  2EF2               	goto	u905
  6705     06F0  0872               	movf	sendit@it_size,w
  6706     06F1  0275               	subwf	sendit@i,w
  6707     06F2                     u905:
  6708     06F2  1C03               	skipc
  6709     06F3  2EF5               	goto	u901
  6710     06F4  2EF6               	goto	u900
  6711     06F5                     u901:
  6712     06F5  2ED9               	goto	l117
  6713     06F6                     u900:
  6714     06F6                     l121:
  6715     06F6  0008               	return
  6716     06F7                     __end_of_sendit:
  6717                           
  6718                           	psect	intentry
  6719     0004                     __pintentry:	
  6720 ;; *************** function _ISR *****************
  6721 ;; Defined at:
  6722 ;;		line 68 in file "main.c"
  6723 ;; Parameters:    Size  Location     Type
  6724 ;;		None
  6725 ;; Auto vars:     Size  Location     Type
  6726 ;;		None
  6727 ;; Return value:  Size  Location     Type
  6728 ;;                  1    wreg      void 
  6729 ;; Registers used:
  6730 ;;		wreg, fsr1l, fsr1h, status,2, status,0
  6731 ;; Tracked objects:
  6732 ;;		On entry : 0/0
  6733 ;;		On exit  : 0/0
  6734 ;;		Unchanged: 0/0
  6735 ;; Data sizes:     COMMON   BANK0   BANK1   BANK2   BANK3   BANK4   BANK5   BANK6   BANK7   BANK8   BANK9  BANK10  BANK1
      +1  BANK12
  6736 ;;      Params:         0       0       0       0       0       0       0       0       0       0       0       0       
      +0       0
  6737 ;;      Locals:         0       0       0       0       0       0       0       0       0       0       0       0       
      +0       0
  6738 ;;      Temps:          1       0       0       0       0       0       0       0       0       0       0       0       
      +0       0
  6739 ;;      Totals:         1       0       0       0       0       0       0       0       0       0       0       0       
      +0       0
  6740 ;;Total ram usage:        1 bytes
  6741 ;; Hardware stack levels used: 1
  6742 ;; This function calls:
  6743 ;;		Nothing
  6744 ;; This function is called by:
  6745 ;;		Interrupt level 1
  6746 ;; This function uses a non-reentrant model
  6747 ;;
  6748                           
  6749     0004                     _ISR:
  6750                           
  6751                           ;incstack = 0
  6752     0004  147E               	bsf	int$flags,0	;set compiler interrupt flag (level 1)
  6753                           
  6754                           ; Regs used in _ISR: [wreg+fsr1l+fsr1h+status,2+status,0]
  6755     0005  3180               	pagesel	$
  6756     0006  3000               	movlw	low ___int_sp
  6757     0007  0086               	movwf	6
  6758     0008  3000               	movlw	high ___int_sp
  6759     0009  0087               	movwf	7
  6760     000A                     i1l1807:
  6761                           
  6762                           ;main.c: 70:     if (PIR3bits.RCIF) {
  6763     000A  002E               	movlb	14	; select bank14
  6764     000B  1E8F               	btfss	15,5	;volatile
  6765     000C  280E               	goto	u156_21
  6766     000D  280F               	goto	u156_20
  6767     000E                     u156_21:
  6768     000E  28BE               	goto	i1l322
  6769     000F                     u156_20:
  6770     000F                     i1l1809:
  6771                           
  6772                           ;main.c: 71:         control_data[data_index] = RC1REG;
  6773     000F  0020               	movlb	0	; select bank0
  6774     0010  085C               	movf	_data_index,w	;volatile
  6775     0011  3ED6               	addlw	(low (_control_data| 0))& (0+255)
  6776     0012  0086               	movwf	6
  6777     0013  0187               	clrf	7
  6778     0014  0022               	movlb	2	; select bank2
  6779     0015  0819               	movf	25,w	;volatile
  6780     0016  0081               	movwf	1
  6781     0017                     i1l1811:
  6782                           
  6783                           ;main.c: 72:         data_index++;
  6784     0017  3001               	movlw	1
  6785     0018  0020               	movlb	0	; select bank0
  6786     0019  07DC               	addwf	_data_index,f	;volatile
  6787     001A  3000               	movlw	0
  6788     001B  3DDD               	addwfc	_data_index+1,f	;volatile
  6789     001C                     i1l1813:
  6790                           
  6791                           ;main.c: 74:         if (RC1STAbits.OERR)
  6792     001C  0022               	movlb	2	; select bank2
  6793     001D  1C9D               	btfss	29,1	;volatile
  6794     001E  2820               	goto	u157_21
  6795     001F  2821               	goto	u157_20
  6796     0020                     u157_21:
  6797     0020  2823               	goto	i1l1817
  6798     0021                     u157_20:
  6799     0021                     i1l1815:
  6800                           
  6801                           ;main.c: 75:         {;main.c: 76:             RC1STAbits.CREN = 0;
  6802     0021  121D               	bcf	29,4	;volatile
  6803                           
  6804                           ;main.c: 77:             RC1STAbits.CREN = 1;
  6805     0022  161D               	bsf	29,4	;volatile
  6806     0023                     i1l1817:
  6807                           
  6808                           ;main.c: 80:         if (data_index == 4)
  6809     0023  3004               	movlw	4
  6810     0024  0020               	movlb	0	; select bank0
  6811     0025  065C               	xorwf	_data_index,w	;volatile
  6812     0026  045D               	iorwf	_data_index+1,w	;volatile
  6813     0027  1D03               	btfss	3,2
  6814     0028  282A               	goto	u158_21
  6815     0029  282B               	goto	u158_20
  6816     002A                     u158_21:
  6817     002A  285A               	goto	i1l311
  6818     002B                     u158_20:
  6819     002B                     i1l1819:
  6820                           
  6821                           ;main.c: 81:         {;main.c: 82:             data_type = (control_data[3]<<8) + contro
      +                          l_data[2];
  6822     002B  0021               	movlb	1	; select bank1
  6823     002C  0859               	movf	(_control_data^(0+128)+3),w	;volatile
  6824     002D  0020               	movlb	0	; select bank0
  6825     002E  00DF               	movwf	_data_type+1	;volatile
  6826     002F  0021               	movlb	1	; select bank1
  6827     0030  0858               	movf	(_control_data^(0+128)+2),w	;volatile
  6828     0031  0020               	movlb	0	; select bank0
  6829     0032  00DE               	movwf	_data_type	;volatile
  6830     0033                     i1l1821:
  6831                           
  6832                           ;main.c: 83:             if (data_type == 0x0300)
  6833     0033  3003               	movlw	3
  6834     0034  065F               	xorwf	_data_type+1,w	;volatile
  6835     0035  045E               	iorwf	_data_type,w	;volatile
  6836     0036  1D03               	btfss	3,2
  6837     0037  2839               	goto	u159_21
  6838     0038  283A               	goto	u159_20
  6839     0039                     u159_21:
  6840     0039  283F               	goto	i1l1825
  6841     003A                     u159_20:
  6842     003A                     i1l1823:
  6843                           
  6844                           ;main.c: 84:             {;main.c: 85:                 data_size = 6;
  6845     003A  3006               	movlw	6
  6846     003B  00FB               	movwf	_data_size	;volatile
  6847     003C  3000               	movlw	0
  6848     003D  00FC               	movwf	_data_size+1	;volatile
  6849                           
  6850                           ;main.c: 86:             }
  6851     003E  285A               	goto	i1l311
  6852     003F                     i1l1825:
  6853     003F  3002               	movlw	2
  6854     0040  065E               	xorwf	_data_type,w	;volatile
  6855     0041  3004               	movlw	4
  6856     0042  1903               	skipnz
  6857     0043  065F               	xorwf	_data_type+1,w	;volatile
  6858     0044  1D03               	btfss	3,2
  6859     0045  2847               	goto	u160_21
  6860     0046  2848               	goto	u160_20
  6861     0047                     u160_21:
  6862     0047  284D               	goto	i1l1829
  6863     0048                     u160_20:
  6864     0048                     i1l1827:
  6865                           
  6866                           ;main.c: 88:             {;main.c: 89:                 data_size = 12;
  6867     0048  300C               	movlw	12
  6868     0049  00FB               	movwf	_data_size	;volatile
  6869     004A  3000               	movlw	0
  6870     004B  00FC               	movwf	_data_size+1	;volatile
  6871                           
  6872                           ;main.c: 90:             }
  6873     004C  285A               	goto	i1l311
  6874     004D                     i1l1829:
  6875     004D  3002               	movlw	2
  6876     004E  065E               	xorwf	_data_type,w	;volatile
  6877     004F  3005               	movlw	5
  6878     0050  1903               	skipnz
  6879     0051  065F               	xorwf	_data_type+1,w	;volatile
  6880     0052  1D03               	btfss	3,2
  6881     0053  2855               	goto	u161_21
  6882     0054  2856               	goto	u161_20
  6883     0055                     u161_21:
  6884     0055  285A               	goto	i1l311
  6885     0056                     u161_20:
  6886     0056                     i1l1831:
  6887                           
  6888                           ;main.c: 92:             {;main.c: 93:                 data_size = 26;
  6889     0056  301A               	movlw	26
  6890     0057  00FB               	movwf	_data_size	;volatile
  6891     0058  3000               	movlw	0
  6892     0059  00FC               	movwf	_data_size+1	;volatile
  6893     005A                     i1l311:	
  6894                           ;main.c: 95:         }
  6895                           
  6896                           
  6897                           ;main.c: 96:         if (data_index >= data_size && data_size == 6)
  6898     005A  085D               	movf	_data_index+1,w	;volatile
  6899     005B  3A80               	xorlw	128
  6900     005C  00F0               	movwf	??_ISR
  6901     005D  087C               	movf	_data_size+1,w	;volatile
  6902     005E  3A80               	xorlw	128
  6903     005F  0270               	subwf	??_ISR,w
  6904     0060  1D03               	skipz
  6905     0061  2864               	goto	u162_25
  6906     0062  087B               	movf	_data_size,w	;volatile
  6907     0063  025C               	subwf	_data_index,w	;volatile
  6908     0064                     u162_25:
  6909     0064  1C03               	skipc
  6910     0065  2867               	goto	u162_21
  6911     0066  2868               	goto	u162_20
  6912     0067                     u162_21:
  6913     0067  287B               	goto	i1l1841
  6914     0068                     u162_20:
  6915     0068                     i1l1833:
  6916     0068  3006               	movlw	6
  6917     0069  067B               	xorwf	_data_size,w	;volatile
  6918     006A  047C               	iorwf	_data_size+1,w	;volatile
  6919     006B  1D03               	btfss	3,2
  6920     006C  286E               	goto	u163_21
  6921     006D  286F               	goto	u163_20
  6922     006E                     u163_21:
  6923     006E  287B               	goto	i1l1841
  6924     006F                     u163_20:
  6925     006F                     i1l1835:
  6926                           
  6927                           ;main.c: 97:         {;main.c: 98:             data_index = 0;
  6928     006F  0020               	movlb	0	; select bank0
  6929     0070  01DC               	clrf	_data_index	;volatile
  6930     0071  01DD               	clrf	_data_index+1	;volatile
  6931     0072                     i1l1837:
  6932                           
  6933                           ;main.c: 99:             receive_ready = 1;
  6934     0072  3001               	movlw	1
  6935     0073  00DA               	movwf	_receive_ready	;volatile
  6936     0074  3000               	movlw	0
  6937     0075  00DB               	movwf	_receive_ready+1	;volatile
  6938     0076                     i1l1839:
  6939                           
  6940                           ;main.c: 100:             receive_flag = 1;
  6941     0076  3001               	movlw	1
  6942     0077  00D8               	movwf	_receive_flag	;volatile
  6943     0078  3000               	movlw	0
  6944     0079  00D9               	movwf	_receive_flag+1	;volatile
  6945                           
  6946                           ;main.c: 101:         }
  6947     007A  28BE               	goto	i1l322
  6948     007B                     i1l1841:
  6949     007B  0020               	movlb	0	; select bank0
  6950     007C  085D               	movf	_data_index+1,w	;volatile
  6951     007D  3A80               	xorlw	128
  6952     007E  00F0               	movwf	??_ISR
  6953     007F  087C               	movf	_data_size+1,w	;volatile
  6954     0080  3A80               	xorlw	128
  6955     0081  0270               	subwf	??_ISR,w
  6956     0082  1D03               	skipz
  6957     0083  2886               	goto	u164_25
  6958     0084  087B               	movf	_data_size,w	;volatile
  6959     0085  025C               	subwf	_data_index,w	;volatile
  6960     0086                     u164_25:
  6961     0086  1C03               	skipc
  6962     0087  2889               	goto	u164_21
  6963     0088  288A               	goto	u164_20
  6964     0089                     u164_21:
  6965     0089  289D               	goto	i1l1851
  6966     008A                     u164_20:
  6967     008A                     i1l1843:
  6968     008A  300C               	movlw	12
  6969     008B  067B               	xorwf	_data_size,w	;volatile
  6970     008C  047C               	iorwf	_data_size+1,w	;volatile
  6971     008D  1D03               	btfss	3,2
  6972     008E  2890               	goto	u165_21
  6973     008F  2891               	goto	u165_20
  6974     0090                     u165_21:
  6975     0090  289D               	goto	i1l1851
  6976     0091                     u165_20:
  6977     0091                     i1l1845:
  6978                           
  6979                           ;main.c: 103:         {;main.c: 104:             data_index = 0;
  6980     0091  0020               	movlb	0	; select bank0
  6981     0092  01DC               	clrf	_data_index	;volatile
  6982     0093  01DD               	clrf	_data_index+1	;volatile
  6983     0094                     i1l1847:
  6984                           
  6985                           ;main.c: 105:             receive_ready = 1;
  6986     0094  3001               	movlw	1
  6987     0095  00DA               	movwf	_receive_ready	;volatile
  6988     0096  3000               	movlw	0
  6989     0097  00DB               	movwf	_receive_ready+1	;volatile
  6990     0098                     i1l1849:
  6991                           
  6992                           ;main.c: 106:             receive_flag = 2;
  6993     0098  3002               	movlw	2
  6994     0099  00D8               	movwf	_receive_flag	;volatile
  6995     009A  3000               	movlw	0
  6996     009B  00D9               	movwf	_receive_flag+1	;volatile
  6997                           
  6998                           ;main.c: 107:         }
  6999     009C  28BE               	goto	i1l322
  7000     009D                     i1l1851:
  7001     009D  0020               	movlb	0	; select bank0
  7002     009E  085D               	movf	_data_index+1,w	;volatile
  7003     009F  3A80               	xorlw	128
  7004     00A0  00F0               	movwf	??_ISR
  7005     00A1  087C               	movf	_data_size+1,w	;volatile
  7006     00A2  3A80               	xorlw	128
  7007     00A3  0270               	subwf	??_ISR,w
  7008     00A4  1D03               	skipz
  7009     00A5  28A8               	goto	u166_25
  7010     00A6  087B               	movf	_data_size,w	;volatile
  7011     00A7  025C               	subwf	_data_index,w	;volatile
  7012     00A8                     u166_25:
  7013     00A8  1C03               	skipc
  7014     00A9  28AB               	goto	u166_21
  7015     00AA  28AC               	goto	u166_20
  7016     00AB                     u166_21:
  7017     00AB  28BE               	goto	i1l322
  7018     00AC                     u166_20:
  7019     00AC                     i1l1853:
  7020     00AC  301A               	movlw	26
  7021     00AD  067B               	xorwf	_data_size,w	;volatile
  7022     00AE  047C               	iorwf	_data_size+1,w	;volatile
  7023     00AF  1D03               	btfss	3,2
  7024     00B0  28B2               	goto	u167_21
  7025     00B1  28B3               	goto	u167_20
  7026     00B2                     u167_21:
  7027     00B2  28BE               	goto	i1l322
  7028     00B3                     u167_20:
  7029     00B3                     i1l1855:
  7030                           
  7031                           ;main.c: 109:         {;main.c: 110:             data_index = 0;
  7032     00B3  0020               	movlb	0	; select bank0
  7033     00B4  01DC               	clrf	_data_index	;volatile
  7034     00B5  01DD               	clrf	_data_index+1	;volatile
  7035     00B6                     i1l1857:
  7036                           
  7037                           ;main.c: 111:             receive_ready = 1;
  7038     00B6  3001               	movlw	1
  7039     00B7  00DA               	movwf	_receive_ready	;volatile
  7040     00B8  3000               	movlw	0
  7041     00B9  00DB               	movwf	_receive_ready+1	;volatile
  7042     00BA                     i1l1859:
  7043                           
  7044                           ;main.c: 112:             receive_flag = 3;
  7045     00BA  3003               	movlw	3
  7046     00BB  00D8               	movwf	_receive_flag	;volatile
  7047     00BC  3000               	movlw	0
  7048     00BD  00D9               	movwf	_receive_flag+1	;volatile
  7049     00BE                     i1l322:
  7050     00BE  107E               	bcf	int$flags,0	;clear compiler interrupt flag (level 1)
  7051     00BF  0009               	retfie
  7052     00C0                     __end_of_ISR:
  7053     0002                     ___latbits      equ	2
  7054     007E                     btemp           set	126	;btemp
  7055     007E                     int$flags       set	126
  7056     007E                     btemp0          set	126
  7057     007F                     btemp1          set	127
  7058     007E                     wtemp0          set	126
  7059     007F                     wtemp0a         set	127
  7060     007F                     ttemp0a         set	127
  7061     0080                     ltemp0a         set	128
  7062                           
  7063                           	psect	config
  7064                           
  7065                           ;Config register CONFIG1 @ 0x8007
  7066                           ;	External Oscillator mode selection bits
  7067                           ;	FEXTOSC = ECH, EC above 8MHz; PFM set to high power
  7068                           ;	Power-up default value for COSC bits
  7069                           ;	RSTOSC = HFINT32, HFINTOSC with OSCFRQ= 32 MHz and CDIV = 1:1
  7070                           ;	Clock Out Enable bit
  7071                           ;	CLKOUTEN = OFF, CLKOUT function is disabled; i/o or oscillator function on OSC2
  7072                           ;	Clock Switch Enable bit
  7073                           ;	CSWEN = ON, Writing to NOSC and NDIV is allowed
  7074                           ;	Fail-Safe Clock Monitor Enable bit
  7075                           ;	FCMEN = ON, FSCM timer enabled
  7076     8007                     	org	32775
  7077     8007  3F8F               	dw	16271
  7078                           
  7079                           ;Config register CONFIG2 @ 0x8008
  7080                           ;	Master Clear Enable bit
  7081                           ;	MCLRE = ON, MCLR pin is Master Clear function
  7082                           ;	Power-up Timer Enable bit
  7083                           ;	PWRTE = OFF, PWRT disabled
  7084                           ;	Low-Power BOR enable bit
  7085                           ;	LPBOREN = OFF, ULPBOR disabled
  7086                           ;	Brown-out reset enable bits
  7087                           ;	BOREN = ON, Brown-out Reset Enabled, SBOREN bit is ignored
  7088                           ;	Brown-out Reset Voltage Selection
  7089                           ;	BORV = LO, Brown-out Reset Voltage (VBOR) set to 1.9V on LF, and 2.45V on F Devices
  7090                           ;	Zero-cross detect disable
  7091                           ;	ZCD = OFF, Zero-cross detect circuit is disabled at POR.
  7092                           ;	Peripheral Pin Select one-way control
  7093                           ;	PPS1WAY = ON, The PPSLOCK bit can be cleared and set only once in software
  7094                           ;	Stack Overflow/Underflow Reset Enable bit
  7095                           ;	STVREN = ON, Stack Overflow or Underflow will cause a reset
  7096                           ;	Background Debugger
  7097                           ;	DEBUG = 0x1, unprogrammed default
  7098     8008                     	org	32776
  7099     8008  3FFF               	dw	16383
  7100                           
  7101                           ;Config register CONFIG3 @ 0x8009
  7102                           ;	WDT Period Select bits
  7103                           ;	WDTCPS = WDTCPS_31, Divider ratio 1:65536; software control of WDTPS
  7104                           ;	WDT operating mode
  7105                           ;	WDTE = OFF, WDT Disabled, SWDTEN is ignored
  7106                           ;	WDT Window Select bits
  7107                           ;	WDTCWS = WDTCWS_7, window always open (100%); software control; keyed access not requi
      +                          red
  7108                           ;	WDT input clock selector
  7109                           ;	WDTCCS = SC, Software Control
  7110     8009                     	org	32777
  7111     8009  3F9F               	dw	16287
  7112                           
  7113                           ;Config register CONFIG4 @ 0x800A
  7114                           ;	UserNVM self-write protection bits
  7115                           ;	WRT = OFF, Write protection off
  7116                           ;	Scanner Enable bit
  7117                           ;	SCANE = available, Scanner module is available for use
  7118                           ;	Low Voltage Programming Enable bit
  7119                           ;	LVP = ON, Low Voltage programming enabled. MCLR/Vpp pin function is MCLR.
  7120     800A                     	org	32778
  7121     800A  3FFF               	dw	16383
  7122                           
  7123                           ;Config register CONFIG5 @ 0x800B
  7124                           ;	UserNVM Program memory code protection bit
  7125                           ;	CP = OFF, Program Memory code protection disabled
  7126                           ;	DataNVM code protection bit
  7127                           ;	CPD = OFF, Data EEPROM code protection disabled
  7128     800B                     	org	32779
  7129     800B  3FFF               	dw	16383

Data Sizes:
    Strings     0
    Constant    4
    Data        102
    BSS         46
    Persistent  48
    Stack       0

Auto Spaces:
    Space          Size  Autos    Used
    COMMON           14     11      13
    BANK0            80     50      76
    BANK1            80      0      80
    BANK2            80      0      40
    BANK3            80      0       0
    BANK4            80      0       0
    BANK5            80      0       0
    BANK6            80      0       0
    BANK7            80      0       0
    BANK8            80      0       0
    BANK9            80      0       0
    BANK10           80      0       0
    BANK11           80      0       0
    BANK12           48      0       0

Pointer List with Targets:

    motor@data	PTR unsigned char  size(1) Largest target is 26
		 -> control_data(BANK1[26]), 

    sendit@it	PTR unsigned char  size(1) Largest target is 10
		 -> follow@stop(BANK0[10]), GetInfoController@ask(BANK0[6]), GetInfoPCU@ask(BANK0[6]), GetUID@msg(COMMON[10]), 
		 -> motor@msg(BANK0[10]), runmotor@msg(BANK0[10]), runmotor@stop(BANK0[10]), SetPCUInfo@data(BANK0[9]), 
		 -> ShootAttack@tosend(BANK0[7]), ShootRepair@tosend(BANK0[6]), ShootShield@tosend(BANK0[6]), 


Critical Paths under _main in COMMON

    _main->_follow
    _main->_motor
    _motor->___awdiv
    _follow->_runmotor
    _runmotor->_sendit
    _GetInfoController->_sendit
    _ShootLaser->_ShootAttack
    _ShootLaser->_ShootRepair
    _ShootLaser->_ShootShield
    _ShootShield->_sendit
    _ShootRepair->_sendit
    _ShootAttack->_sendit
    _SetPCUInfo->_sendit
    _GetInfoPCU->_sendit

Critical Paths under _ISR in COMMON

    None.

Critical Paths under _main in BANK0

    _main->_follow
    _follow->_runmotor
    _ShootLaser->_ShootAttack

Critical Paths under _ISR in BANK0

    None.

Critical Paths under _main in BANK1

    None.

Critical Paths under _ISR in BANK1

    None.

Critical Paths under _main in BANK2

    None.

Critical Paths under _ISR in BANK2

    None.

Critical Paths under _main in BANK3

    None.

Critical Paths under _ISR in BANK3

    None.

Critical Paths under _main in BANK4

    None.

Critical Paths under _ISR in BANK4

    None.

Critical Paths under _main in BANK5

    None.

Critical Paths under _ISR in BANK5

    None.

Critical Paths under _main in BANK6

    None.

Critical Paths under _ISR in BANK6

    None.

Critical Paths under _main in BANK7

    None.

Critical Paths under _ISR in BANK7

    None.

Critical Paths under _main in BANK8

    None.

Critical Paths under _ISR in BANK8

    None.

Critical Paths under _main in BANK9

    None.

Critical Paths under _ISR in BANK9

    None.

Critical Paths under _main in BANK10

    None.

Critical Paths under _ISR in BANK10

    None.

Critical Paths under _main in BANK11

    None.

Critical Paths under _ISR in BANK11

    None.

Critical Paths under _main in BANK12

    None.

Critical Paths under _ISR in BANK12

    None.

Call Graph Tables:

 ---------------------------------------------------------------------------------
 (Depth) Function   	        Calls       Base Space   Used Autos Params    Refs
 ---------------------------------------------------------------------------------
 (0) _main                                                19    19      0    3424
                                             37 BANK0     13    13      0
                  _GetInfoController
                         _GetInfoPCU
                           _SPISetup
                         _SetPCUInfo
                         _ShootLaser
                             _follow
                              _motor
 ---------------------------------------------------------------------------------
 (1) _motor                                               20    19      1    1272
                                              9 COMMON     2     1      1
                                              0 BANK0     18    18      0
                            ___awdiv
                             _sendit
 ---------------------------------------------------------------------------------
 (2) ___awdiv                                              8     4      4     304
                                              1 COMMON     8     4      4
 ---------------------------------------------------------------------------------
 (1) _follow                                              18    18      0    1250
                                              9 COMMON     2     2      0
                                             21 BANK0     16    16      0
                  _GetInfoController
                             _rd_adc
                           _runmotor
                             _sendit
 ---------------------------------------------------------------------------------
 (2) _runmotor                                            23    23      0     535
                                              7 COMMON     2     2      0
                                              0 BANK0     21    21      0
                             _sendit
 ---------------------------------------------------------------------------------
 (2) _rd_adc                                               6     4      2     110
                                              1 COMMON     6     4      2
 ---------------------------------------------------------------------------------
 (2) _GetInfoController                                    7     7      0     136
                                              7 COMMON     1     1      0
                                              0 BANK0      6     6      0
                             _sendit
 ---------------------------------------------------------------------------------
 (1) _ShootLaser                                           1     1      0     408
                                              8 COMMON     1     1      0
                        _ShootAttack
                        _ShootRepair
                        _ShootShield
 ---------------------------------------------------------------------------------
 (2) _ShootShield                                          7     7      0     136
                                              7 COMMON     1     1      0
                                              0 BANK0      6     6      0
                             _sendit
 ---------------------------------------------------------------------------------
 (2) _ShootRepair                                          7     7      0     136
                                              7 COMMON     1     1      0
                                              0 BANK0      6     6      0
                             _sendit
 ---------------------------------------------------------------------------------
 (2) _ShootAttack                                          8     8      0     136
                                              7 COMMON     1     1      0
                                              0 BANK0      7     7      0
                             _sendit
 ---------------------------------------------------------------------------------
 (1) _SetPCUInfo                                          10    10      0     136
                                              7 COMMON     1     1      0
                                              0 BANK0      9     9      0
                             _sendit
 ---------------------------------------------------------------------------------
 (1) _SPISetup                                             0     0      0       0
 ---------------------------------------------------------------------------------
 (1) _GetInfoPCU                                           7     7      0     136
                                              7 COMMON     1     1      0
                                              0 BANK0      6     6      0
                             _sendit
 ---------------------------------------------------------------------------------
 (3) _sendit                                               6     3      3     112
                                              1 COMMON     6     3      3
 ---------------------------------------------------------------------------------
 Estimated maximum stack depth 3
 ---------------------------------------------------------------------------------
 (Depth) Function   	        Calls       Base Space   Used Autos Params    Refs
 ---------------------------------------------------------------------------------
 (4) _ISR                                                  1     1      0       0
                                              0 COMMON     1     1      0
 ---------------------------------------------------------------------------------
 Estimated maximum stack depth 4
 ---------------------------------------------------------------------------------

 Call Graph Graphs:

 _main (ROOT)
   _GetInfoController
     _sendit
   _GetInfoPCU
     _sendit
   _SPISetup
   _SetPCUInfo
     _sendit
   _ShootLaser
     _ShootAttack
       _sendit
     _ShootRepair
       _sendit
     _ShootShield
       _sendit
   _follow
     _GetInfoController
     _rd_adc
     _runmotor
       _sendit
     _sendit
   _motor
     ___awdiv
     _sendit

 _ISR (ROOT)

Address spaces:
Name               Size   Autos  Total    Usage
BITCOMMON           14      0       0      0.0%
BITBANK0            80      0       0      0.0%
BITBANK1            80      0       0      0.0%
BITBANK2            80      0       0      0.0%
BITBANK3            80      0       0      0.0%
BITBANK4            80      0       0      0.0%
BITBANK5            80      0       0      0.0%
BITBANK6            80      0       0      0.0%
BITBANK7            80      0       0      0.0%
BITBANK8            80      0       0      0.0%
BITBANK9            80      0       0      0.0%
BITBANK10           80      0       0      0.0%
BITBANK11           80      0       0      0.0%
BITBANK12           48      0       0      0.0%
BIGRAM            1008      0       0      0.0%
COMMON              14     11      13     92.9%
BANK0               80     50      76     95.0%
BANK1               80      0      80    100.0%
BANK2               80      0      40     50.0%
BANK3               80      0       0      0.0%
BANK4               80      0       0      0.0%
BANK5               80      0       0      0.0%
BANK6               80      0       0      0.0%
BANK7               80      0       0      0.0%
BANK8               80      0       0      0.0%
BANK9               80      0       0      0.0%
BANK10              80      0       0      0.0%
BANK11              80      0       0      0.0%
BANK12              48      0       0      0.0%
STACK                0      0       0      0.0%
DATA                 0      0     210      0.0%


Microchip Technology PIC Macro Assembler V3.10 build 20250813170317 
Symbol Table                                                                                   Tue Apr  7 21:39:50 2026

                       l34 067A                         l37 0686                         l49 0569  
                       l58 029E                         l92 0756                         l87 0726  
                       l97 073E               ___awdiv@sign 0076         __end_offollow@blvl 079D  
       __end_offollow@wlvl 079F                        l121 06F6                        l131 0786  
                      l212 06D5                        l108 061C                        l117 06D9  
                      l126 070E                        l142 048C                        l151 04F4  
                      l136 076E                        l147 04E2                        l331 02E2  
                      l344 03A7                        l345 03DB                        l602 05C4  
                      l339 0310                        _ISR 0004                        u900 06F6  
                      u901 06F5                        u910 0659                        u911 0658  
                      u920 0663                        u905 06F2                        u921 0662  
                      u930 066D                        u931 066C                        u940 067E  
                      u941 067D                        u950 0501                        u960 0524  
                      u890 06DE                        u970 052E                        u891 06DD  
                      u971 052D                        u980 053D                        u981 053C  
                      u990 054C                        u991 054B                        _SWA 0056  
                      _SWB 0054                        _SWC 0060                        _VRA 0052  
                      _SWD 0062                        wreg 0009          ShootShield@tosend 0020  
                     ?_ISR 0070                       l2001 041D                       l2011 0464  
                     l2003 0437                       l2021 04A8                       l2013 0469  
                     l2005 0444                       l2101 0301                       l2031 04D4  
                     l2023 04AC                       l2015 0470                       l2007 0452  
                     l2103 0305                       l2111 0315                       l2033 04EB  
                     l2025 04BA                       l2017 047E                       l2009 0456  
                     l2121 0333                       l2113 031C                       l2105 0309  
                     l2041 02A7                       l2027 04BF                       l2019 049A  
                     l2123 033B                       l2115 031E                       l2107 030E  
                     l2131 0351                       l2051 02AE                       l2043 02A9  
                     l2035 029F                       l2029 04C6                       l2133 035F  
                     l2141 0373                       l2125 0343                       l2117 0323  
                     l2109 0311                       l2061 02B7                       l2053 02AF  
                     l2045 02AB                       l2037 02A1                       l1511 073F  
                     l1503 06F7                       l2151 03A3                       l2143 0381  
                     l2135 0361                       l2127 034B                       l2119 032B  
                     l2071 02C0                       l2063 02B9                       l2055 02B1  
                     l2047 02AC                       l2039 02A5                       l1513 074D  
                     l1505 0705                       l1601 0196                       l1521 056B  
                     l2161 03CA                       l2153 03A5                       l2145 038F  
                     l2137 036E                       l2129 034E                       l2081 02D5  
                     l2073 02C3                       l2065 02BA                       l2057 02B3  
                     l2049 02AD                       l1451 06DE                       l1515 0727  
                     l1507 070F                       l1611 01E3                       l1603 01A8  
                     l1531 057F                       l1523 056F                       l2163 03D7  
                     l2155 03B5                       l2147 0395                       l2139 0371  
                     l2091 02E9                       l2083 02D5                       l2075 02C6  
                     l2067 02BB                       l2059 02B5                       l1453 06E4  
                     l1517 0735                       l1509 071D                       l1461 065D  
                     l1621 0223                       l1613 01E8                       l1605 01AD  
                     l1541 0591                       l1533 0581                       l1525 0574  
                     l2165 03D9                       l2157 03C3                       l2149 0396  
                     l2093 02EF                       l2085 02DA                       l2077 02C6  
                     l2069 02BD                       l1455 06E8                       l1711 06D2  
                     l1471 0678                       l1463 0663                       l1631 0270  
                     l1623 0235                       l1615 01FA                       l1607 01BF  
                     l1551 05AB                       l1543 0593                       l1535 0583  
                     l1527 0576                       l1519 056A                       l2167 03E9  
                     l2159 03C9                       l2095 02F5                       l2087 02DC  
                     l2079 02D5                       l1449 06D6                       l1713 06D4  
                     l1641 05D3                       l1473 067E                       l1465 0667  
                     l1457 0654                       l1481 050E                       l1633 0282  
                     l1625 0247                       l1617 020C                       l1609 01D1  
                     l1553 05B0                       l1545 0597                       l1537 0589  
                     l1529 057A                       l2097 02F8                       l2089 02E8  
                     l1707 06AF                       l1651 0607                       l1643 05E1  
                     l1467 066D                       l1459 0659                       l1491 053D  
                     l1483 051A                       l1635 0294                       l1627 0259  
                     l1619 021E                       l1571 0110                       l1563 0102  
                     l1547 05A6                       l1539 058C                       l1555 05B6  
                     l2099 02FF                       l1661 077D                       l1709 06CE  
                     l1653 060B                       l1645 05E7                       l1469 0670  
                     l1493 0546                       l1485 0528                       l1477 04F7  
                     l1637 0299                       l1629 025E                       l1581 0127  
                     l1573 0111                       l1565 010B                       l1557 05BB  
                     l1549 05AA                       l1663 0757                       l1647 05EB  
                     l1639 05C5                       l1495 054C                       l1487 052E  
                     l1479 0505                       l1591 0157                       l1575 0112  
                     l1567 010D                       l1559 05C0                       l1665 0765  
                     l1657 0619                       l1649 05F9                       l1497 0554  
                     l1489 0537                       l1593 0160                       l1585 0134  
                     l1577 0115                       l1569 010E                       l1659 076F  
                     l1499 055D                       l1595 0169                       l1587 0142  
                     l1579 0123                       l1597 0172                       l1589 014B  
                     l1599 0184                       l1995 03EE                       l1997 03F5  
                     l1999 0403                       u1000 0701                       u1010 0719  
                     u1020 0749                       u1100 05A6                       u1101 05A5  
                     u1030 0731                       u1200 01D1                       u1120 05B6  
                     u1040 056F                       u2000 031C                       u1201 01D0  
                     u1121 05B5                       u1105 05A2                       u1041 056E  
                     u2001 031B                       u1210 01E3                       u1130 05BB  
                     u1050 057A                       u2010 035F                       u1211 01E2  
                     u1131 05BA                       u1115 05AC                       u1051 0579  
                     u2011 035E                       u1300 0294                       u1220 01FA  
                     u1140 0123                       u1060 0589                       u2020 0381  
                     u1301 0293                       u1221 01F9                       u1205 01CD  
                     u1141 0122                       u1061 0588                       u2021 0380  
                     u1310 05D3                       u1230 020C                       u1150 013E  
                     u2030 038F                       u1311 05D2                       u1231 020B  
                     u1215 01DF                       u2031 038E                       u2015 035B  
                     u1320 05E1                       u1240 021E                       u1160 0184  
                     u1080 0597                       u2040 0395                       u1321 05E0  
                     u1305 0290                       u1241 021D                       u1225 01F6  
                     u1161 0183                       u1145 011F                       u1081 0596  
                     u2041 0394                       u2025 037D                       u1330 05E7  
                     u1250 0235                       u1170 0196                       u2050 03B5  
                     u1331 05E6                       u1315 05CF                       u1251 0234  
                     u1235 0208                       u1171 0195                       u1075 058D  
                     u2051 03B4                       u2107 039C                       u2035 038B  
                     u1340 05F9                       u1260 0247                       u1180 01A8  
                     u2060 03C3                       u1341 05F8                       u1325 05DD  
                     u1261 0246                       u1245 021A                       u1181 01A7  
                     u1165 0180                       u2117 03D0                       u2061 03C2  
                     _LATA 0016                       u1350 0607                       u1270 0259  
                     u1190 01BF                       u2070 03C9                       u1351 0606  
                     u1271 0258                       u1255 0231                       u1191 01BE  
                     u1175 0192                       u2127 012C                       u1095 0598  
                     u2071 03C8                       u2055 03B1                       u1360 0619  
                     u1280 0270                       u2080 03E9                       u1361 0618  
                     u1345 05F5                       u1281 026F                       u1265 0243  
                     u1185 01A4                       u2137 0150                       u2081 03E8  
                     u2065 03BF                       u1370 0779                       u1290 0282  
                     u1355 0603                       u2147 0513                       u1291 0281  
                     u1275 0255                       u1195 01BB                       u1380 0761  
                     u1365 0615                       u2157 0562                       u1285 026C  
                     u2085 03E5                       u2167 0673                       u1295 027E  
                     u2097 0367                       u1900 04A8                       u1901 04A7  
                     u1910 04BA                       u1911 04B9                       u1920 04D4  
                     u1840 03FF                       u1921 04D3                       u1905 04A4  
                     u1850 0444                       u1930 02D1                       u1915 04B6  
                     u1851 0443                       u1860 0452                       u1940 02DA  
                     u1925 04D0                       u1861 0451                       u1941 02D9  
                     u1870 0464                       u1950 02E7                       u1871 0463  
                     u1855 0440                       u1951 02E6                       u1880 047E  
                     u1960 02EF                       u1881 047D                       u1865 044E  
                     u1961 02EE                       u1890 049A                       u1970 02F5  
                     u1891 0499                       u1875 0460                       u1971 02F4  
                     u1980 02FF                       u1885 047A                       u1981 02FE  
                     u1990 030E                       u1895 0496                       u1991 030D  
              main@message 0047                       _main 029F                       fsr0h 0005  
                     fsr1h 0007                       indf0 0000                       fsr0l 0004  
                     indf1 0001                       fsr1l 0006                       btemp 007E  
                     start 00C0          _GetInfoController 06F7                 _GetInfoPCU 076F  
       ?_GetInfoController 0070                      ??_ISR 0070                      _ADACQ 009D  
      ??_GetInfoController 0077                      ?_main 0070                      _ADCLK 0098  
                    _ADPCH 009E            __end_of___awdiv 05C5            ___awdiv@divisor 0071  
                    i1l311 005A                      i1l322 00BE            ___awdiv@counter 0075  
                    _TRISA 0011                      _TRISB 0012                      _RXPPS 0ECB  
                    _motor 03EE                      btemp0 007E                      btemp1 007F  
         __end_of_SPISetup 06D6               main@vra_flag 0051                      status 0003  
                    wtemp0 007E  __end_of_GetInfoController 070F            __initialization 00C2  
             __end_of_main 03EE                 _SetPCUInfo 0757                     ??_main 0045  
              follow@right 0041                     _ADRESH 008D                     _ADRESL 008C  
         ___awdiv@dividend 0073                     ?_motor 0079                     _ANSELA 0F38  
                   _ANSELB 0F43                     _RC1REG 0119                     _RB3PPS 0F1B  
                   _RB5PPS 0F1D                     _RC6PPS 0F26                     i1l1811 0017  
                   i1l1821 0033                     i1l1813 001C                     i1l1831 0056  
                   i1l1823 003A                     i1l1815 0021                     i1l1807 000A  
                   i1l1833 0068                     i1l1841 007B                     i1l1825 003F  
                   i1l1817 0023                     i1l1809 000F                     i1l1843 008A  
                   i1l1851 009D                     i1l1835 006F                     i1l1827 0048  
                   i1l1819 002B                     i1l1853 00AC                     i1l1845 0091  
                   i1l1837 0072                     i1l1829 004D                     i1l1855 00B3  
                   i1l1847 0094                     i1l1839 0076                     i1l1857 00B6  
                   i1l1849 0098                     i1l1859 00BA                     u160_20 0048  
                   u160_21 0047                     u161_20 0056                     u161_21 0055  
                   u162_20 0068                     u162_21 0067                     u162_25 0064  
                   u163_20 006F                     u163_21 006E                     u164_20 008A  
                   u156_20 000F                     u164_21 0089                     u156_21 000E  
                   u164_25 0086                     u165_20 0091                     u157_20 0021  
                   u165_21 0090                     u157_21 0020                     u166_20 00AC  
                   u158_20 002B                     u166_21 00AB                     u158_21 002A  
                   u166_25 00A8                     u167_20 00B3                     u159_20 003A  
                   u167_21 00B2                     u159_21 0039                     _SPBRGH 011C  
                   _SPBRGL 011B                     _TX1REG 011A                ?_GetInfoPCU 0070  
                ??___awdiv 0075                 _ShootLaser 05C5                     _follow 0102  
                   _rd_adc 0653           ___awdiv@quotient 0077                     _sendit 06D6  
            ??_ShootAttack 0077              ??_ShootRepair 0077              ??_ShootShield 0077  
             __pdataCOMMON 007B                     ltemp0a 0080                     ttemp0a 007F  
                   wtemp0a 007F           __end_of_runmotor 056A    __end_of__initialization 00FE  
         SetPCUInfo@F11716 00B4               follow@F11747 013E             __pcstackCOMMON 0070  
             __pidataBANK0 0787               __pidataBANK1 061D               __pidataBANK2 0687  
            __end_of_motor 04F5                ?_SetPCUInfo 0070                  ?_SPISetup 0070  
        ShootAttack@F11739 00BD               follow@center 0043        __end_of_ShootAttack 0757  
                  ??_motor 007A        __end_of_ShootRepair 073F        __end_of_ShootShield 0727  
               __pbssBANK0 0052                 __pbssBANK1 00D6                 _data_index 005C  
           SetPCUInfo@data 0020                 __pmaintext 029F                 __pintentry 0004  
              ?_ShootLaser 0070                    ?_follow 0070                    ?_rd_adc 0071  
             rd_adc@select 0076                    ?_sendit 0071                 ??_SPISetup 0071  
        ShootAttack@tosend 0020               rd_adc@output 0074                    _SSP1ADD 018D  
                  _SSP1BUF 018C              GetInfoPCU@ask 0020                  _ADREFbits 009A  
              motor@F11724 0134               runmotor@stop 0020                    ___awdiv 056A  
                ?_runmotor 0070                    __ptext1 03EE                    __ptext2 056A  
                  __ptext3 0102                    __ptext4 04F5                    __ptext5 0653  
                  __ptext6 06F7                    __ptext7 05C5                    __ptext8 070F  
                  __ptext9 0727                _ShootAttack 073F                _ShootRepair 0727  
              _ShootShield 070F    GetInfoController@F11710 00CA                    clrloop0 0794  
              motor@ldirec 002C              _receive_ready 005A       end_of_initialization 00FE  
              motor@rdirec 002A                    init_ram 078D                    initloop 078E  
         _shield_code_flag 0065                    sendit@i 0075               ??_GetInfoPCU 0077  
               main@F11752 0120                 ??_runmotor 0077                  _PORTAbits 000C  
             GetUID@F11759 012A                  _TRISAbits 0011                  _TRISBbits 0012  
                _TRISCbits 0013         __end_of_GetInfoPCU 0787                _BAUDCONbits 011F  
             ??_SetPCUInfo 0077              __pidataCOMMON 0799             __end_of_follow 029F  
             _control_data 00D6             __end_of_rd_adc 0687             __end_of_sendit 06F7  
     GetInfoController@ask 0020             runmotor@F11740 00AA             runmotor@F11742 00A0  
      start_initialization 00C2                __end_of_ISR 00C0              sendit@it_size 0072  
               follow@blvl 079B                 follow@left 003F                 follow@stop 0035  
               follow@wlvl 079D         __end_of_SetPCUInfo 076F               ??_ShootLaser 0078  
              __pdataBANK0 0066                __pdataBANK1 00A0                __pdataBANK2 0120  
                 ??_follow 0079                   ??_rd_adc 0073             runmotor@select 0034  
                 ??_sendit 0074                  ___latbits 0002              __pcstackBANK0 0020  
       __end_of_ShootLaser 061D                  _data_size 007B                  _data_type 005E  
                 ?___awdiv 0071               ?_ShootAttack 0070               ?_ShootRepair 0070  
             ?_ShootShield 0070                runmotor@msg 002A               _receive_flag 0058  
                 _LATAbits 0016                   _LATCbits 0018                  clear_ram0 0793  
                 _PIE3bits 0719                   _PIR3bits 070F                   _SPISetup 06AF  
               _ADCON0bits 0093                   ___int_sp 0000                 _ANSELAbits 0F38  
               _ANSELBbits 0F43                 _ANSELCbits 0F4E                   __ptext10 073F  
                 __ptext11 0757                   __ptext12 06AF                   __ptext13 076F  
                 __ptext14 06D6               _SSP1CON1bits 0190                  motor@data 0079  
               _RC1STAbits 011D                   int$flags 007E               _SSP1STATbits 018F  
                 _runmotor 04F5                 _INTCONbits 000B                   intlevel1 0000  
        ShootRepair@F11742 00D0           _repair_code_flag 0064                   sendit@it 0071  
                 motor@msg 0020                   motor@mly 0030                   motor@mry 002E  
            __pstringtext1 079B              __pstringtext2 079D                 _SSP1DATPPS 0EC6  
        ShootRepair@tosend 0020                 _TX1STAbits 011E          ShootShield@F11736 0066  
         GetInfoPCU@F11713 00C4  
